{
	"parent": "item/crossbow",
	"textures": {
	  	"layer0": "custom:item/geweer/geweer4"
	},
	"display": {
		"thirdperson_righthand": {"rotation": [ 0, -84, 15 ],"translation": [ -1, 0, -3 ],"scale": [ 0.9, 0.9, 0.9 ]},
		"thirdperson_lefthand": {"rotation": [ 0, 84, -15 ],"translation": [ -1, 0, -3 ],"scale": [ 0.9, 0.9, 0.9 ]},
		"firstperson_righthand": {"rotation": [ 25, -88, 15 ],"translation": [ 2.5, 3.2, 1.13],"scale": [ 0.68, 0.68, 0.68 ]},
		"firstperson_lefthand": {"rotation": [ 25, 88, -15 ],"translation": [ 2.5, 3.2, 1.13],"scale": [ 0.68, 0.68, 0.68 ]}
	}
}