{
	"credit": "Made with Blockbench",
	"texture_size": [128, 128],
	"textures": {
		"0": "custom:item/ice",
		"particle": "custom:item/ice"
	},
	"elements": [
		{
			"from": [-1, 1, 3],
			"to": [0, 6, 14],
			"rotation": {"angle": 0, "axis": "y", "origin": [-2, 0, 3]},
			"faces": {
				"north": {"uv": [4.5, 8.375, 4.625, 9.125], "texture": "#0"},
				"east": {"uv": [4.375, 7.25, 5.75, 8], "texture": "#0"},
				"south": {"uv": [4.625, 8.375, 4.75, 9.125], "texture": "#0"},
				"west": {"uv": [5.75, 7.25, 7.125, 8], "texture": "#0"},
				"up": {"uv": [6.5, 9.5, 6.375, 8.125], "texture": "#0"},
				"down": {"uv": [6.625, 8.125, 6.5, 9.5], "texture": "#0"}
			}
		},
		{
			"from": [-1, 6, 7],
			"to": [0, 7, 12],
			"rotation": {"angle": 0, "axis": "y", "origin": [-2, 0, 3]},
			"faces": {
				"north": {"uv": [8.75, 6.75, 8.875, 6.875], "texture": "#0"},
				"east": {"uv": [5.125, 8.5, 5.75, 8.625], "texture": "#0"},
				"south": {"uv": [8.75, 6.875, 8.875, 7], "texture": "#0"},
				"west": {"uv": [0, 8.625, 0.625, 8.75], "texture": "#0"},
				"up": {"uv": [0.75, 9.25, 0.625, 8.625], "texture": "#0"},
				"down": {"uv": [0.875, 8.625, 0.75, 9.25], "texture": "#0"}
			}
		},
		{
			"from": [16, 1, 3],
			"to": [17, 14, 14],
			"rotation": {"angle": 0, "axis": "y", "origin": [15, 0, 3]},
			"faces": {
				"north": {"uv": [3, 8, 3.125, 9.75], "texture": "#0"},
				"east": {"uv": [1.75, 6.25, 3.125, 8], "texture": "#0"},
				"south": {"uv": [8, 4.5, 8.125, 6.25], "texture": "#0"},
				"west": {"uv": [6.25, 1.75, 7.625, 3.5], "texture": "#0"},
				"up": {"uv": [2, 9.625, 1.875, 8.25], "texture": "#0"},
				"down": {"uv": [2.125, 8.25, 2, 9.625], "texture": "#0"}
			}
		},
		{
			"from": [16, 14, 6],
			"to": [17, 16, 13],
			"rotation": {"angle": 0, "axis": "y", "origin": [15, 0, 3]},
			"faces": {
				"north": {"uv": [0.125, 8.75, 0.25, 9], "texture": "#0"},
				"east": {"uv": [3.125, 6.25, 4, 6.5], "texture": "#0"},
				"south": {"uv": [0.25, 8.75, 0.375, 9], "texture": "#0"},
				"west": {"uv": [8, 6.25, 8.875, 6.5], "texture": "#0"},
				"up": {"uv": [2.75, 9.125, 2.625, 8.25], "texture": "#0"},
				"down": {"uv": [2.875, 8.25, 2.75, 9.125], "texture": "#0"}
			}
		},
		{
			"from": [16, 1, 2],
			"to": [17, 5, 3],
			"rotation": {"angle": 0, "axis": "y", "origin": [15, 0, 3]},
			"faces": {
				"north": {"uv": [0.875, 8.625, 1, 9.25], "texture": "#0"},
				"east": {"uv": [1, 8.625, 1.125, 9.25], "texture": "#0"},
				"south": {"uv": [1.125, 8.625, 1.25, 9.25], "texture": "#0"},
				"west": {"uv": [1.25, 8.625, 1.375, 9.25], "texture": "#0"},
				"up": {"uv": [7.25, 8.875, 7.125, 8.75], "texture": "#0"},
				"down": {"uv": [7.375, 8.75, 7.25, 8.875], "texture": "#0"}
			}
		},
		{
			"from": [0, 1, 0],
			"to": [16, 25, 16],
			"faces": {
				"north": {"uv": [0, 0, 2, 3.125], "texture": "#0"},
				"east": {"uv": [2, 0, 4, 3.125], "texture": "#0"},
				"south": {"uv": [0, 3.125, 2, 6.25], "texture": "#0"},
				"west": {"uv": [2, 3.125, 4, 6.25], "texture": "#0"},
				"up": {"uv": [6, 6.5, 4, 4.5], "texture": "#0"},
				"down": {"uv": [8, 4.5, 6, 6.5], "texture": "#0"}
			}
		},
		{
			"from": [1, 25, 1],
			"to": [15, 31, 15],
			"faces": {
				"north": {"uv": [6.25, 3.5, 8, 4.25], "texture": "#0"},
				"east": {"uv": [3.125, 6.5, 4.875, 7.25], "texture": "#0"},
				"south": {"uv": [4.875, 6.5, 6.625, 7.25], "texture": "#0"},
				"west": {"uv": [6.625, 6.5, 8.375, 7.25], "texture": "#0"},
				"up": {"uv": [1.75, 8, 0, 6.25], "texture": "#0"},
				"down": {"uv": [8, 0, 6.25, 1.75], "texture": "#0"}
			}
		},
		{
			"from": [4, 31, 4],
			"to": [10, 32, 14],
			"faces": {
				"north": {"uv": [8.375, 2.375, 9.125, 2.5], "texture": "#0"},
				"east": {"uv": [8.25, 5.25, 9.5, 5.375], "texture": "#0"},
				"south": {"uv": [8.375, 2.5, 9.125, 2.625], "texture": "#0"},
				"west": {"uv": [8.25, 5.375, 9.5, 5.5], "texture": "#0"},
				"up": {"uv": [7.875, 8.5, 7.125, 7.25], "texture": "#0"},
				"down": {"uv": [8.375, 1.75, 7.625, 3], "texture": "#0"}
			}
		},
		{
			"from": [10, 31, 5],
			"to": [11, 32, 11],
			"faces": {
				"north": {"uv": [7.375, 8.75, 7.5, 8.875], "texture": "#0"},
				"east": {"uv": [8.375, 2.625, 9.125, 2.75], "texture": "#0"},
				"south": {"uv": [7.5, 8.75, 7.625, 8.875], "texture": "#0"},
				"west": {"uv": [8.375, 2.75, 9.125, 2.875], "texture": "#0"},
				"up": {"uv": [4.875, 9.125, 4.75, 8.375], "texture": "#0"},
				"down": {"uv": [5, 8.375, 4.875, 9.125], "texture": "#0"}
			}
		},
		{
			"from": [3, 31, 6],
			"to": [4, 32, 12],
			"rotation": {"angle": 0, "axis": "y", "origin": [-7, 0, 1]},
			"faces": {
				"north": {"uv": [7.625, 8.75, 7.75, 8.875], "texture": "#0"},
				"east": {"uv": [8.375, 2.875, 9.125, 3], "texture": "#0"},
				"south": {"uv": [8.75, 7.75, 8.875, 7.875], "texture": "#0"},
				"west": {"uv": [5, 8.375, 5.75, 8.5], "texture": "#0"},
				"up": {"uv": [5.875, 9.125, 5.75, 8.375], "texture": "#0"},
				"down": {"uv": [6, 8.375, 5.875, 9.125], "texture": "#0"}
			}
		},
		{
			"from": [4, 25, 0],
			"to": [11, 29, 1],
			"faces": {
				"north": {"uv": [8, 0, 8.875, 0.5], "texture": "#0"},
				"east": {"uv": [8.625, 7.75, 8.75, 8.25], "texture": "#0"},
				"south": {"uv": [8, 0.5, 8.875, 1], "texture": "#0"},
				"west": {"uv": [7.875, 8.625, 8, 9.125], "texture": "#0"},
				"up": {"uv": [9.25, 2, 8.375, 1.875], "texture": "#0"},
				"down": {"uv": [9.25, 2, 8.375, 2.125], "texture": "#0"}
			}
		},
		{
			"from": [11, 25, 0],
			"to": [14, 27, 1],
			"faces": {
				"north": {"uv": [8.375, 6.5, 8.75, 6.75], "texture": "#0"},
				"east": {"uv": [0.375, 8.75, 0.5, 9], "texture": "#0"},
				"south": {"uv": [8.375, 6.75, 8.75, 7], "texture": "#0"},
				"west": {"uv": [0.5, 8.75, 0.625, 9], "texture": "#0"},
				"up": {"uv": [8.625, 8.75, 8.25, 8.625], "texture": "#0"},
				"down": {"uv": [9, 8.25, 8.625, 8.375], "texture": "#0"}
			}
		},
		{
			"from": [4, 25, 15],
			"to": [14, 29, 16],
			"rotation": {"angle": 0, "axis": "y", "origin": [0, 0, 15]},
			"faces": {
				"north": {"uv": [7.625, 3, 8.875, 3.5], "texture": "#0"},
				"east": {"uv": [8, 8.625, 8.125, 9.125], "texture": "#0"},
				"south": {"uv": [7.875, 7.25, 9.125, 7.75], "texture": "#0"},
				"west": {"uv": [8.125, 8.625, 8.25, 9.125], "texture": "#0"},
				"up": {"uv": [9.5, 5.625, 8.25, 5.5], "texture": "#0"},
				"down": {"uv": [9.5, 5.625, 8.25, 5.75], "texture": "#0"}
			}
		},
		{
			"from": [7, 29, 15],
			"to": [13, 30, 16],
			"rotation": {"angle": 0, "axis": "y", "origin": [0, 0, 15]},
			"faces": {
				"north": {"uv": [8.375, 7, 9.125, 7.125], "texture": "#0"},
				"east": {"uv": [8.75, 7.875, 8.875, 8], "texture": "#0"},
				"south": {"uv": [8.375, 7.125, 9.125, 7.25], "texture": "#0"},
				"west": {"uv": [8.75, 8, 8.875, 8.125], "texture": "#0"},
				"up": {"uv": [8.625, 8.5, 7.875, 8.375], "texture": "#0"},
				"down": {"uv": [1.5, 8.5, 0.75, 8.625], "texture": "#0"}
			}
		},
		{
			"from": [15, 25, 3],
			"to": [16, 27, 14],
			"rotation": {"angle": 0, "axis": "y", "origin": [2, 0, 15]},
			"faces": {
				"north": {"uv": [5.125, 8.75, 5.25, 9], "texture": "#0"},
				"east": {"uv": [8, 1.375, 9.375, 1.625], "texture": "#0"},
				"south": {"uv": [5.25, 8.75, 5.375, 9], "texture": "#0"},
				"west": {"uv": [8, 3.5, 9.375, 3.75], "texture": "#0"},
				"up": {"uv": [2.25, 9.625, 2.125, 8.25], "texture": "#0"},
				"down": {"uv": [2.375, 8.25, 2.25, 9.625], "texture": "#0"}
			}
		},
		{
			"from": [15, 27, 4],
			"to": [16, 28, 11],
			"rotation": {"angle": 0, "axis": "y", "origin": [2, 0, 15]},
			"faces": {
				"north": {"uv": [8.75, 8.125, 8.875, 8.25], "texture": "#0"},
				"east": {"uv": [8.375, 2.125, 9.25, 2.25], "texture": "#0"},
				"south": {"uv": [8.25, 8.75, 8.375, 8.875], "texture": "#0"},
				"west": {"uv": [8.375, 2.25, 9.25, 2.375], "texture": "#0"},
				"up": {"uv": [3, 9.125, 2.875, 8.25], "texture": "#0"},
				"down": {"uv": [4.5, 8.375, 4.375, 9.25], "texture": "#0"}
			}
		},
		{
			"from": [0, 25, 1],
			"to": [1, 27, 14],
			"rotation": {"angle": 0, "axis": "y", "origin": [-13, 0, 15]},
			"faces": {
				"north": {"uv": [5.375, 8.75, 5.5, 9], "texture": "#0"},
				"east": {"uv": [6.25, 4.25, 7.875, 4.5], "texture": "#0"},
				"south": {"uv": [5.5, 8.75, 5.625, 9], "texture": "#0"},
				"west": {"uv": [7.875, 4.25, 9.5, 4.5], "texture": "#0"},
				"up": {"uv": [7, 9.625, 6.875, 8], "texture": "#0"},
				"down": {"uv": [7.125, 8, 7, 9.625], "texture": "#0"}
			}
		},
		{
			"from": [0, 27, 4],
			"to": [1, 29, 13],
			"rotation": {"angle": 0, "axis": "y", "origin": [-13, 0, 15]},
			"faces": {
				"north": {"uv": [5.625, 8.75, 5.75, 9], "texture": "#0"},
				"east": {"uv": [1.875, 8, 3, 8.25], "texture": "#0"},
				"south": {"uv": [8.75, 6.5, 8.875, 6.75], "texture": "#0"},
				"west": {"uv": [8, 3.75, 9.125, 4], "texture": "#0"},
				"up": {"uv": [2.5, 9.375, 2.375, 8.25], "texture": "#0"},
				"down": {"uv": [2.625, 8.25, 2.5, 9.375], "texture": "#0"}
			}
		},
		{
			"from": [3, 1, -1],
			"to": [8, 14, 0],
			"faces": {
				"north": {"uv": [3.125, 7.25, 3.75, 9], "texture": "#0"},
				"east": {"uv": [6.625, 8, 6.75, 9.75], "texture": "#0"},
				"south": {"uv": [3.75, 7.25, 4.375, 9], "texture": "#0"},
				"west": {"uv": [6.75, 8, 6.875, 9.75], "texture": "#0"},
				"up": {"uv": [5.75, 8.75, 5.125, 8.625], "texture": "#0"},
				"down": {"uv": [7.75, 8.625, 7.125, 8.75], "texture": "#0"}
			}
		},
		{
			"from": [8, 1, -1],
			"to": [9, 6, 0],
			"faces": {
				"north": {"uv": [1.5, 8.5, 1.625, 9.25], "texture": "#0"},
				"east": {"uv": [1.625, 8.5, 1.75, 9.25], "texture": "#0"},
				"south": {"uv": [1.75, 8.5, 1.875, 9.25], "texture": "#0"},
				"west": {"uv": [5, 8.5, 5.125, 9.25], "texture": "#0"},
				"up": {"uv": [8.5, 8.875, 8.375, 8.75], "texture": "#0"},
				"down": {"uv": [8.875, 8.375, 8.75, 8.5], "texture": "#0"}
			}
		},
		{
			"from": [5, 1, 16],
			"to": [14, 3, 17],
			"rotation": {"angle": 0, "axis": "y", "origin": [0, 0, 17]},
			"faces": {
				"north": {"uv": [0.75, 8, 1.875, 8.375], "texture": "#0"},
				"east": {"uv": [8.625, 8.375, 8.75, 8.75], "texture": "#0"},
				"south": {"uv": [8, 1, 9.125, 1.375], "texture": "#0"},
				"west": {"uv": [0, 8.75, 0.125, 9.125], "texture": "#0"},
				"up": {"uv": [9.375, 5.875, 8.25, 5.75], "texture": "#0"},
				"down": {"uv": [9.375, 5.875, 8.25, 6], "texture": "#0"}
			}
		},
		{
			"from": [6, 3, 16],
			"to": [12, 8, 17],
			"rotation": {"angle": 0, "axis": "y", "origin": [0, 0, 17]},
			"faces": {
				"north": {"uv": [7.875, 7.75, 8.625, 8.375], "texture": "#0"},
				"east": {"uv": [1.375, 8.625, 1.5, 9.25], "texture": "#0"},
				"south": {"uv": [0, 8, 0.75, 8.625], "texture": "#0"},
				"west": {"uv": [7.75, 8.625, 7.875, 9.25], "texture": "#0"},
				"up": {"uv": [7.875, 8.625, 7.125, 8.5], "texture": "#0"},
				"down": {"uv": [8.625, 8.5, 7.875, 8.625], "texture": "#0"}
			}
		},
		{
			"from": [-1, 0, -1],
			"to": [17, 1, 17],
			"faces": {
				"north": {"uv": [8, 1.625, 10.25, 1.75], "texture": "#0"},
				"east": {"uv": [8, 4, 10.25, 4.125], "texture": "#0"},
				"south": {"uv": [8, 4.125, 10.25, 4.25], "texture": "#0"},
				"west": {"uv": [4.375, 8, 6.625, 8.125], "texture": "#0"},
				"up": {"uv": [6.25, 2.25, 4, 0], "texture": "#0"},
				"down": {"uv": [6.25, 2.25, 4, 4.5], "texture": "#0"}
			}
		},
		{
			"from": [17, 0, 2],
			"to": [18, 1, 15],
			"rotation": {"angle": 0, "axis": "y", "origin": [14, 0, 0]},
			"faces": {
				"north": {"uv": [8.5, 8.75, 8.625, 8.875], "texture": "#0"},
				"east": {"uv": [4.375, 8.125, 6, 8.25], "texture": "#0"},
				"south": {"uv": [8.75, 8.5, 8.875, 8.625], "texture": "#0"},
				"west": {"uv": [8.125, 4.5, 9.75, 4.625], "texture": "#0"},
				"up": {"uv": [8.25, 6.25, 8.125, 4.625], "texture": "#0"},
				"down": {"uv": [6.125, 8.125, 6, 9.75], "texture": "#0"}
			}
		},
		{
			"from": [-2, 0, 2],
			"to": [-1, 1, 15],
			"rotation": {"angle": 0, "axis": "y", "origin": [2, 0, 0]},
			"faces": {
				"north": {"uv": [8.625, 8.75, 8.75, 8.875], "texture": "#0"},
				"east": {"uv": [4.375, 8.25, 6, 8.375], "texture": "#0"},
				"south": {"uv": [8.75, 8.625, 8.875, 8.75], "texture": "#0"},
				"west": {"uv": [8.25, 4.625, 9.875, 4.75], "texture": "#0"},
				"up": {"uv": [6.25, 9.75, 6.125, 8.125], "texture": "#0"},
				"down": {"uv": [6.375, 8.125, 6.25, 9.75], "texture": "#0"}
			}
		},
		{
			"from": [5, 0, 17],
			"to": [14, 1, 18],
			"rotation": {"angle": 0, "axis": "y", "origin": [0, 0, -2]},
			"faces": {
				"north": {"uv": [8.25, 6, 9.375, 6.125], "texture": "#0"},
				"east": {"uv": [8.75, 8.75, 8.875, 8.875], "texture": "#0"},
				"south": {"uv": [8.25, 6.125, 9.375, 6.25], "texture": "#0"},
				"west": {"uv": [8.875, 0, 9, 0.125], "texture": "#0"},
				"up": {"uv": [1.875, 8.5, 0.75, 8.375], "texture": "#0"},
				"down": {"uv": [9.5, 1.75, 8.375, 1.875], "texture": "#0"}
			}
		},
		{
			"from": [2, 0, -2],
			"to": [13, 1, -1],
			"rotation": {"angle": 0, "axis": "y", "origin": [-4, 0, -21]},
			"faces": {
				"north": {"uv": [8.25, 4.75, 9.625, 4.875], "texture": "#0"},
				"east": {"uv": [8.875, 0.125, 9, 0.25], "texture": "#0"},
				"south": {"uv": [8.25, 4.875, 9.625, 5], "texture": "#0"},
				"west": {"uv": [8.875, 0.25, 9, 0.375], "texture": "#0"},
				"up": {"uv": [9.625, 5.125, 8.25, 5], "texture": "#0"},
				"down": {"uv": [9.625, 5.125, 8.25, 5.25], "texture": "#0"}
			}
		}
	],
	"display": {
		"thirdperson_righthand": {
			"scale": [0.2, 0.2, 0.2]
		},
		"thirdperson_lefthand": {
			"scale": [0.2, 0.2, 0.2]
		},
		"firstperson_righthand": {
			"translation": [4, 0, 0],
			"scale": [0.2, 0.2, 0.2]
		},
		"firstperson_lefthand": {
			"translation": [4, 0, 0],
			"scale": [0.2, 0.2, 0.2]
		},
		"ground": {
			"scale": [0.5, 0.5, 0.5]
		},
		"gui": {
			"translation": [0, -4, 0],
			"scale": [0.5, 0.5, 0.5]
		},
		"head": {
			"translation": [0, -31.75, 0],
			"scale": [1.8, 1.8, 1.8]
		},
		"fixed": {
			"rotation": [-90, 0, 0],
			"translation": [0, 0, -10],
			"scale": [1.25, 1.25, 1.25]
		}
	},
	"groups": [
		{
			"name": "group",
			"origin": [-2, 0, 3],
			"color": 0,
			"children": [0, 1, 2, 3, 4, 5, 6, 7, 8, 9, 10, 11, 12, 13, 14, 15, 16, 17, 18, 19, 20, 21, 22, 23, 24, 25, 26]
		}
	]
}