{
    "parent": "block/carved_pumpkin",
    "textures": {
        "layer0": "item/carved_pumpkin"
    },
 
    "overrides": [
		{"predicate": {"custom_model_data":1}, "model": "custom:item/hoedjes/makikroon"},
		{"predicate": {"custom_model_data":2}, "model": "custom:item/hoedjes/helmen/helm1"},
		{"predicate": {"custom_model_data":3}, "model": "custom:item/hoedjes/helmen/helm2"},
		{"predicate": {"custom_model_data":4}, "model": "custom:item/hoedjes/helmen/bouwvakker"},
		{"predicate": {"custom_model_data":5}, "model": "custom:item/hoedjes/petten/groen"},
		{"predicate": {"custom_model_data":6}, "model": "custom:item/hoedjes/petten/geel"},
		{"predicate": {"custom_model_data":7}, "model": "custom:item/hoedjes/petten/oranje"},
		{"predicate": {"custom_model_data":8}, "model": "custom:item/hoedjes/petten/rood"},
		{"predicate": {"custom_model_data":9}, "model": "custom:item/hoedjes/petten/paars"},
		{"predicate": {"custom_model_data":10}, "model": "custom:item/hoedjes/petten/blauw"},
		{"predicate": {"custom_model_data":11}, "model": "custom:item/hoedjes/brillen/grote_bril"},
		{"predicate": {"custom_model_data":12}, "model": "custom:item/hoedjes/brillen/zonnebril"},
		{"predicate": {"custom_model_data":13}, "model": "custom:item/hoedjes/brillen/neusbril"},
		{"predicate": {"custom_model_data":14}, "model": "custom:item/hoedjes/pruiken/graaf_lang"},
		{"predicate": {"custom_model_data":15}, "model": "custom:item/hoedjes/pruiken/graaf_kort"},
		{"predicate": {"custom_model_data":16}, "model": "custom:item/hoedjes/pruiken/gepoederde"},
		{"predicate": {"custom_model_data":17}, "model": "custom:item/hoedjes/pruiken/graaf_lang_hoed"},
		{"predicate": {"custom_model_data":18}, "model": "custom:item/hoedjes/pruiken/graaf_kort_hoed"},
		{"predicate": {"custom_model_data":19}, "model": "custom:item/hoedjes/pruiken/gepoederde_hoed"},
		{"predicate": {"custom_model_data":20}, "model": "custom:item/hoedjes/piraten/standaard"},
		{"predicate": {"custom_model_data":21}, "model": "custom:item/hoedjes/piraten/driesteek"},
		{"predicate": {"custom_model_data":22}, "model": "custom:item/borden/tycho_bord"},
		{"predicate": {"custom_model_data":23}, "model": "custom:item/schilderijen/schilderij1"},
		{"predicate": {"custom_model_data":24}, "model": "custom:item/schilderijen/schilderij2"},
		{"predicate": {"custom_model_data":25}, "model": "custom:item/schilderijen/schilderij3"},
		{"predicate": {"custom_model_data":26}, "model": "custom:item/schilderijen/schilderij4"},
		{"predicate": {"custom_model_data":27}, "model": "custom:item/schilderijen/schilderij5"},
		{"predicate": {"custom_model_data":28}, "model": "custom:item/mario/toad_hoeden/rood"},
		{"predicate": {"custom_model_data":29}, "model": "custom:item/mario/toad_hoeden/blauw"},
		{"predicate": {"custom_model_data":30}, "model": "custom:item/mario/toad_hoeden/geel"},
		{"predicate": {"custom_model_data":31}, "model": "custom:item/mario/toad_hoeden/groen"},
		{"predicate": {"custom_model_data":32}, "model": "custom:item/mario/toad_hoeden/paars"},
		{"predicate": {"custom_model_data":33}, "model": "custom:item/schilderijen/schilderij6"},
		{"predicate": {"custom_model_data":34}, "model": "custom:item/schilderijen/schilderij7"},
		{"predicate": {"custom_model_data":35}, "model": "custom:item/schilderijen/schilderij8"},
		{"predicate": {"custom_model_data":36}, "model": "custom:item/mario/pet_mario"},
		{"predicate": {"custom_model_data":37}, "model": "custom:item/mario/pet_luigi"},
		{"predicate": {"custom_model_data":38}, "model": "custom:item/mario/power_ups/super_mushroom"},
		{"predicate": {"custom_model_data":39}, "model": "custom:item/mario/power_ups/1-up_mushroom"},
		{"predicate": {"custom_model_data":40}, "model": "custom:item/mario/power_ups/fire_flower"},
		{"predicate": {"custom_model_data":41}, "model": "custom:item/mario/power_ups/ice_flower"},
		{"predicate": {"custom_model_data":42}, "model": "custom:item/mario/power_ups/super_star"},
		{"predicate": {"custom_model_data":43}, "model": "custom:item/mario/power_ups/mini_mushroom"},
		{"predicate": {"custom_model_data":44}, "model": "custom:item/mario/power_ups/propeller_mushroom"},
		{"predicate": {"custom_model_data":45}, "model": "custom:item/mario/power_ups/super_acorn"},
		{"predicate": {"custom_model_data":46}, "model": "custom:item/mario/power_ups/super_leaf"},
		{"predicate": {"custom_model_data":47}, "model": "custom:item/mario/power_ups/super_bell"},
		{"predicate": {"custom_model_data":48}, "model": "custom:item/mario/power_ups/boomerang_flower"},
		{"predicate": {"custom_model_data":49}, "model": "custom:item/mario/power_ups/drill_mushroom"},
		{"predicate": {"custom_model_data":50}, "model": "custom:item/mario/power_ups/penguin_suit"},
		{"predicate": {"custom_model_data":51}, "model": "custom:item/mario/power_ups/mega_mushroom"},
		{"predicate": {"custom_model_data":52}, "model": "custom:item/ice"},
		{"predicate": {"custom_model_data":53}, "model": "custom:item/schilderijen/schilderij9"},

		{"predicate": {"custom_model_data":54}, "model": "custom:item/molens/molen"},
		{"predicate": {"custom_model_data":55}, "model": "custom:item/molens/windmolen"},
		{"predicate": {"custom_model_data":56}, "model": "custom:item/molens/wipmolens/rood"}
    ]
}