{
	"credit": "Made with Blockbench",
	"texture_size": [32, 32],
	"textures": {
		"0": "custom:item/mario/power_ups/1-up_mushroom",
		"particle": "custom:item/mario/power_ups/1-up_mushroom"
	},
	"elements": [
		{
			"from": [6.5, 0, 6.5],
			"to": [9.5, 0.5, 9.5],
			"rotation": {"angle": 0, "axis": "y", "origin": [8, 0.875, 8]},
			"faces": {
				"north": {"uv": [12.5, 4.5, 14, 5], "texture": "#0"},
				"east": {"uv": [9.5, 4, 11, 4.5], "texture": "#0"},
				"south": {"uv": [9.5, 4.5, 11, 5], "texture": "#0"},
				"west": {"uv": [9.5, 5, 11, 5.5], "texture": "#0"},
				"up": {"uv": [11.5, 8.5, 10, 7], "texture": "#0"},
				"down": {"uv": [10, 10, 8.5, 11.5], "texture": "#0"}
			}
		},
		{
			"from": [6, 0.5, 6.5],
			"to": [10, 2.5, 9.5],
			"rotation": {"angle": 0, "axis": "y", "origin": [8, 0.875, 8]},
			"faces": {
				"north": {"uv": [10, 3, 12, 4], "texture": "#0"},
				"east": {"uv": [4, 10.5, 5.5, 11.5], "texture": "#0"},
				"south": {"uv": [10, 8.5, 12, 9.5], "texture": "#0"},
				"west": {"uv": [10, 10.5, 11.5, 11.5], "texture": "#0"},
				"up": {"uv": [6.5, 9, 4.5, 7.5], "texture": "#0"},
				"down": {"uv": [8.5, 8, 6.5, 9.5], "texture": "#0"}
			}
		},
		{
			"from": [6.5, 0.5, 6],
			"to": [9.5, 2.5, 10],
			"rotation": {"angle": 0, "axis": "y", "origin": [8, 0.875, 8]},
			"faces": {
				"north": {"uv": [0, 14, 3, 16], "texture": "#0"},
				"east": {"uv": [10, 9.5, 12, 10.5], "texture": "#0"},
				"south": {"uv": [11, 4, 12.5, 5], "texture": "#0"},
				"west": {"uv": [0, 10.5, 2, 11.5], "texture": "#0"},
				"up": {"uv": [10, 4, 8.5, 2], "texture": "#0"},
				"down": {"uv": [10, 8, 8.5, 10], "texture": "#0"}
			}
		},
		{
			"from": [5.5, 1.5, 6],
			"to": [10.5, 5, 12],
			"rotation": {"angle": 22.5, "axis": "x", "origin": [8, 4.3125, 9]},
			"faces": {
				"north": {"uv": [0, 5, 2.5, 7], "texture": "#0"},
				"east": {"uv": [0, 3, 3, 5], "texture": "#0"},
				"south": {"uv": [5, 0, 7.5, 2], "texture": "#0"},
				"west": {"uv": [3, 3, 6, 5], "texture": "#0"},
				"up": {"uv": [2.5, 3, 0, 0], "texture": "#0"},
				"down": {"uv": [5, 0, 2.5, 3], "texture": "#0"}
			}
		},
		{
			"from": [6, 1.25, 6.25],
			"to": [10, 1.5, 11.25],
			"rotation": {"angle": 22.5, "axis": "x", "origin": [8, 3.8125, 9]},
			"faces": {
				"north": {"uv": [11, 5.5, 13, 6], "texture": "#0"},
				"east": {"uv": [11, 5, 13.5, 5.5], "texture": "#0"},
				"south": {"uv": [11, 6, 13, 6.5], "texture": "#0"},
				"west": {"uv": [5.5, 11, 8, 11.5], "texture": "#0"},
				"up": {"uv": [4.5, 7.5, 2.5, 5], "texture": "#0"},
				"down": {"uv": [6.5, 5, 4.5, 7.5], "texture": "#0"}
			}
		},
		{
			"from": [10, 1.25, 6.75],
			"to": [10.45, 1.5, 10.75],
			"rotation": {"angle": 22.5, "axis": "x", "origin": [7.85, 3.8125, 9]},
			"faces": {
				"north": {"uv": [5, 2, 5.5, 2.5], "texture": "#0"},
				"east": {"uv": [11, 6.5, 13, 7], "texture": "#0"},
				"south": {"uv": [5, 2.5, 5.5, 3], "texture": "#0"},
				"west": {"uv": [11.5, 0, 13.5, 0.5], "texture": "#0"},
				"up": {"uv": [1.5, 13.5, 1, 11.5], "texture": "#0"},
				"down": {"uv": [2, 11.5, 1.5, 13.5], "texture": "#0"}
			}
		},
		{
			"from": [5, 1.5, 6.5],
			"to": [5.5, 5, 11.5],
			"rotation": {"angle": 22.5, "axis": "x", "origin": [8, 4.3125, 9]},
			"faces": {
				"north": {"uv": [4, 11.5, 4.5, 13.5], "texture": "#0"},
				"east": {"uv": [6, 2, 8.5, 4], "texture": "#0"},
				"south": {"uv": [4.5, 11.5, 5, 13.5], "texture": "#0"},
				"west": {"uv": [6.5, 4, 9, 6], "texture": "#0"},
				"up": {"uv": [4, 13.5, 3.5, 11], "texture": "#0"},
				"down": {"uv": [8.5, 11, 8, 13.5], "texture": "#0"}
			}
		},
		{
			"from": [6, 5, 7],
			"to": [10, 5.75, 11],
			"rotation": {"angle": 22.5, "axis": "x", "origin": [8, 4.3125, 9]},
			"faces": {
				"north": {"uv": [11.5, 0.5, 13.5, 1], "texture": "#0"},
				"east": {"uv": [11.5, 1, 13.5, 1.5], "texture": "#0"},
				"south": {"uv": [5, 11.5, 7, 12], "texture": "#0"},
				"west": {"uv": [11.5, 7, 13.5, 7.5], "texture": "#0"},
				"up": {"uv": [12, 15, 8.5, 11.5], "texture": "#0"},
				"down": {"uv": [4.5, 7.5, 2.5, 9.5], "texture": "#0"}
			}
		},
		{
			"from": [5.5, 5, 7],
			"to": [6, 5.5, 11],
			"rotation": {"angle": 22.5, "axis": "x", "origin": [8, 4.3125, 9]},
			"faces": {
				"north": {"uv": [5.5, 2, 6, 2.5], "texture": "#0"},
				"east": {"uv": [11.5, 7.5, 13.5, 8], "texture": "#0"},
				"south": {"uv": [5.5, 2.5, 6, 3], "texture": "#0"},
				"west": {"uv": [11.5, 8, 13.5, 8.5], "texture": "#0"},
				"up": {"uv": [7.5, 13.5, 7, 11.5], "texture": "#0"},
				"down": {"uv": [8, 11.5, 7.5, 13.5], "texture": "#0"}
			}
		},
		{
			"from": [6, 5, 11],
			"to": [10, 5.5, 11.5],
			"rotation": {"angle": 22.5, "axis": "x", "origin": [8, 4.3125, 9]},
			"faces": {
				"north": {"uv": [6.5, 9.5, 8.5, 10], "texture": "#0"},
				"east": {"uv": [6, 4, 6.5, 4.5], "texture": "#0"},
				"south": {"uv": [6.5, 10.5, 8.5, 11], "texture": "#0"},
				"west": {"uv": [6, 4.5, 6.5, 5], "texture": "#0"},
				"up": {"uv": [13.5, 11, 11.5, 10.5], "texture": "#0"},
				"down": {"uv": [13.5, 11, 11.5, 11.5], "texture": "#0"}
			}
		},
		{
			"from": [6, 5, 6.5],
			"to": [10, 5.5, 7],
			"rotation": {"angle": 22.5, "axis": "x", "origin": [8, 4.3125, 9]},
			"faces": {
				"north": {"uv": [12, 1.5, 14, 2], "texture": "#0"},
				"east": {"uv": [2, 9, 2.5, 9.5], "texture": "#0"},
				"south": {"uv": [12, 2, 14, 2.5], "texture": "#0"},
				"west": {"uv": [9, 7, 9.5, 7.5], "texture": "#0"},
				"up": {"uv": [14, 3, 12, 2.5], "texture": "#0"},
				"down": {"uv": [14, 3, 12, 3.5], "texture": "#0"}
			}
		},
		{
			"from": [4.5, 2, 7],
			"to": [5, 4.5, 11],
			"rotation": {"angle": 22.5, "axis": "x", "origin": [8, 4.3125, 9]},
			"faces": {
				"north": {"uv": [6.5, 12.5, 7, 14], "texture": "#0"},
				"east": {"uv": [0, 9, 2, 10.5], "texture": "#0"},
				"south": {"uv": [11, 0, 11.5, 1.5], "texture": "#0"},
				"west": {"uv": [12, 11.5, 15.5, 14], "texture": "#0"},
				"up": {"uv": [2.5, 14, 2, 12], "texture": "#0"},
				"down": {"uv": [3, 12, 2.5, 14], "texture": "#0"}
			}
		},
		{
			"from": [6, 2, 12],
			"to": [10, 4.5, 12.5],
			"rotation": {"angle": 22.5, "axis": "x", "origin": [8, 4.3125, 9]},
			"faces": {
				"north": {"uv": [4.5, 9, 6.5, 10.5], "texture": "#0"},
				"east": {"uv": [9.5, 0, 10, 1.5], "texture": "#0"},
				"south": {"uv": [12, 11.5, 15.5, 14], "texture": "#0"},
				"west": {"uv": [13, 5.5, 13.5, 7], "texture": "#0"},
				"up": {"uv": [14, 4, 12, 3.5], "texture": "#0"},
				"down": {"uv": [7, 12, 5, 12.5], "texture": "#0"}
			}
		},
		{
			"from": [6, 2, 5.5],
			"to": [10, 4.5, 6],
			"rotation": {"angle": 22.5, "axis": "x", "origin": [8, 4.3125, 9]},
			"faces": {
				"north": {"uv": [12, 11.5, 15.5, 14], "texture": "#0"},
				"east": {"uv": [9, 4, 9.5, 5.5], "texture": "#0"},
				"south": {"uv": [2, 9.5, 4, 11], "texture": "#0"},
				"west": {"uv": [9, 5.5, 9.5, 7], "texture": "#0"},
				"up": {"uv": [8.5, 10.5, 6.5, 10], "texture": "#0"},
				"down": {"uv": [14, 8.5, 12, 9], "texture": "#0"}
			}
		},
		{
			"from": [11, 2, 7],
			"to": [11.5, 4.5, 11],
			"rotation": {"angle": 22.5, "axis": "x", "origin": [8, 4.3125, 9]},
			"faces": {
				"north": {"uv": [10.5, 0, 11, 1.5], "texture": "#0"},
				"east": {"uv": [12, 11.5, 15.5, 14], "texture": "#0"},
				"south": {"uv": [10, 0, 10.5, 1.5], "texture": "#0"},
				"west": {"uv": [10, 1.5, 12, 3], "texture": "#0"},
				"up": {"uv": [3.5, 14, 3, 12], "texture": "#0"},
				"down": {"uv": [8, 0, 7.5, 2], "texture": "#0"}
			}
		},
		{
			"from": [10, 5, 7],
			"to": [10.5, 5.5, 11],
			"rotation": {"angle": 22.5, "axis": "x", "origin": [8, 4.3125, 9]},
			"faces": {
				"north": {"uv": [9, 7.5, 9.5, 8], "texture": "#0"},
				"east": {"uv": [12, 9, 14, 9.5], "texture": "#0"},
				"south": {"uv": [9.5, 1.5, 10, 2], "texture": "#0"},
				"west": {"uv": [12, 9.5, 14, 10], "texture": "#0"},
				"up": {"uv": [8.5, 2, 8, 0], "texture": "#0"},
				"down": {"uv": [9, 0, 8.5, 2], "texture": "#0"}
			}
		},
		{
			"from": [10.5, 1.5, 6.5],
			"to": [11, 5, 11.5],
			"rotation": {"angle": 22.5, "axis": "x", "origin": [8, 4.3125, 9]},
			"faces": {
				"north": {"uv": [9, 0, 9.5, 2], "texture": "#0"},
				"east": {"uv": [6.5, 6, 9, 8], "texture": "#0"},
				"south": {"uv": [5, 12.5, 5.5, 14.5], "texture": "#0"},
				"west": {"uv": [0, 7, 2.5, 9], "texture": "#0"},
				"up": {"uv": [0.5, 14, 0, 11.5], "texture": "#0"},
				"down": {"uv": [1, 11.5, 0.5, 14], "texture": "#0"}
			}
		},
		{
			"from": [5.55, 1.25, 6.75],
			"to": [6, 1.5, 10.75],
			"rotation": {"angle": 22.5, "axis": "x", "origin": [8.15, 3.8125, 9]},
			"faces": {
				"north": {"uv": [4, 9.5, 4.5, 10], "texture": "#0"},
				"east": {"uv": [12, 10, 14, 10.5], "texture": "#0"},
				"south": {"uv": [9.5, 7, 10, 7.5], "texture": "#0"},
				"west": {"uv": [12.5, 4, 14.5, 4.5], "texture": "#0"},
				"up": {"uv": [6, 14.5, 5.5, 12.5], "texture": "#0"},
				"down": {"uv": [6.5, 12.5, 6, 14.5], "texture": "#0"}
			}
		}
	],
	"display": {
		"thirdperson_righthand": {
			"translation": [0, 7.25, 0],
			"scale": [1.1, 1.1, 1.1]
		},
		"thirdperson_lefthand": {
			"translation": [0, 7.25, 0],
			"scale": [1.1, 1.1, 1.1]
		},
		"firstperson_righthand": {
			"translation": [2.25, 6.75, 0]
		},
		"firstperson_lefthand": {
			"translation": [2.25, 6.75, 0]
		},
		"ground": {
			"translation": [0, 4.5, 0]
		},
		"gui": {
			"rotation": [3, 180, 0],
			"translation": [0, 6, 0],
			"scale": [1.4, 1.4, 1.4]
		},
		"head": {
			"translation": [0, 20.75, 0],
			"scale": [1.8, 1.8, 1.8]
		},
		"fixed": {
			"rotation": [-90, 0, 0],
			"translation": [0, 0, -24],
			"scale": [3, 3, 3]
		}
	},
	"groups": [
		{
			"name": "group",
			"origin": [8, 8, 8],
			"color": 0,
			"children": [
				{
					"name": "group",
					"origin": [7, 0, 7],
					"color": 0,
					"children": [0, 1, 2]
				},
				{
					"name": "group",
					"origin": [8, 8, 8],
					"color": 0,
					"children": [3, 4, 5, 6, 7, 8, 9, 10, 11, 12, 13, 14, 15, 16, 17]
				}
			]
		}
	]
}