{
	"credit": "Made with Blockbench",
	"texture_size": [32, 32],
	"textures": {
		"0": "custom:item/mario/power_ups/boomerang_flower",
		"particle": "custom:item/mario/power_ups/boomerang_flower"
	},
	"elements": [
		{
			"from": [7.5, 0, 7.5],
			"to": [8.5, 5, 8.5],
			"rotation": {"angle": 0, "axis": "y", "origin": [7, 0, 7]},
			"faces": {
				"north": {"uv": [4.5, 0, 5, 2.5], "texture": "#0"},
				"east": {"uv": [5, 0, 5.5, 2.5], "texture": "#0"},
				"south": {"uv": [5.5, 0, 6, 2.5], "texture": "#0"},
				"west": {"uv": [6, 0, 6.5, 2.5], "texture": "#0"},
				"up": {"uv": [3.5, 6.75, 3, 6.25], "texture": "#0"},
				"down": {"uv": [4.5, 4, 4, 4.5], "texture": "#0"}
			}
		},
		{
			"from": [4.35, 1.25, 7.6],
			"to": [7.6, 2.25, 8.4],
			"rotation": {"angle": -22.5, "axis": "z", "origin": [6.0375, 1.75, 8]},
			"faces": {
				"north": {"uv": [1.5, 4, 3, 4.75], "texture": "#0"},
				"east": {"uv": [3.5, 6.25, 4, 6.75], "texture": "#0"},
				"south": {"uv": [1.5, 4.75, 3, 5.5], "texture": "#0"},
				"west": {"uv": [4, 6.25, 4.5, 6.75], "texture": "#0"},
				"up": {"uv": [6.25, 3, 4.5, 2.5], "texture": "#0"},
				"down": {"uv": [6.25, 3, 4.5, 3.5], "texture": "#0"}
			}
		},
		{
			"from": [5.1, 2.25, 7.6],
			"to": [7.1, 2.75, 8.4],
			"rotation": {"angle": -22.5, "axis": "z", "origin": [6.0375, 1.75, 8]},
			"faces": {
				"north": {"uv": [6.5, 7, 7.5, 7.25], "texture": "#0"},
				"east": {"uv": [5, 7.5, 5.5, 7.75], "texture": "#0"},
				"south": {"uv": [6.5, 7.25, 7.5, 7.5], "texture": "#0"},
				"west": {"uv": [5.5, 7.5, 6, 7.75], "texture": "#0"},
				"up": {"uv": [4, 4.5, 3, 4], "texture": "#0"},
				"down": {"uv": [4.5, 7, 3.5, 7.5], "texture": "#0"}
			}
		},
		{
			"from": [5.1, 0.75, 7.6],
			"to": [7.1, 1.25, 8.4],
			"rotation": {"angle": -22.5, "axis": "z", "origin": [6.0375, 1.75, 8]},
			"faces": {
				"north": {"uv": [7.75, 5, 8.75, 5.25], "texture": "#0"},
				"east": {"uv": [7.75, 5.5, 8.25, 5.75], "texture": "#0"},
				"south": {"uv": [0, 7, 1, 7.25], "texture": "#0"},
				"west": {"uv": [6, 7.5, 6.5, 7.75], "texture": "#0"},
				"up": {"uv": [5.5, 4, 4.5, 3.5], "texture": "#0"},
				"down": {"uv": [5.5, 4, 4.5, 4.5], "texture": "#0"}
			}
		},
		{
			"from": [8.4, 1.25, 7.6],
			"to": [11.65, 2.25, 8.4],
			"rotation": {"angle": 22.5, "axis": "z", "origin": [9.9625, 1.75, 8]},
			"faces": {
				"north": {"uv": [1.5, 5.5, 3, 6.25], "texture": "#0"},
				"east": {"uv": [1, 7, 1.5, 7.5], "texture": "#0"},
				"south": {"uv": [1.5, 6.25, 3, 7], "texture": "#0"},
				"west": {"uv": [4.5, 6.25, 5, 6.75], "texture": "#0"},
				"up": {"uv": [4.75, 5, 3, 4.5], "texture": "#0"},
				"down": {"uv": [6.5, 4.5, 4.75, 5], "texture": "#0"}
			}
		},
		{
			"from": [8.9, 2.25, 7.6],
			"to": [10.9, 2.75, 8.4],
			"rotation": {"angle": 22.5, "axis": "z", "origin": [9.9625, 1.75, 8]},
			"faces": {
				"north": {"uv": [1.5, 7, 2.5, 7.25], "texture": "#0"},
				"east": {"uv": [7.75, 5.75, 8.25, 6], "texture": "#0"},
				"south": {"uv": [7.75, 5.25, 8.75, 5.5], "texture": "#0"},
				"west": {"uv": [6.5, 7.5, 7, 7.75], "texture": "#0"},
				"up": {"uv": [5.5, 7.5, 4.5, 7], "texture": "#0"},
				"down": {"uv": [6.5, 3.5, 5.5, 4], "texture": "#0"}
			}
		},
		{
			"from": [8.9, 0.75, 7.6],
			"to": [10.9, 1.25, 8.4],
			"rotation": {"angle": 22.5, "axis": "z", "origin": [9.9625, 1.75, 8]},
			"faces": {
				"north": {"uv": [2.5, 7, 3.5, 7.25], "texture": "#0"},
				"east": {"uv": [7.75, 6, 8.25, 6.25], "texture": "#0"},
				"south": {"uv": [2.5, 7.25, 3.5, 7.5], "texture": "#0"},
				"west": {"uv": [7, 7.5, 7.5, 7.75], "texture": "#0"},
				"up": {"uv": [6.5, 4.5, 5.5, 4], "texture": "#0"},
				"down": {"uv": [6.5, 7, 5.5, 7.5], "texture": "#0"}
			}
		},
		{
			"from": [6.5, 3.25, 7],
			"to": [9.5, 5.75, 9],
			"rotation": {"angle": 0, "axis": "y", "origin": [7, 3.25, 7]},
			"faces": {
				"north": {"uv": [0, 0, 1.5, 1.25], "texture": "#0"},
				"east": {"uv": [3.5, 5, 4.5, 6.25], "texture": "#0"},
				"south": {"uv": [0, 1.5, 1.5, 2.75], "texture": "#0"},
				"west": {"uv": [4.5, 5, 5.5, 6.25], "texture": "#0"},
				"up": {"uv": [3, 1, 1.5, 0], "texture": "#0"},
				"down": {"uv": [3, 1, 1.5, 2], "texture": "#0"}
			}
		},
		{
			"from": [3.5, 3.25, 7.2],
			"to": [6.5, 5, 8.8],
			"rotation": {"angle": -45, "axis": "z", "origin": [6.5, 3.25, 8]},
			"faces": {
				"north": {"uv": [1.5, 2, 3, 3], "texture": "#0"},
				"east": {"uv": [8, 4, 8.75, 5], "texture": "#0"},
				"south": {"uv": [0, 3, 1.5, 4], "texture": "#0"},
				"west": {"uv": [8, 3, 8.75, 4], "texture": "#0"},
				"up": {"uv": [7, 5.75, 5.5, 5], "texture": "#0"},
				"down": {"uv": [1.5, 5, 0, 5.75], "texture": "#0"}
			}
		},
		{
			"from": [4.32843, 5.25, 7.3],
			"to": [7.32843, 7, 8.7],
			"rotation": {"angle": -22.5, "axis": "z", "origin": [4.5, 5.25, 8]},
			"faces": {
				"north": {"uv": [3, 0, 4.5, 1], "texture": "#0"},
				"east": {"uv": [7, 5, 7.75, 6], "texture": "#0"},
				"south": {"uv": [3, 1, 4.5, 2], "texture": "#0"},
				"west": {"uv": [8, 2, 8.75, 3], "texture": "#0"},
				"up": {"uv": [8, 0.75, 6.5, 0], "texture": "#0"},
				"down": {"uv": [8, 1, 6.5, 1.75], "texture": "#0"}
			}
		},
		{
			"from": [8.67157, 5.25, 7.3],
			"to": [11.67157, 7, 8.7],
			"rotation": {"angle": 22.5, "axis": "z", "origin": [11.5, 5.25, 8]},
			"faces": {
				"north": {"uv": [1.5, 3, 3, 4], "texture": "#0"},
				"east": {"uv": [7, 6, 7.75, 7], "texture": "#0"},
				"south": {"uv": [3, 2, 4.5, 3], "texture": "#0"},
				"west": {"uv": [8, 1, 8.75, 2], "texture": "#0"},
				"up": {"uv": [8, 2.75, 6.5, 2], "texture": "#0"},
				"down": {"uv": [8, 3, 6.5, 3.75], "texture": "#0"}
			}
		},
		{
			"from": [9.5, 3.25, 7.2],
			"to": [12.5, 5, 8.8],
			"rotation": {"angle": 45, "axis": "z", "origin": [9.5, 3.25, 8]},
			"faces": {
				"north": {"uv": [3, 3, 4.5, 4], "texture": "#0"},
				"east": {"uv": [8, 0, 8.75, 1], "texture": "#0"},
				"south": {"uv": [0, 4, 1.5, 5], "texture": "#0"},
				"west": {"uv": [0, 5.75, 0.75, 6.75], "texture": "#0"},
				"up": {"uv": [8, 4.75, 6.5, 4], "texture": "#0"},
				"down": {"uv": [7, 6, 5.5, 6.75], "texture": "#0"}
			}
		}
	],
	"display": {
		"thirdperson_righthand": {
			"rotation": [55.75, 0, 0],
			"translation": [0, 3.75, 5]
		},
		"thirdperson_lefthand": {
			"rotation": [55.75, 0, 0],
			"translation": [0, 3.75, 5]
		},
		"firstperson_righthand": {
			"translation": [3.25, 5.25, 0],
			"scale": [0.9, 0.9, 0.9]
		},
		"firstperson_lefthand": {
			"translation": [3.25, 5.25, 0],
			"scale": [0.9, 0.9, 0.9]
		},
		"ground": {
			"translation": [0, 3.75, 0],
			"scale": [0.9, 0.9, 0.9]
		},
		"gui": {
			"rotation": [3, 180, 0],
			"translation": [0, 5.25, 0],
			"scale": [1.3, 1.3, 1.3]
		},
		"head": {
			"translation": [0, 19.25, 0],
			"scale": [1.6, 1.6, 1.6]
		},
		"fixed": {
			"rotation": [-90, 0, 0],
			"translation": [0, 0, -21.5],
			"scale": [2.7, 2.7, 2.7]
		}
	},
	"groups": [
		{
			"name": "group",
			"origin": [8, 8, 8],
			"color": 0,
			"children": [
				0,
				{
					"name": "group",
					"origin": [8, 8, 8],
					"color": 0,
					"children": [1, 2, 3]
				},
				{
					"name": "group",
					"origin": [8, 8, 8],
					"color": 0,
					"children": [4, 5, 6]
				},
				{
					"name": "group",
					"origin": [8, 8, 8],
					"color": 0,
					"children": [7, 8, 9, 10, 11]
				}
			]
		}
	]
}