{
	"credit": "Made with Blockbench",
	"texture_size": [32, 32],
	"textures": {
		"3": "custom:item/mario/power_ups/drill_mushroom"
	},
	"elements": [
		{
			"from": [6.75, 0, 6.75],
			"to": [9.25, 0.5, 9.25],
			"rotation": {"angle": 0, "axis": "y", "origin": [8, 0.875, 8]},
			"faces": {
				"north": {"uv": [12, 0.5, 13.5, 0.75], "texture": "#3"},
				"east": {"uv": [12, 2.5, 13.5, 2.75], "texture": "#3"},
				"south": {"uv": [12, 3, 13.5, 3.25], "texture": "#3"},
				"west": {"uv": [12, 9, 13.5, 9.25], "texture": "#3"},
				"up": {"uv": [8.5, 1.5, 7, 0], "texture": "#3"},
				"down": {"uv": [5.5, 7, 4, 8.5], "texture": "#3"}
			}
		},
		{
			"from": [6.25, 0.5, 6.75],
			"to": [9.75, 2.25, 9.25],
			"rotation": {"angle": 0, "axis": "y", "origin": [8, 0.875, 8]},
			"faces": {
				"north": {"uv": [7, 1.5, 9, 2.5], "texture": "#3"},
				"east": {"uv": [5.5, 8, 7, 9], "texture": "#3"},
				"south": {"uv": [0, 8, 2, 9], "texture": "#3"},
				"west": {"uv": [7, 8, 8.5, 9], "texture": "#3"},
				"up": {"uv": [6, 7, 4, 5.5], "texture": "#3"},
				"down": {"uv": [8, 2.5, 6, 4], "texture": "#3"}
			}
		},
		{
			"from": [6.75, 0.5, 6.25],
			"to": [9.25, 2.25, 9.75],
			"rotation": {"angle": 0, "axis": "y", "origin": [8, 0.875, 8]},
			"faces": {
				"north": {"uv": [8.5, 0, 10, 1], "texture": "#3"},
				"east": {"uv": [2, 8, 4, 9], "texture": "#3"},
				"south": {"uv": [4, 8.5, 5.5, 9.5], "texture": "#3"},
				"west": {"uv": [8, 2.5, 10, 3.5], "texture": "#3"},
				"up": {"uv": [7.5, 6, 6, 4], "texture": "#3"},
				"down": {"uv": [7.5, 6, 6, 8], "texture": "#3"}
			}
		},
		{
			"from": [5.5, 1.5, 6.25],
			"to": [10.5, 2.25, 11.75],
			"rotation": {"angle": 22.5, "axis": "x", "origin": [8, 4.3125, 9]},
			"faces": {
				"north": {"uv": [8.5, 8, 11, 8.5], "texture": "#3"},
				"east": {"uv": [8, 3.5, 11, 4], "texture": "#3"},
				"south": {"uv": [8.5, 8.5, 11, 9], "texture": "#3"},
				"west": {"uv": [8.5, 1, 11.5, 1.5], "texture": "#3"},
				"up": {"uv": [2.5, 3, 0, 0], "texture": "#3"},
				"down": {"uv": [5, 0, 2.5, 3], "texture": "#3"}
			}
		},
		{
			"from": [6, 2.25, 6.5],
			"to": [10, 3.25, 11.5],
			"rotation": {"angle": 22.5, "axis": "x", "origin": [8, 4.3125, 9]},
			"faces": {
				"north": {"uv": [9, 6, 11, 6.5], "texture": "#3"},
				"east": {"uv": [0, 9, 2.5, 9.5], "texture": "#3"},
				"south": {"uv": [9, 6.5, 11, 7], "texture": "#3"},
				"west": {"uv": [9, 1.5, 11.5, 2], "texture": "#3"},
				"up": {"uv": [2, 5.5, 0, 3], "texture": "#3"},
				"down": {"uv": [4, 3, 2, 5.5], "texture": "#3"}
			}
		},
		{
			"from": [6.75, 2.25, 11.5],
			"to": [9.25, 3.25, 11.75],
			"rotation": {"angle": 22.5, "axis": "x", "origin": [8, 4.3125, 9]},
			"faces": {
				"north": {"uv": [2.5, 9, 3.75, 9.5], "texture": "#3"},
				"east": {"uv": [13, 8.5, 13.25, 9], "texture": "#3"},
				"south": {"uv": [2, 10.5, 3.25, 11], "texture": "#3"},
				"west": {"uv": [10.5, 13, 10.75, 13.5], "texture": "#3"},
				"up": {"uv": [13.25, 9.75, 12, 9.5], "texture": "#3"},
				"down": {"uv": [13.25, 10, 12, 10.25], "texture": "#3"}
			}
		},
		{
			"from": [6.75, 2.25, 6.25],
			"to": [9.25, 3.25, 6.5],
			"rotation": {"angle": 22.5, "axis": "x", "origin": [8, 4.3125, 9]},
			"faces": {
				"north": {"uv": [6, 10.5, 7.25, 11], "texture": "#3"},
				"east": {"uv": [13, 11, 13.25, 11.5], "texture": "#3"},
				"south": {"uv": [7.5, 10.5, 8.75, 11], "texture": "#3"},
				"west": {"uv": [13, 11.5, 13.25, 12], "texture": "#3"},
				"up": {"uv": [13.25, 10.75, 12, 10.5], "texture": "#3"},
				"down": {"uv": [12.25, 12, 11, 12.25], "texture": "#3"}
			}
		},
		{
			"from": [5.5, 2.25, 7],
			"to": [6, 3.25, 11],
			"rotation": {"angle": 22.5, "axis": "x", "origin": [8, 4.3125, 9]},
			"faces": {
				"north": {"uv": [12, 13, 12.25, 13.5], "texture": "#3"},
				"east": {"uv": [9, 7, 11, 7.5], "texture": "#3"},
				"south": {"uv": [12.5, 13, 12.75, 13.5], "texture": "#3"},
				"west": {"uv": [9, 7.5, 11, 8], "texture": "#3"},
				"up": {"uv": [10.25, 13, 10, 11], "texture": "#3"},
				"down": {"uv": [10.75, 11, 10.5, 13], "texture": "#3"}
			}
		},
		{
			"from": [5.25, 2.25, 7.75],
			"to": [5.5, 3.25, 10.25],
			"rotation": {"angle": 22.5, "axis": "x", "origin": [8, 4.3125, 9]},
			"faces": {
				"north": {"uv": [13, 12.5, 13.25, 13], "texture": "#3"},
				"east": {"uv": [9, 10.5, 10.25, 11], "texture": "#3"},
				"south": {"uv": [13, 13, 13.25, 13.5], "texture": "#3"},
				"west": {"uv": [10.5, 10.5, 11.75, 11], "texture": "#3"},
				"up": {"uv": [0.25, 13.75, 0, 12.5], "texture": "#3"},
				"down": {"uv": [0.75, 12.5, 0.5, 13.75], "texture": "#3"}
			}
		},
		{
			"from": [6.25, 3.25, 6.75],
			"to": [9.75, 4.25, 11.25],
			"rotation": {"angle": 22.5, "axis": "x", "origin": [8, 4.3125, 9]},
			"faces": {
				"north": {"uv": [10, 2.5, 11.75, 3], "texture": "#3"},
				"east": {"uv": [5.5, 9, 7.75, 9.5], "texture": "#3"},
				"south": {"uv": [10, 3, 11.75, 3.5], "texture": "#3"},
				"west": {"uv": [9, 5.5, 11.25, 6], "texture": "#3"},
				"up": {"uv": [1.75, 7.75, 0, 5.5], "texture": "#3"},
				"down": {"uv": [3.75, 5.5, 2, 7.75], "texture": "#3"}
			}
		},
		{
			"from": [5.75, 3.25, 7.25],
			"to": [6.25, 4.25, 10.75],
			"rotation": {"angle": 22.5, "axis": "x", "origin": [8, 4.3125, 9]},
			"faces": {
				"north": {"uv": [13.5, 0.5, 13.75, 1], "texture": "#3"},
				"east": {"uv": [6, 10, 7.75, 10.5], "texture": "#3"},
				"south": {"uv": [13.5, 1, 13.75, 1.5], "texture": "#3"},
				"west": {"uv": [8, 10, 9.75, 10.5], "texture": "#3"},
				"up": {"uv": [4.75, 13.75, 4.5, 12], "texture": "#3"},
				"down": {"uv": [5.25, 12, 5, 13.75], "texture": "#3"}
			}
		},
		{
			"from": [6.75, 4.25, 7.25],
			"to": [9.25, 5, 10.75],
			"rotation": {"angle": 22.5, "axis": "x", "origin": [8, 4.3125, 9]},
			"faces": {
				"north": {"uv": [0, 11, 1.25, 11.5], "texture": "#3"},
				"east": {"uv": [10, 9, 11.75, 9.5], "texture": "#3"},
				"south": {"uv": [1.5, 11, 2.75, 11.5], "texture": "#3"},
				"west": {"uv": [10, 9.5, 11.75, 10], "texture": "#3"},
				"up": {"uv": [8.75, 5.75, 7.5, 4], "texture": "#3"},
				"down": {"uv": [8.75, 6, 7.5, 7.75], "texture": "#3"}
			}
		},
		{
			"from": [7.25, 5, 7.75],
			"to": [8.75, 5.5, 10.25],
			"rotation": {"angle": 22.5, "axis": "x", "origin": [8, 4.3125, 9]},
			"faces": {
				"north": {"uv": [12, 12.5, 12.75, 12.75], "texture": "#3"},
				"east": {"uv": [12.5, 3.5, 13.75, 3.75], "texture": "#3"},
				"south": {"uv": [12.5, 12, 13.25, 12.25], "texture": "#3"},
				"west": {"uv": [12.5, 4, 13.75, 4.25], "texture": "#3"},
				"up": {"uv": [4.75, 11.25, 4, 10], "texture": "#3"},
				"down": {"uv": [5.75, 10, 5, 11.25], "texture": "#3"}
			}
		},
		{
			"from": [7.5, 5.5, 8.5],
			"to": [8.5, 5.75, 9.5],
			"rotation": {"angle": 22.5, "axis": "x", "origin": [8, 4.3125, 9]},
			"faces": {
				"north": {"uv": [13.5, 1.5, 14, 1.75], "texture": "#3"},
				"east": {"uv": [2, 13.5, 2.5, 13.75], "texture": "#3"},
				"south": {"uv": [13.5, 2, 14, 2.25], "texture": "#3"},
				"west": {"uv": [2.5, 13.5, 3, 13.75], "texture": "#3"},
				"up": {"uv": [5.5, 3, 5, 2.5], "texture": "#3"},
				"down": {"uv": [6, 2.5, 5.5, 3], "texture": "#3"}
			}
		},
		{
			"from": [6.75, 5, 8.25],
			"to": [7.25, 5.5, 9.75],
			"rotation": {"angle": 22.5, "axis": "x", "origin": [8, 4.3125, 9]},
			"faces": {
				"north": {"uv": [13.5, 11.5, 13.75, 11.75], "texture": "#3"},
				"east": {"uv": [13, 4.5, 13.75, 4.75], "texture": "#3"},
				"south": {"uv": [12, 13.5, 12.25, 13.75], "texture": "#3"},
				"west": {"uv": [13, 5, 13.75, 5.25], "texture": "#3"},
				"up": {"uv": [5.75, 7.75, 5.5, 7], "texture": "#3"},
				"down": {"uv": [3.75, 13, 3.5, 13.75], "texture": "#3"}
			}
		},
		{
			"from": [6.25, 4.25, 7.75],
			"to": [6.75, 5, 10.25],
			"rotation": {"angle": 22.5, "axis": "x", "origin": [8, 4.3125, 9]},
			"faces": {
				"north": {"uv": [13.5, 2.5, 13.75, 3], "texture": "#3"},
				"east": {"uv": [11, 3.5, 12.25, 4], "texture": "#3"},
				"south": {"uv": [3, 13.5, 3.25, 14], "texture": "#3"},
				"west": {"uv": [6, 11, 7.25, 11.5], "texture": "#3"},
				"up": {"uv": [1.25, 13.75, 1, 12.5], "texture": "#3"},
				"down": {"uv": [1.75, 12.5, 1.5, 13.75], "texture": "#3"}
			}
		},
		{
			"from": [6, 1.25, 6.25],
			"to": [10, 1.5, 11.25],
			"rotation": {"angle": 22.5, "axis": "x", "origin": [8, 3.8125, 9]},
			"faces": {
				"north": {"uv": [11, 8.5, 13, 8.75], "texture": "#3"},
				"east": {"uv": [11, 6, 13.5, 6.25], "texture": "#3"},
				"south": {"uv": [11, 11, 13, 11.25], "texture": "#3"},
				"west": {"uv": [11, 6.5, 13.5, 6.75], "texture": "#3"},
				"up": {"uv": [6, 5.5, 4, 3], "texture": "#3"},
				"down": {"uv": [7, 0, 5, 2.5], "texture": "#3"}
			}
		},
		{
			"from": [10, 1.25, 6.75],
			"to": [10.45, 1.5, 10.75],
			"rotation": {"angle": 22.5, "axis": "x", "origin": [7.85, 3.8125, 9]},
			"faces": {
				"north": {"uv": [13.5, 12, 13.75, 12.25], "texture": "#3"},
				"east": {"uv": [0, 11.5, 2, 11.75], "texture": "#3"},
				"south": {"uv": [12.5, 13.5, 12.75, 13.75], "texture": "#3"},
				"west": {"uv": [11.5, 1, 13.5, 1.25], "texture": "#3"},
				"up": {"uv": [2.25, 13.5, 2, 11.5], "texture": "#3"},
				"down": {"uv": [2.75, 11.5, 2.5, 13.5], "texture": "#3"}
			}
		},
		{
			"from": [5.25, 1.5, 6.5],
			"to": [5.5, 2.25, 11.5],
			"rotation": {"angle": 22.5, "axis": "x", "origin": [8, 4.3125, 9]},
			"faces": {
				"north": {"uv": [13.5, 3, 13.75, 3.5], "texture": "#3"},
				"east": {"uv": [9, 2, 11.5, 2.5], "texture": "#3"},
				"south": {"uv": [4, 13.5, 4.25, 14], "texture": "#3"},
				"west": {"uv": [9, 4, 11.5, 4.5], "texture": "#3"},
				"up": {"uv": [3.75, 13, 3.5, 10.5], "texture": "#3"},
				"down": {"uv": [3.25, 11, 3, 13.5], "texture": "#3"}
			}
		},
		{
			"from": [5, 1.5, 7],
			"to": [5.25, 2.25, 11],
			"rotation": {"angle": 22.5, "axis": "x", "origin": [8, 4.3125, 9]},
			"faces": {
				"north": {"uv": [13.5, 6, 13.75, 6.5], "texture": "#3"},
				"east": {"uv": [8, 9, 10, 9.5], "texture": "#3"},
				"south": {"uv": [6.5, 13.5, 6.75, 14], "texture": "#3"},
				"west": {"uv": [0, 9.5, 2, 10], "texture": "#3"},
				"up": {"uv": [4.25, 13.5, 4, 11.5], "texture": "#3"},
				"down": {"uv": [11.75, 4, 11.5, 6], "texture": "#3"}
			}
		},
		{
			"from": [6, 1.5, 11.75],
			"to": [10, 2.25, 12],
			"rotation": {"angle": 22.5, "axis": "x", "origin": [8, 4.3125, 9]},
			"faces": {
				"north": {"uv": [2, 9.5, 4, 10], "texture": "#3"},
				"east": {"uv": [13.5, 6.5, 13.75, 7], "texture": "#3"},
				"south": {"uv": [4, 9.5, 6, 10], "texture": "#3"},
				"west": {"uv": [7, 13.5, 7.25, 14], "texture": "#3"},
				"up": {"uv": [13.5, 1.75, 11.5, 1.5], "texture": "#3"},
				"down": {"uv": [13.5, 2, 11.5, 2.25], "texture": "#3"}
			}
		},
		{
			"from": [6, 1.5, 6],
			"to": [10, 2.25, 6.25],
			"rotation": {"angle": 22.5, "axis": "x", "origin": [8, 4.3125, 9]},
			"faces": {
				"north": {"uv": [6, 9.5, 8, 10], "texture": "#3"},
				"east": {"uv": [7.5, 13.5, 7.75, 14], "texture": "#3"},
				"south": {"uv": [8, 9.5, 10, 10], "texture": "#3"},
				"west": {"uv": [13.5, 7.5, 13.75, 8], "texture": "#3"},
				"up": {"uv": [6.5, 11.75, 4.5, 11.5], "texture": "#3"},
				"down": {"uv": [13, 11.5, 11, 11.75], "texture": "#3"}
			}
		},
		{
			"from": [10.75, 1.5, 7],
			"to": [11, 2.25, 11],
			"rotation": {"angle": 22.5, "axis": "x", "origin": [8, 4.3125, 9]},
			"faces": {
				"north": {"uv": [8, 13.5, 8.25, 14], "texture": "#3"},
				"east": {"uv": [0, 10, 2, 10.5], "texture": "#3"},
				"south": {"uv": [13.5, 8, 13.75, 8.5], "texture": "#3"},
				"west": {"uv": [10, 0, 12, 0.5], "texture": "#3"},
				"up": {"uv": [6.75, 13.5, 6.5, 11.5], "texture": "#3"},
				"down": {"uv": [7.25, 11.5, 7, 13.5], "texture": "#3"}
			}
		},
		{
			"from": [10.5, 1.5, 6.5],
			"to": [10.75, 2.25, 11.5],
			"rotation": {"angle": 22.5, "axis": "x", "origin": [8, 4.3125, 9]},
			"faces": {
				"north": {"uv": [8.5, 13.5, 8.75, 14], "texture": "#3"},
				"east": {"uv": [9, 4.5, 11.5, 5], "texture": "#3"},
				"south": {"uv": [13.5, 8.5, 13.75, 9], "texture": "#3"},
				"west": {"uv": [9, 5, 11.5, 5.5], "texture": "#3"},
				"up": {"uv": [7.75, 13.5, 7.5, 11], "texture": "#3"},
				"down": {"uv": [8.25, 11, 8, 13.5], "texture": "#3"}
			}
		},
		{
			"from": [5.55, 1.25, 6.75],
			"to": [6, 1.5, 10.75],
			"rotation": {"angle": 22.5, "axis": "x", "origin": [8.15, 3.8125, 9]},
			"faces": {
				"north": {"uv": [13.5, 12.5, 13.75, 12.75], "texture": "#3"},
				"east": {"uv": [0, 12, 2, 12.25], "texture": "#3"},
				"south": {"uv": [13, 13.5, 13.25, 13.75], "texture": "#3"},
				"west": {"uv": [12, 0, 14, 0.25], "texture": "#3"},
				"up": {"uv": [8.75, 13.5, 8.5, 11.5], "texture": "#3"},
				"down": {"uv": [9.25, 11.5, 9, 13.5], "texture": "#3"}
			}
		},
		{
			"from": [10, 2.25, 7],
			"to": [10.5, 3.25, 11],
			"rotation": {"angle": 22.5, "axis": "x", "origin": [8, 4.3125, 9]},
			"faces": {
				"north": {"uv": [9, 13.5, 9.25, 14], "texture": "#3"},
				"east": {"uv": [10, 0.5, 12, 1], "texture": "#3"},
				"south": {"uv": [13.5, 9, 13.75, 9.5], "texture": "#3"},
				"west": {"uv": [2, 10, 4, 10.5], "texture": "#3"},
				"up": {"uv": [9.75, 13.5, 9.5, 11.5], "texture": "#3"},
				"down": {"uv": [12.25, 4, 12, 6], "texture": "#3"}
			}
		},
		{
			"from": [10.5, 2.25, 7.75],
			"to": [10.75, 3.25, 10.25],
			"rotation": {"angle": 22.5, "axis": "x", "origin": [8, 4.3125, 9]},
			"faces": {
				"north": {"uv": [9.5, 13.5, 9.75, 14], "texture": "#3"},
				"east": {"uv": [11, 7, 12.25, 7.5], "texture": "#3"},
				"south": {"uv": [13.5, 9.5, 13.75, 10], "texture": "#3"},
				"west": {"uv": [11, 7.5, 12.25, 8], "texture": "#3"},
				"up": {"uv": [12.75, 5.75, 12.5, 4.5], "texture": "#3"},
				"down": {"uv": [12.75, 7, 12.5, 8.25], "texture": "#3"}
			}
		},
		{
			"from": [9.75, 3.25, 7.25],
			"to": [10.25, 4.25, 10.75],
			"rotation": {"angle": 22.5, "axis": "x", "origin": [8, 4.3125, 9]},
			"faces": {
				"north": {"uv": [13.5, 10, 13.75, 10.5], "texture": "#3"},
				"east": {"uv": [10, 10, 11.75, 10.5], "texture": "#3"},
				"south": {"uv": [10.5, 13.5, 10.75, 14], "texture": "#3"},
				"west": {"uv": [0, 10.5, 1.75, 11], "texture": "#3"},
				"up": {"uv": [5.75, 13.75, 5.5, 12], "texture": "#3"},
				"down": {"uv": [6.25, 12, 6, 13.75], "texture": "#3"}
			}
		},
		{
			"from": [9.25, 4.25, 7.75],
			"to": [9.75, 5, 10.25],
			"rotation": {"angle": 22.5, "axis": "x", "origin": [8, 4.3125, 9]},
			"faces": {
				"north": {"uv": [13.5, 10.5, 13.75, 11], "texture": "#3"},
				"east": {"uv": [11, 8, 12.25, 8.5], "texture": "#3"},
				"south": {"uv": [13.5, 11, 13.75, 11.5], "texture": "#3"},
				"west": {"uv": [8.5, 11, 9.75, 11.5], "texture": "#3"},
				"up": {"uv": [11.25, 13.75, 11, 12.5], "texture": "#3"},
				"down": {"uv": [11.75, 12.5, 11.5, 13.75], "texture": "#3"}
			}
		},
		{
			"from": [8.75, 5, 8.25],
			"to": [9.25, 5.5, 9.75],
			"rotation": {"angle": 22.5, "axis": "x", "origin": [8, 4.3125, 9]},
			"faces": {
				"north": {"uv": [13.5, 13, 13.75, 13.25], "texture": "#3"},
				"east": {"uv": [13, 5.5, 13.75, 5.75], "texture": "#3"},
				"south": {"uv": [13.5, 13.5, 13.75, 13.75], "texture": "#3"},
				"west": {"uv": [13, 7, 13.75, 7.25], "texture": "#3"},
				"up": {"uv": [13.25, 8.25, 13, 7.5], "texture": "#3"},
				"down": {"uv": [10.25, 13, 10, 13.75], "texture": "#3"}
			}
		}
	],
	"display": {
		"thirdperson_righthand": {
			"translation": [0, 7.25, 0],
			"scale": [1.2, 1.2, 1.2]
		},
		"thirdperson_lefthand": {
			"translation": [0, 7.25, 0],
			"scale": [1.2, 1.2, 1.2]
		},
		"firstperson_righthand": {
			"translation": [2.25, 6.75, 0],
			"scale": [1.1, 1.1, 1.1]
		},
		"firstperson_lefthand": {
			"translation": [2.25, 6.75, 0],
			"scale": [1.1, 1.1, 1.1]
		},
		"ground": {
			"translation": [0, 4.5, 0]
		},
		"gui": {
			"rotation": [3, 180, 0],
			"translation": [0, 6, 0],
			"scale": [1.4, 1.4, 1.4]
		},
		"head": {
			"translation": [0, 22.5, 0],
			"scale": [2, 2, 2]
		},
		"fixed": {
			"rotation": [-90, 0, 0],
			"translation": [0, 0, -24],
			"scale": [3, 3, 3]
		}
	},
	"groups": [
		{
			"name": "group",
			"origin": [8, 8, 8],
			"color": 0,
			"children": [
				{
					"name": "group",
					"origin": [7, 0, 7],
					"color": 0,
					"children": [0, 1, 2]
				},
				{
					"name": "group",
					"origin": [8, 8, 8],
					"color": 0,
					"children": [3, 4, 5, 6, 7, 8, 9, 10, 11, 12, 13, 14, 15, 16, 17, 18, 19, 20, 21, 22, 23, 24, 25, 26, 27, 28, 29]
				}
			]
		}
	]
}