{
	"credit": "Made with Blockbench",
	"texture_size": [64, 64],
	"textures": {
		"0": "custom:item/hoedjes/petten/geel",
		"particle": "custom:item/hoedjes/petten/geel"
	},
	"elements": [
		{
			"from": [4, 0, 4],
			"to": [12, 3, 12],
			"rotation": {"angle": 0, "axis": "y", "origin": [7, 0, 6]},
			"faces": {
				"north": {"uv": [4.5, 4.5, 6.5, 5.25], "texture": "#0"},
				"east": {"uv": [5, 2, 7, 2.75], "texture": "#0"},
				"south": {"uv": [5, 2.75, 7, 3.5], "texture": "#0"},
				"west": {"uv": [5, 3.5, 7, 4.25], "texture": "#0"},
				"up": {"uv": [6, 2, 4, 0], "texture": "#0"},
				"down": {"uv": [2, 4.5, 0, 6.5], "texture": "#0"}
			}
		},
		{
			"from": [4, 0, 3],
			"to": [12, 2, 13],
			"rotation": {"angle": 0, "axis": "y", "origin": [7, 0, 6]},
			"faces": {
				"north": {"uv": [6, 1, 8, 1.5], "texture": "#0"},
				"east": {"uv": [4.5, 5.25, 7, 5.75], "texture": "#0"},
				"south": {"uv": [6, 1.5, 8, 2], "texture": "#0"},
				"west": {"uv": [4.5, 5.75, 7, 6.25], "texture": "#0"},
				"up": {"uv": [2, 2.5, 0, 0], "texture": "#0"},
				"down": {"uv": [4, 0, 2, 2.5], "texture": "#0"}
			}
		},
		{
			"from": [3, 0, 4],
			"to": [13, 2, 12],
			"rotation": {"angle": 0, "axis": "y", "origin": [7, 0, 6]},
			"faces": {
				"north": {"uv": [6, 0, 8.5, 0.5], "texture": "#0"},
				"east": {"uv": [4.5, 6.25, 6.5, 6.75], "texture": "#0"},
				"south": {"uv": [6, 0.5, 8.5, 1], "texture": "#0"},
				"west": {"uv": [0, 6.5, 2, 7], "texture": "#0"},
				"up": {"uv": [2.5, 4.5, 0, 2.5], "texture": "#0"},
				"down": {"uv": [5, 2.5, 2.5, 4.5], "texture": "#0"}
			}
		},
		{
			"from": [3, 0, 4],
			"to": [4.4, 2, 5.4],
			"rotation": {"angle": 45, "axis": "y", "origin": [3, 0, 4]},
			"faces": {
				"north": {"uv": [4, 2, 4.25, 2.5], "texture": "#0"},
				"east": {"uv": [4.25, 2, 4.5, 2.5], "texture": "#0"},
				"south": {"uv": [4.5, 2, 4.75, 2.5], "texture": "#0"},
				"west": {"uv": [4.75, 2, 5, 2.5], "texture": "#0"},
				"up": {"uv": [7.25, 4.5, 7, 4.25], "texture": "#0"},
				"down": {"uv": [0.25, 7.25, 0, 7.5], "texture": "#0"}
			}
		},
		{
			"from": [3, 0, 12],
			"to": [4.4, 2, 13.4],
			"rotation": {"angle": 45, "axis": "y", "origin": [3, 0, 12]},
			"faces": {
				"north": {"uv": [5.75, 6.75, 6, 7.25], "texture": "#0"},
				"east": {"uv": [6, 6.75, 6.25, 7.25], "texture": "#0"},
				"south": {"uv": [6.25, 6.75, 6.5, 7.25], "texture": "#0"},
				"west": {"uv": [7, 2.75, 7.25, 3.25], "texture": "#0"},
				"up": {"uv": [0.5, 7.5, 0.25, 7.25], "texture": "#0"},
				"down": {"uv": [0.75, 7.25, 0.5, 7.5], "texture": "#0"}
			}
		},
		{
			"from": [11, 0, 4],
			"to": [12.4, 2, 5.4],
			"rotation": {"angle": 45, "axis": "y", "origin": [11, 0, 4]},
			"faces": {
				"north": {"uv": [7, 3.25, 7.25, 3.75], "texture": "#0"},
				"east": {"uv": [7, 3.75, 7.25, 4.25], "texture": "#0"},
				"south": {"uv": [4, 7, 4.25, 7.5], "texture": "#0"},
				"west": {"uv": [4.25, 7, 4.5, 7.5], "texture": "#0"},
				"up": {"uv": [1, 7.5, 0.75, 7.25], "texture": "#0"},
				"down": {"uv": [1.25, 7.25, 1, 7.5], "texture": "#0"}
			}
		},
		{
			"from": [11, 0, 12],
			"to": [12.4, 2, 13.4],
			"rotation": {"angle": 45, "axis": "y", "origin": [11, 0, 12]},
			"faces": {
				"north": {"uv": [7, 5.25, 7.25, 5.75], "texture": "#0"},
				"east": {"uv": [7, 5.75, 7.25, 6.25], "texture": "#0"},
				"south": {"uv": [6.75, 7, 7, 7.5], "texture": "#0"},
				"west": {"uv": [7, 7, 7.25, 7.5], "texture": "#0"},
				"up": {"uv": [1.5, 7.5, 1.25, 7.25], "texture": "#0"},
				"down": {"uv": [1.75, 7.25, 1.5, 7.5], "texture": "#0"}
			}
		},
		{
			"from": [11, 2, 4],
			"to": [12.4, 3.4, 12],
			"rotation": {"angle": -45, "axis": "z", "origin": [11, 2, 4]},
			"faces": {
				"north": {"uv": [2.25, 7.25, 2.5, 7.5], "texture": "#0"},
				"east": {"uv": [6.5, 4.75, 8.5, 5], "texture": "#0"},
				"south": {"uv": [2.5, 7.25, 2.75, 7.5], "texture": "#0"},
				"west": {"uv": [6.5, 5, 8.5, 5.25], "texture": "#0"},
				"up": {"uv": [5, 8.75, 4.75, 6.75], "texture": "#0"},
				"down": {"uv": [5.25, 6.75, 5, 8.75], "texture": "#0"}
			}
		},
		{
			"from": [4, 2, 11.6],
			"to": [12, 3.4, 13],
			"rotation": {"angle": -45, "axis": "x", "origin": [4, 2, 13]},
			"faces": {
				"north": {"uv": [6.75, 6.25, 8.75, 6.5], "texture": "#0"},
				"east": {"uv": [2.75, 7.25, 3, 7.5], "texture": "#0"},
				"south": {"uv": [6.75, 6.5, 8.75, 6.75], "texture": "#0"},
				"west": {"uv": [7.25, 2.75, 7.5, 3], "texture": "#0"},
				"up": {"uv": [8.75, 7, 6.75, 6.75], "texture": "#0"},
				"down": {"uv": [2, 7, 0, 7.25], "texture": "#0"}
			}
		},
		{
			"from": [-1, 0, 3],
			"to": [4, 0, 13],
			"rotation": {"angle": 0, "axis": "y", "origin": [0, 0, 3]},
			"faces": {
				"north": {"uv": [0, 0, 1.25, 0], "texture": "#0"},
				"east": {"uv": [0, 0, 2.5, 0], "texture": "#0"},
				"south": {"uv": [0, 0, 1.25, 0], "texture": "#0"},
				"west": {"uv": [0, 0, 2.5, 0], "texture": "#0"},
				"up": {"uv": [3.25, 7, 2, 4.5], "texture": "#0"},
				"down": {"uv": [4.5, 4.5, 3.25, 7], "texture": "#0"}
			}
		},
		{
			"from": [-2, 0, 4],
			"to": [-1, 0, 12],
			"rotation": {"angle": 0, "axis": "y", "origin": [-2, 0, 4]},
			"faces": {
				"north": {"uv": [0, 0, 0.25, 0], "texture": "#0"},
				"east": {"uv": [0, 0, 2, 0], "texture": "#0"},
				"south": {"uv": [0, 0, 0.25, 0], "texture": "#0"},
				"west": {"uv": [0, 0, 2, 0], "texture": "#0"},
				"up": {"uv": [5.5, 8.75, 5.25, 6.75], "texture": "#0"},
				"down": {"uv": [5.75, 6.75, 5.5, 8.75], "texture": "#0"}
			}
		},
		{
			"from": [-1, 0, 11],
			"to": [0.4, 0, 12.4],
			"rotation": {"angle": -45, "axis": "y", "origin": [-1, 0, 11]},
			"faces": {
				"north": {"uv": [0, 0, 0.25, 0], "texture": "#0"},
				"east": {"uv": [0, 0, 0.25, 0], "texture": "#0"},
				"south": {"uv": [0, 0, 0.25, 0], "texture": "#0"},
				"west": {"uv": [0, 0, 0.25, 0], "texture": "#0"},
				"up": {"uv": [3.75, 7.5, 3.5, 7.25], "texture": "#0"},
				"down": {"uv": [7.5, 3.5, 7.25, 3.75], "texture": "#0"}
			}
		},
		{
			"from": [-1, 0, 3],
			"to": [0.4, 0, 4.4],
			"rotation": {"angle": -45, "axis": "y", "origin": [-1, 0, 3]},
			"faces": {
				"north": {"uv": [0, 0, 0.25, 0], "texture": "#0"},
				"east": {"uv": [0, 0, 0.25, 0], "texture": "#0"},
				"south": {"uv": [0, 0, 0.25, 0], "texture": "#0"},
				"west": {"uv": [0, 0, 0.25, 0], "texture": "#0"},
				"up": {"uv": [3.5, 7.5, 3.25, 7.25], "texture": "#0"},
				"down": {"uv": [7.5, 3.25, 7.25, 3.5], "texture": "#0"}
			}
		},
		{
			"from": [4, 2, 3.6],
			"to": [12, 3.4, 5],
			"rotation": {"angle": -45, "axis": "x", "origin": [4, 2, 5]},
			"faces": {
				"north": {"uv": [2, 7, 4, 7.25], "texture": "#0"},
				"east": {"uv": [3, 7.25, 3.25, 7.5], "texture": "#0"},
				"south": {"uv": [7, 2, 9, 2.25], "texture": "#0"},
				"west": {"uv": [7.25, 3, 7.5, 3.25], "texture": "#0"},
				"up": {"uv": [9, 2.5, 7, 2.25], "texture": "#0"},
				"down": {"uv": [9, 2.5, 7, 2.75], "texture": "#0"}
			}
		},
		{
			"from": [3, 2, 4],
			"to": [4.4, 3.4, 12],
			"rotation": {"angle": -45, "axis": "z", "origin": [3, 2, 4]},
			"faces": {
				"north": {"uv": [1.75, 7.25, 2, 7.5], "texture": "#0"},
				"east": {"uv": [5, 4.25, 7, 4.5], "texture": "#0"},
				"south": {"uv": [2, 7.25, 2.25, 7.5], "texture": "#0"},
				"west": {"uv": [6.5, 4.5, 8.5, 4.75], "texture": "#0"},
				"up": {"uv": [6.75, 8.25, 6.5, 6.25], "texture": "#0"},
				"down": {"uv": [4.75, 6.75, 4.5, 8.75], "texture": "#0"}
			}
		}
	],
	"display": {
		"thirdperson_righthand": {
			"rotation": [13.82, -49.8, 29.32],
			"translation": [-2.5, 5, 0],
			"scale": [0.8, 0.8, 0.8]
		},
		"thirdperson_lefthand": {
			"rotation": [0, 127, -10],
			"translation": [-1.75, 5, 0.5],
			"scale": [0.8, 0.8, 0.8]
		},
		"firstperson_righthand": {
			"rotation": [0, -74.25, 0],
			"translation": [3.5, 5.75, 0]
		},
		"firstperson_lefthand": {
			"rotation": [-180, 72.25, 180],
			"translation": [3.5, 5.75, 0]
		},
		"ground": {
			"translation": [0, 4.75, 0]
		},
		"gui": {
			"rotation": [18.91, 49.53, 2.9],
			"translation": [1.25, 4.25, 0]
		},
		"head": {
			"rotation": [87.49, -84.14, 79.12],
			"translation": [-1.25, 15.5, 1.5],
			"scale": [1.5, 1.5, 1.5]
		},
		"fixed": {
			"rotation": [-90, -90, 0],
			"translation": [0, 0, -9.75],
			"scale": [1.2, 1.2, 1.2]
		}
	},
	"groups": [
		{
			"name": "group",
			"origin": [7, 0, 6],
			"color": 0,
			"children": [0, 1, 2, 3, 4, 5, 6, 7, 8, 9, 10, 11, 12, 13, 14]
		}
	]
}