{
	"credit": "Made with Blockbench",
	"texture_size": [32, 32],
	"textures": {
		"0": "custom:item/mario/pet_mario",
		"particle": "custom:item/mario/pet_mario"
	},
	"elements": [
		{
			"from": [4, 0, 4],
			"to": [12, 2, 12],
			"rotation": {"angle": 0, "axis": "y", "origin": [8, 1.5, 5]},
			"faces": {
				"north": {"uv": [8, 1.5, 15.5, 3.5], "texture": "#0"},
				"east": {"uv": [11, 0, 15, 1], "texture": "#0"},
				"south": {"uv": [3, 8, 7, 9], "texture": "#0"},
				"west": {"uv": [8, 3.5, 12, 4.5], "texture": "#0"},
				"up": {"uv": [4, 4, 0, 0], "texture": "#0"},
				"down": {"uv": [4, 4, 0, 8], "texture": "#0"}
			}
		},
		{
			"from": [4, 0, 1],
			"to": [12, 0, 4],
			"rotation": {"angle": 0, "axis": "y", "origin": [8, 1.5, 5]},
			"faces": {
				"north": {"uv": [0, 0, 4, 0], "texture": "#0"},
				"east": {"uv": [0, 0, 2, 0], "texture": "#0"},
				"south": {"uv": [0, 0, 4, 0], "texture": "#0"},
				"west": {"uv": [0, 0, 2, 0], "texture": "#0"},
				"up": {"uv": [8, 1.5, 4, 0], "texture": "#0"},
				"down": {"uv": [8, 2, 4, 3.5], "texture": "#0"}
			}
		},
		{
			"from": [5, 2.5, 4.2],
			"to": [11, 3.5, 7],
			"rotation": {"angle": 0, "axis": "y", "origin": [8, 1.5, 5]},
			"faces": {
				"north": {"uv": [8.5, 9, 11.5, 9.5], "texture": "#0"},
				"east": {"uv": [5, 9.5, 6.5, 10], "texture": "#0"},
				"south": {"uv": [0, 9.5, 3, 10], "texture": "#0"},
				"west": {"uv": [0, 10, 1.5, 10.5], "texture": "#0"},
				"up": {"uv": [3, 9.5, 0, 8], "texture": "#0"},
				"down": {"uv": [11, 0, 8, 1.5], "texture": "#0"}
			}
		},
		{
			"from": [4, 2, 4],
			"to": [12, 2.5, 8.5],
			"rotation": {"angle": 0, "axis": "y", "origin": [8, 1.5, 5]},
			"faces": {
				"north": {"uv": [8, 4.5, 12.5, 5], "texture": "#0"},
				"east": {"uv": [3, 9.5, 5, 10], "texture": "#0"},
				"south": {"uv": [8, 5, 12, 5.5], "texture": "#0"},
				"west": {"uv": [8.5, 9.5, 10.5, 10], "texture": "#0"},
				"up": {"uv": [8, 6, 4, 4], "texture": "#0"},
				"down": {"uv": [8, 6, 4, 8], "texture": "#0"}
			}
		},
		{
			"from": [4.75, 2, 8.5],
			"to": [11.25, 2.5, 9.25],
			"rotation": {"angle": 0, "axis": "y", "origin": [8, 1.5, 5.5]},
			"faces": {
				"north": {"uv": [0, 12, 3, 12.5], "texture": "#0"},
				"east": {"uv": [3, 11, 3.5, 11.5], "texture": "#0"},
				"south": {"uv": [0, 11.5, 3, 12], "texture": "#0"},
				"west": {"uv": [3, 10.5, 3.5, 11], "texture": "#0"},
				"up": {"uv": [3, 11.5, 0, 11], "texture": "#0"},
				"down": {"uv": [3, 10.5, 0, 11], "texture": "#0"}
			}
		},
		{
			"from": [5.5, 2.5, 7],
			"to": [10.5, 3, 7.75],
			"rotation": {"angle": 0, "axis": "y", "origin": [8, 2, 4]},
			"faces": {
				"north": {"uv": [0, 14, 2.5, 14.5], "texture": "#0"},
				"east": {"uv": [2.5, 12.5, 3, 13], "texture": "#0"},
				"south": {"uv": [0, 13.5, 2.5, 14], "texture": "#0"},
				"west": {"uv": [2.5, 13, 3, 13.5], "texture": "#0"},
				"up": {"uv": [2.5, 13, 0, 12.5], "texture": "#0"},
				"down": {"uv": [2.5, 13, 0, 13.5], "texture": "#0"}
			}
		},
		{
			"from": [3.5, 0.5, 4.5],
			"to": [4, 1.5, 11.5],
			"rotation": {"angle": 0, "axis": "y", "origin": [2, -0.25, 6]},
			"faces": {
				"north": {"uv": [1.5, 10, 2, 10.5], "texture": "#0"},
				"east": {"uv": [8, 5.5, 11.5, 6], "texture": "#0"},
				"south": {"uv": [2, 10, 2.5, 10.5], "texture": "#0"},
				"west": {"uv": [8, 6, 11.5, 6.5], "texture": "#0"},
				"up": {"uv": [8.5, 10, 8, 6.5], "texture": "#0"},
				"down": {"uv": [7.5, 8, 7, 11.5], "texture": "#0"}
			}
		},
		{
			"from": [4.5, 0.5, 12],
			"to": [11.5, 1.5, 12.5],
			"rotation": {"angle": 0, "axis": "y", "origin": [10, -0.25, 10.5]},
			"faces": {
				"north": {"uv": [8.5, 6.5, 12, 7], "texture": "#0"},
				"east": {"uv": [2.5, 10, 3, 10.5], "texture": "#0"},
				"south": {"uv": [8.5, 7, 12, 7.5], "texture": "#0"},
				"west": {"uv": [3, 10, 3.5, 10.5], "texture": "#0"},
				"up": {"uv": [12, 8, 8.5, 7.5], "texture": "#0"},
				"down": {"uv": [12, 8, 8.5, 8.5], "texture": "#0"}
			}
		},
		{
			"from": [12, 0.5, 4.5],
			"to": [12.5, 1.5, 11.5],
			"rotation": {"angle": 0, "axis": "y", "origin": [14, -0.25, 6]},
			"faces": {
				"north": {"uv": [3.5, 10, 4, 10.5], "texture": "#0"},
				"east": {"uv": [8.5, 8.5, 12, 9], "texture": "#0"},
				"south": {"uv": [4, 10, 4.5, 10.5], "texture": "#0"},
				"west": {"uv": [3, 9, 6.5, 9.5], "texture": "#0"},
				"up": {"uv": [8, 11.5, 7.5, 8], "texture": "#0"},
				"down": {"uv": [7, 9, 6.5, 12.5], "texture": "#0"}
			}
		}
	],
	"display": {
		"thirdperson_righthand": {
			"rotation": [-11.25, 0, 0],
			"translation": [0, 5.5, 0],
			"scale": [0.8, 0.8, 0.8]
		},
		"thirdperson_lefthand": {
			"rotation": [-11.25, 0, 0],
			"translation": [0, 5.5, 0],
			"scale": [0.8, 0.8, 0.8]
		},
		"firstperson_righthand": {
			"translation": [4.25, 5.5, 0]
		},
		"firstperson_lefthand": {
			"translation": [4.25, 5.5, 0]
		},
		"ground": {
			"translation": [0, 2.25, 0],
			"scale": [0.75, 0.75, 0.75]
		},
		"gui": {
			"rotation": [30, 225, 0],
			"translation": [0, 4.75, 0]
		},
		"head": {
			"rotation": [3.25, 0, 0],
			"translation": [0, 19.75, 0.75],
			"scale": [2, 2, 2]
		},
		"fixed": {
			"rotation": [-90, 0, 0],
			"translation": [0, 0, -16.25],
			"scale": [2, 2, 2]
		}
	},
	"groups": [
		{
			"name": "group",
			"origin": [8, 8, 8],
			"color": 0,
			"children": [0, 1, 2, 3, 4, 5, 6, 7, 8]
		}
	]
}