{
	"credit": "Made with Blockbench",
	"texture_size": [64, 64],
	"textures": {
		"0": "custom:item/hoedjes/helmen/bouwvakker",
		"particle": "custom:item/hoedjes/helmen/bouwvakker"
	},
	"elements": [
		{
			"from": [4, 6, 2.5],
			"to": [12, 10, 12.5],
			"faces": {
				"north": {"uv": [5.75, 7.25, 7.75, 8.25], "texture": "#0"},
				"east": {"uv": [6.5, 2.25, 9, 3.25], "texture": "#0"},
				"south": {"uv": [4.5, 5, 6.5, 6], "texture": "#0"},
				"west": {"uv": [6.5, 3.25, 9, 4.25], "texture": "#0"},
				"up": {"uv": [6, 2.5, 4, 0], "texture": "#0"},
				"down": {"uv": [6.5, 2.5, 4.5, 5], "texture": "#0"}
			}
		},
		{
			"from": [3, 5, 0],
			"to": [4, 6, 12],
			"faces": {
				"north": {"uv": [4, 3.25, 4.25, 3.5], "texture": "#0"},
				"east": {"uv": [7.5, 1.5, 10.5, 1.75], "texture": "#0"},
				"south": {"uv": [4.25, 3.25, 4.5, 3.5], "texture": "#0"},
				"west": {"uv": [7.5, 1.75, 10.5, 2], "texture": "#0"},
				"up": {"uv": [3.75, 10.75, 3.5, 7.75], "texture": "#0"},
				"down": {"uv": [4, 7.75, 3.75, 10.75], "texture": "#0"}
			}
		},
		{
			"from": [5, 10, 3],
			"to": [11, 11, 12],
			"faces": {
				"north": {"uv": [2, 8, 3.5, 8.25], "texture": "#0"},
				"east": {"uv": [7.75, 7.5, 10, 7.75], "texture": "#0"},
				"south": {"uv": [2, 8.25, 3.5, 8.5], "texture": "#0"},
				"west": {"uv": [7.75, 7.75, 10, 8], "texture": "#0"},
				"up": {"uv": [1.75, 8, 0.25, 5.75], "texture": "#0"},
				"down": {"uv": [0.25, 5.75, 1.75, 8], "texture": "#0"}
			}
		},
		{
			"from": [4, 10, 4],
			"to": [12, 11, 11],
			"faces": {
				"north": {"uv": [7.75, 8, 9.75, 8.25], "texture": "#0"},
				"east": {"uv": [4.5, 8.5, 6.25, 8.75], "texture": "#0"},
				"south": {"uv": [4.5, 8.25, 6.5, 8.5], "texture": "#0"},
				"west": {"uv": [6.25, 8.5, 8, 8.75], "texture": "#0"},
				"up": {"uv": [2, 7.75, 0, 6], "texture": "#0"},
				"down": {"uv": [0, 6, 2, 7.75], "texture": "#0"}
			}
		},
		{
			"from": [4, 5, -1],
			"to": [12, 6, 13],
			"faces": {
				"north": {"uv": [6.5, 8.25, 8.5, 8.5], "texture": "#0"},
				"east": {"uv": [7.5, 1, 11, 1.25], "texture": "#0"},
				"south": {"uv": [4.5, 6, 6.5, 6.25], "texture": "#0"},
				"west": {"uv": [7.5, 1.25, 11, 1.5], "texture": "#0"},
				"up": {"uv": [2, 3.5, 0, 0], "texture": "#0"},
				"down": {"uv": [4, 0, 2, 3.5], "texture": "#0"}
			}
		},
		{
			"from": [4, 3, 12],
			"to": [12, 5, 12],
			"faces": {
				"north": {"uv": [9.5, 0.5, 7.5, 1], "texture": "#0"},
				"east": {"uv": [0, 0, 0, 0.5], "texture": "#0"},
				"south": {"uv": [7.5, 0.5, 9.5, 1], "texture": "#0"},
				"west": {"uv": [0, 0, 0, 0.5], "texture": "#0"},
				"up": {"uv": [2, 0, 0, 0], "texture": "#0"},
				"down": {"uv": [2, 0, 0, 0], "texture": "#0"}
			}
		},
		{
			"from": [3.5, 3.5, 4],
			"to": [3.5, 5, 5],
			"faces": {
				"north": {"uv": [0, 0, 0, 0.5], "texture": "#0"},
				"east": {"uv": [4, 5.75, 4.25, 6.25], "texture": "#0"},
				"south": {"uv": [0, 0, 0, 0.5], "texture": "#0"},
				"west": {"uv": [4.25, 5.75, 4.5, 6.25], "texture": "#0"},
				"up": {"uv": [0, 0.25, 0, 0], "texture": "#0"},
				"down": {"uv": [0, 0, 0, 0.25], "texture": "#0"}
			}
		},
		{
			"from": [12.5, 2.5, 4],
			"to": [12.5, 5, 5],
			"faces": {
				"north": {"uv": [0, 0, 0, 0.75], "texture": "#0"},
				"east": {"uv": [4, 2.5, 4.25, 3.25], "texture": "#0"},
				"south": {"uv": [0, 0, 0, 0.75], "texture": "#0"},
				"west": {"uv": [4.25, 2.5, 4.5, 3.25], "texture": "#0"},
				"up": {"uv": [0, 0.25, 0, 0], "texture": "#0"},
				"down": {"uv": [0, 0, 0, 0.25], "texture": "#0"}
			}
		},
		{
			"from": [12, 5, 0],
			"to": [13, 6, 12],
			"faces": {
				"north": {"uv": [6, 2.25, 6.25, 2.5], "texture": "#0"},
				"east": {"uv": [7.5, 2, 10.5, 2.25], "texture": "#0"},
				"south": {"uv": [6.25, 2.25, 6.5, 2.5], "texture": "#0"},
				"west": {"uv": [7.75, 7.25, 10.75, 7.5], "texture": "#0"},
				"up": {"uv": [4.25, 10.75, 4, 7.75], "texture": "#0"},
				"down": {"uv": [4.5, 7.75, 4.25, 10.75], "texture": "#0"}
			}
		},
		{
			"from": [12.5, 0, 5],
			"to": [12.5, 2.5, 6],
			"faces": {
				"north": {"uv": [0, 0, 0, 0.75], "texture": "#0"},
				"east": {"uv": [3.5, 5.75, 3.75, 6.5], "texture": "#0"},
				"south": {"uv": [0, 0, 0, 0.75], "texture": "#0"},
				"west": {"uv": [3.75, 5.75, 4, 6.5], "texture": "#0"},
				"up": {"uv": [0, 0.25, 0, 0], "texture": "#0"},
				"down": {"uv": [0, 0, 0, 0.25], "texture": "#0"}
			}
		},
		{
			"from": [3.5, 6, 3],
			"to": [12.5, 10, 12],
			"faces": {
				"north": {"uv": [6.5, 4.25, 8.75, 5.25], "texture": "#0"},
				"east": {"uv": [6.5, 5.25, 8.75, 6.25], "texture": "#0"},
				"south": {"uv": [6.5, 6.25, 8.75, 7.25], "texture": "#0"},
				"west": {"uv": [3.5, 6.75, 5.75, 7.75], "texture": "#0"},
				"up": {"uv": [2.25, 5.75, 0, 3.5], "texture": "#0"},
				"down": {"uv": [4.5, 3.5, 2.25, 5.75], "texture": "#0"}
			}
		}
	],
	"display": {
		"thirdperson_righthand": {
			"scale": [0.75, 0.75, 0.75]
		},
		"thirdperson_lefthand": {
			"scale": [0.75, 0.75, 0.75]
		},
		"firstperson_righthand": {
			"translation": [1.75, 0, 0]
		},
		"firstperson_lefthand": {
			"translation": [1.75, 0, 0]
		},
		"ground": {
			"scale": [0.75, 0.75, 0.75]
		},
		"head": {
			"rotation": [3.5, 0, 0],
			"translation": [0, 4.25, 0.75],
			"scale": [1.7, 1.7, 1.7]
		},
		"fixed": {
			"rotation": [-90, 0, 0],
			"translation": [0, 0, -4.5],
			"scale": [1.5, 1.5, 1.5]
		}
	},
	"groups": [
		{
			"name": "group",
			"origin": [8, 8, 8],
			"color": 0,
			"children": [0, 1, 2, 3, 4, 5, 6, 7, 8, 9, 10]
		}
	]
}