{
	"credit": "Made with Blockbench",
	"texture_size": [64, 64],
	"textures": {
		"0": "custom:item/hoedjes/helmen/helm1",
		"particle": "custom:item/hoedjes/helmen/helm1"
	},
	"elements": [
		{
			"from": [12.5, 0, 5],
			"to": [12.5, 2.5, 6],
			"faces": {
				"north": {"uv": [0, 0, 0, 0.75], "texture": "#0"},
				"east": {"uv": [0.5, 7.5, 0.75, 8.25], "texture": "#0"},
				"south": {"uv": [0, 0, 0, 0.75], "texture": "#0"},
				"west": {"uv": [0.75, 7.5, 1, 8.25], "texture": "#0"},
				"up": {"uv": [0, 0.25, 0, 0], "texture": "#0"},
				"down": {"uv": [0, 0, 0, 0.25], "texture": "#0"}
			}
		},
		{
			"from": [3.5, 0, 5],
			"to": [3.5, 2.5, 6],
			"faces": {
				"north": {"uv": [0, 0, 0, 0.75], "texture": "#0"},
				"east": {"uv": [4, 5, 4.25, 5.75], "texture": "#0"},
				"south": {"uv": [0, 0, 0, 0.75], "texture": "#0"},
				"west": {"uv": [3.75, 6, 4, 6.75], "texture": "#0"},
				"up": {"uv": [0, 0.25, 0, 0], "texture": "#0"},
				"down": {"uv": [0, 0, 0, 0.25], "texture": "#0"}
			}
		},
		{
			"from": [12.5, 2.5, 4],
			"to": [12.5, 6, 5],
			"faces": {
				"north": {"uv": [0, 0, 0, 1], "texture": "#0"},
				"east": {"uv": [0, 7.5, 0.25, 8.5], "texture": "#0"},
				"south": {"uv": [0, 0, 0, 1], "texture": "#0"},
				"west": {"uv": [0.25, 7.5, 0.5, 8.5], "texture": "#0"},
				"up": {"uv": [0, 0.25, 0, 0], "texture": "#0"},
				"down": {"uv": [0, 0, 0, 0.25], "texture": "#0"}
			}
		},
		{
			"from": [3.5, 2.5, 4],
			"to": [3.5, 6, 5],
			"faces": {
				"north": {"uv": [0, 0, 0, 1], "texture": "#0"},
				"east": {"uv": [1.5, 7.25, 1.75, 8.25], "texture": "#0"},
				"south": {"uv": [0, 0, 0, 1], "texture": "#0"},
				"west": {"uv": [1.75, 7.25, 2, 8.25], "texture": "#0"},
				"up": {"uv": [0, 0.25, 0, 0], "texture": "#0"},
				"down": {"uv": [0, 0, 0, 0.25], "texture": "#0"}
			}
		},
		{
			"from": [4, 5, 11],
			"to": [12, 6, 13],
			"faces": {
				"north": {"uv": [5.75, 6.75, 7.75, 7], "texture": "#0"},
				"east": {"uv": [1.5, 4.5, 2, 4.75], "texture": "#0"},
				"south": {"uv": [0, 7, 2, 7.25], "texture": "#0"},
				"west": {"uv": [1.5, 4.75, 2, 5], "texture": "#0"},
				"up": {"uv": [8.25, 3.5, 6.25, 3], "texture": "#0"},
				"down": {"uv": [8.25, 5.5, 6.25, 6], "texture": "#0"}
			}
		},
		{
			"from": [11, 5, 8],
			"to": [13, 6, 12],
			"faces": {
				"north": {"uv": [4, 7.5, 4.5, 7.75], "texture": "#0"},
				"east": {"uv": [6, 7.25, 7, 7.5], "texture": "#0"},
				"south": {"uv": [4.5, 7.5, 5, 7.75], "texture": "#0"},
				"west": {"uv": [7, 7.25, 8, 7.5], "texture": "#0"},
				"up": {"uv": [3.5, 8, 3, 7], "texture": "#0"},
				"down": {"uv": [4, 7, 3.5, 8], "texture": "#0"}
			}
		},
		{
			"from": [3.5, 6, 3],
			"to": [12.5, 10, 12],
			"faces": {
				"north": {"uv": [4, 5.75, 6.25, 6.75], "texture": "#0"},
				"east": {"uv": [5.75, 4.5, 8, 5.5], "texture": "#0"},
				"south": {"uv": [1.5, 6, 3.75, 7], "texture": "#0"},
				"west": {"uv": [6.25, 0, 8.5, 1], "texture": "#0"},
				"up": {"uv": [2.25, 2.25, 0, 0], "texture": "#0"},
				"down": {"uv": [2.25, 2.25, 0, 4.5], "texture": "#0"}
			}
		},
		{
			"from": [5, 10, 3],
			"to": [11, 11, 12],
			"faces": {
				"north": {"uv": [0, 6.75, 1.5, 7], "texture": "#0"},
				"east": {"uv": [6.25, 6, 8.5, 6.25], "texture": "#0"},
				"south": {"uv": [0, 7.25, 1.5, 7.5], "texture": "#0"},
				"west": {"uv": [6.25, 6.25, 8.5, 6.5], "texture": "#0"},
				"up": {"uv": [5.75, 5.75, 4.25, 3.5], "texture": "#0"},
				"down": {"uv": [1.5, 4.5, 0, 6.75], "texture": "#0"}
			}
		},
		{
			"from": [4, 10, 4],
			"to": [12, 11, 11],
			"faces": {
				"north": {"uv": [6.25, 6.5, 8.25, 6.75], "texture": "#0"},
				"east": {"uv": [4, 7, 5.75, 7.25], "texture": "#0"},
				"south": {"uv": [3.75, 6.75, 5.75, 7], "texture": "#0"},
				"west": {"uv": [5.75, 7, 7.5, 7.25], "texture": "#0"},
				"up": {"uv": [6.25, 1.75, 4.25, 0], "texture": "#0"},
				"down": {"uv": [6.25, 1.75, 4.25, 3.5], "texture": "#0"}
			}
		},
		{
			"from": [3, 5, 8],
			"to": [5, 6, 12],
			"faces": {
				"north": {"uv": [5.75, 5.5, 6.25, 5.75], "texture": "#0"},
				"east": {"uv": [4, 7.25, 5, 7.5], "texture": "#0"},
				"south": {"uv": [1, 7.5, 1.5, 7.75], "texture": "#0"},
				"west": {"uv": [5, 7.25, 6, 7.5], "texture": "#0"},
				"up": {"uv": [2.5, 8, 2, 7], "texture": "#0"},
				"down": {"uv": [3, 7, 2.5, 8], "texture": "#0"}
			}
		},
		{
			"from": [4, 6, 2.5],
			"to": [12, 10, 12.5],
			"faces": {
				"north": {"uv": [6.25, 1, 8.25, 2], "texture": "#0"},
				"east": {"uv": [1.5, 5, 4, 6], "texture": "#0"},
				"south": {"uv": [6.25, 2, 8.25, 3], "texture": "#0"},
				"west": {"uv": [5.75, 3.5, 8.25, 4.5], "texture": "#0"},
				"up": {"uv": [4.25, 2.5, 2.25, 0], "texture": "#0"},
				"down": {"uv": [4.25, 2.5, 2.25, 5], "texture": "#0"}
			}
		}
	],
	"display": {
		"thirdperson_righthand": {
			"scale": [0.75, 0.75, 0.75]
		},
		"thirdperson_lefthand": {
			"scale": [0.75, 0.75, 0.75]
		},
		"firstperson_righthand": {
			"translation": [1.75, 0, 0]
		},
		"firstperson_lefthand": {
			"translation": [1.75, 0, 0]
		},
		"ground": {
			"scale": [0.75, 0.75, 0.75]
		},
		"head": {
			"rotation": [3.5, 0, 0],
			"translation": [0, 4.25, 0.75],
			"scale": [1.7, 1.7, 1.7]
		},
		"fixed": {
			"rotation": [-90, 0, 0],
			"translation": [0, 0, -4.5],
			"scale": [1.5, 1.5, 1.5]
		}
	},
	"groups": [
		{
			"name": "group",
			"origin": [8, 8, 8],
			"color": 0,
			"children": [0, 1, 2, 3, 4, 5, 6, 7, 8, 9, 10]
		}
	]
}