{
	"credit": "Made with Blockbench",
	"texture_size": [64, 64],
	"textures": {
		"0": "custom:item/hoedjes/helmen/helm2",
		"particle": "custom:item/hoedjes/helmen/helm2"
	},
	"elements": [
		{
			"from": [7.25, 12.5, 6.75],
			"to": [8.75, 13.5, 8.25],
			"faces": {
				"north": {"uv": [3, 8.25, 3.5, 8.5], "texture": "#0"},
				"east": {"uv": [8.25, 3, 8.75, 3.25], "texture": "#0"},
				"south": {"uv": [8.25, 3.25, 8.75, 3.5], "texture": "#0"},
				"west": {"uv": [3.5, 8.25, 4, 8.5], "texture": "#0"},
				"up": {"uv": [1.5, 8.25, 1, 7.75], "texture": "#0"},
				"down": {"uv": [2, 7.75, 1.5, 8.25], "texture": "#0"}
			}
		},
		{
			"from": [4, 6, 2.5],
			"to": [12, 10, 12.5],
			"faces": {
				"north": {"uv": [6.25, 1, 8.25, 2], "texture": "#0"},
				"east": {"uv": [1.5, 5, 4, 6], "texture": "#0"},
				"south": {"uv": [6.25, 2, 8.25, 3], "texture": "#0"},
				"west": {"uv": [5.75, 3.5, 8.25, 4.5], "texture": "#0"},
				"up": {"uv": [4.25, 2.5, 2.25, 0], "texture": "#0"},
				"down": {"uv": [4.25, 2.5, 2.25, 5], "texture": "#0"}
			}
		},
		{
			"from": [7.75, 14.5, 7.25],
			"to": [8.25, 15.5, 7.75],
			"faces": {
				"north": {"uv": [3.75, 6.25, 4, 6.5], "texture": "#0"},
				"east": {"uv": [3.75, 6.5, 4, 6.75], "texture": "#0"},
				"south": {"uv": [6, 6.75, 6.25, 7], "texture": "#0"},
				"west": {"uv": [8.25, 3.5, 8.5, 3.75], "texture": "#0"},
				"up": {"uv": [8.5, 4, 8.25, 3.75], "texture": "#0"},
				"down": {"uv": [4.25, 8.25, 4, 8.5], "texture": "#0"}
			}
		},
		{
			"from": [4, 5, 11],
			"to": [12, 6, 13],
			"faces": {
				"north": {"uv": [6.25, 7, 8.25, 7.25], "texture": "#0"},
				"east": {"uv": [2.75, 8, 3.25, 8.25], "texture": "#0"},
				"south": {"uv": [0, 7.25, 2, 7.5], "texture": "#0"},
				"west": {"uv": [8, 5.25, 8.5, 5.5], "texture": "#0"},
				"up": {"uv": [8.25, 3.5, 6.25, 3], "texture": "#0"},
				"down": {"uv": [8.25, 5.5, 6.25, 6], "texture": "#0"}
			}
		},
		{
			"from": [11, 5, 9],
			"to": [13, 6, 12],
			"faces": {
				"north": {"uv": [7.25, 8, 7.75, 8.25], "texture": "#0"},
				"east": {"uv": [7.75, 7.5, 8.5, 7.75], "texture": "#0"},
				"south": {"uv": [7.75, 8, 8.25, 8.25], "texture": "#0"},
				"west": {"uv": [7.75, 7.75, 8.5, 8], "texture": "#0"},
				"up": {"uv": [4.75, 8.25, 4.25, 7.5], "texture": "#0"},
				"down": {"uv": [5.25, 7.5, 4.75, 8.25], "texture": "#0"}
			}
		},
		{
			"from": [11, 5, 3],
			"to": [13, 6, 6],
			"faces": {
				"north": {"uv": [0, 8.25, 0.5, 8.5], "texture": "#0"},
				"east": {"uv": [2, 8, 2.75, 8.25], "texture": "#0"},
				"south": {"uv": [0.5, 8.25, 1, 8.5], "texture": "#0"},
				"west": {"uv": [8, 4.5, 8.75, 4.75], "texture": "#0"},
				"up": {"uv": [5.75, 8.25, 5.25, 7.5], "texture": "#0"},
				"down": {"uv": [6.25, 7.5, 5.75, 8.25], "texture": "#0"}
			}
		},
		{
			"from": [7, 12, 6.5],
			"to": [9, 12.5, 8.5],
			"faces": {
				"north": {"uv": [8.25, 2.25, 8.75, 2.5], "texture": "#0"},
				"east": {"uv": [2.5, 8.25, 3, 8.5], "texture": "#0"},
				"south": {"uv": [8.25, 2.5, 8.75, 2.75], "texture": "#0"},
				"west": {"uv": [8.25, 2.75, 8.75, 3], "texture": "#0"},
				"up": {"uv": [0.5, 8.25, 0, 7.75], "texture": "#0"},
				"down": {"uv": [1, 7.75, 0.5, 8.25], "texture": "#0"}
			}
		},
		{
			"from": [7.25, 11, 6.75],
			"to": [8.75, 12, 8.25],
			"faces": {
				"north": {"uv": [8.25, 1.5, 8.75, 1.75], "texture": "#0"},
				"east": {"uv": [8.25, 1.75, 8.75, 2], "texture": "#0"},
				"south": {"uv": [2, 8.25, 2.5, 8.5], "texture": "#0"},
				"west": {"uv": [8.25, 2, 8.75, 2.25], "texture": "#0"},
				"up": {"uv": [2, 5, 1.5, 4.5], "texture": "#0"},
				"down": {"uv": [7.75, 7.5, 7.25, 8], "texture": "#0"}
			}
		},
		{
			"from": [3, 5, 3],
			"to": [5, 6, 6],
			"faces": {
				"north": {"uv": [1, 8.25, 1.5, 8.5], "texture": "#0"},
				"east": {"uv": [8, 4.75, 8.75, 5], "texture": "#0"},
				"south": {"uv": [8.25, 1, 8.75, 1.25], "texture": "#0"},
				"west": {"uv": [8, 5, 8.75, 5.25], "texture": "#0"},
				"up": {"uv": [6.75, 8.25, 6.25, 7.5], "texture": "#0"},
				"down": {"uv": [7.25, 7.5, 6.75, 8.25], "texture": "#0"}
			}
		},
		{
			"from": [7.75, 11, 5.5],
			"to": [8.25, 11.5, 6],
			"faces": {
				"north": {"uv": [8.25, 4, 8.5, 4.25], "texture": "#0"},
				"east": {"uv": [4.25, 8.25, 4.5, 8.5], "texture": "#0"},
				"south": {"uv": [8.25, 4.25, 8.5, 4.5], "texture": "#0"},
				"west": {"uv": [4.5, 8.25, 4.75, 8.5], "texture": "#0"},
				"up": {"uv": [5, 8.5, 4.75, 8.25], "texture": "#0"},
				"down": {"uv": [5.25, 8.25, 5, 8.5], "texture": "#0"}
			}
		},
		{
			"from": [7.75, 11, 9],
			"to": [8.25, 11.5, 9.5],
			"faces": {
				"north": {"uv": [5.25, 8.25, 5.5, 8.5], "texture": "#0"},
				"east": {"uv": [5.5, 8.25, 5.75, 8.5], "texture": "#0"},
				"south": {"uv": [8.25, 5.5, 8.5, 5.75], "texture": "#0"},
				"west": {"uv": [5.75, 8.25, 6, 8.5], "texture": "#0"},
				"up": {"uv": [8.5, 6, 8.25, 5.75], "texture": "#0"},
				"down": {"uv": [6.25, 8.25, 6, 8.5], "texture": "#0"}
			}
		},
		{
			"from": [9.25, 11, 7.25],
			"to": [9.75, 11.5, 7.75],
			"faces": {
				"north": {"uv": [8.25, 6.75, 8.5, 7], "texture": "#0"},
				"east": {"uv": [7, 8.25, 7.25, 8.5], "texture": "#0"},
				"south": {"uv": [8.25, 7, 8.5, 7.25], "texture": "#0"},
				"west": {"uv": [7.25, 8.25, 7.5, 8.5], "texture": "#0"},
				"up": {"uv": [7.75, 8.5, 7.5, 8.25], "texture": "#0"},
				"down": {"uv": [8, 8.25, 7.75, 8.5], "texture": "#0"}
			}
		},
		{
			"from": [6.25, 11, 7.25],
			"to": [6.75, 11.5, 7.75],
			"faces": {
				"north": {"uv": [8.25, 6, 8.5, 6.25], "texture": "#0"},
				"east": {"uv": [6.25, 8.25, 6.5, 8.5], "texture": "#0"},
				"south": {"uv": [8.25, 6.25, 8.5, 6.5], "texture": "#0"},
				"west": {"uv": [6.5, 8.25, 6.75, 8.5], "texture": "#0"},
				"up": {"uv": [8.5, 6.75, 8.25, 6.5], "texture": "#0"},
				"down": {"uv": [7, 8.25, 6.75, 8.5], "texture": "#0"}
			}
		},
		{
			"from": [7.5, 13.5, 7],
			"to": [8.5, 14.5, 8],
			"faces": {
				"north": {"uv": [2, 4.5, 2.25, 4.75], "texture": "#0"},
				"east": {"uv": [2, 4.75, 2.25, 5], "texture": "#0"},
				"south": {"uv": [4, 5, 4.25, 5.25], "texture": "#0"},
				"west": {"uv": [4, 5.25, 4.25, 5.5], "texture": "#0"},
				"up": {"uv": [4.25, 5.75, 4, 5.5], "texture": "#0"},
				"down": {"uv": [4, 6, 3.75, 6.25], "texture": "#0"}
			}
		},
		{
			"from": [4, 10, 4],
			"to": [12, 11, 11],
			"faces": {
				"north": {"uv": [2.25, 7, 4.25, 7.25], "texture": "#0"},
				"east": {"uv": [6, 7.25, 7.75, 7.5], "texture": "#0"},
				"south": {"uv": [4.25, 7, 6.25, 7.25], "texture": "#0"},
				"west": {"uv": [0, 7.5, 1.75, 7.75], "texture": "#0"},
				"up": {"uv": [6.25, 1.75, 4.25, 0], "texture": "#0"},
				"down": {"uv": [6.25, 1.75, 4.25, 3.5], "texture": "#0"}
			}
		},
		{
			"from": [3, 5, 9],
			"to": [5, 6, 12],
			"faces": {
				"north": {"uv": [5.75, 5.5, 6.25, 5.75], "texture": "#0"},
				"east": {"uv": [2, 7.75, 2.75, 8], "texture": "#0"},
				"south": {"uv": [2.75, 7.75, 3.25, 8], "texture": "#0"},
				"west": {"uv": [7.75, 7.25, 8.5, 7.5], "texture": "#0"},
				"up": {"uv": [3.75, 8.25, 3.25, 7.5], "texture": "#0"},
				"down": {"uv": [4.25, 7.5, 3.75, 8.25], "texture": "#0"}
			}
		},
		{
			"from": [4, 5, 2],
			"to": [12, 6, 4],
			"faces": {
				"north": {"uv": [2, 7.25, 4, 7.5], "texture": "#0"},
				"east": {"uv": [8.25, 1.25, 8.75, 1.5], "texture": "#0"},
				"south": {"uv": [4, 7.25, 6, 7.5], "texture": "#0"},
				"west": {"uv": [1.5, 8.25, 2, 8.5], "texture": "#0"},
				"up": {"uv": [8.25, 6.5, 6.25, 6], "texture": "#0"},
				"down": {"uv": [8.25, 6.5, 6.25, 7], "texture": "#0"}
			}
		},
		{
			"from": [3.5, 6, 3],
			"to": [12.5, 10, 12],
			"faces": {
				"north": {"uv": [4, 5.75, 6.25, 6.75], "texture": "#0"},
				"east": {"uv": [5.75, 4.5, 8, 5.5], "texture": "#0"},
				"south": {"uv": [1.5, 6, 3.75, 7], "texture": "#0"},
				"west": {"uv": [6.25, 0, 8.5, 1], "texture": "#0"},
				"up": {"uv": [2.25, 2.25, 0, 0], "texture": "#0"},
				"down": {"uv": [2.25, 2.25, 0, 4.5], "texture": "#0"}
			}
		},
		{
			"from": [5, 10, 3],
			"to": [11, 11, 12],
			"faces": {
				"north": {"uv": [0, 6.75, 1.5, 7], "texture": "#0"},
				"east": {"uv": [3.75, 6.75, 6, 7], "texture": "#0"},
				"south": {"uv": [1.75, 7.5, 3.25, 7.75], "texture": "#0"},
				"west": {"uv": [0, 7, 2.25, 7.25], "texture": "#0"},
				"up": {"uv": [5.75, 5.75, 4.25, 3.5], "texture": "#0"},
				"down": {"uv": [1.5, 4.5, 0, 6.75], "texture": "#0"}
			}
		}
	],
	"display": {
		"thirdperson_righthand": {
			"scale": [0.75, 0.75, 0.75]
		},
		"thirdperson_lefthand": {
			"scale": [0.75, 0.75, 0.75]
		},
		"firstperson_righthand": {
			"translation": [1.75, 0, 0]
		},
		"firstperson_lefthand": {
			"translation": [1.75, 0, 0]
		},
		"ground": {
			"scale": [0.75, 0.75, 0.75]
		},
		"head": {
			"rotation": [8.25, 0, 0],
			"translation": [0, 4.75, 1],
			"scale": [1.7, 1.7, 1.7]
		},
		"fixed": {
			"rotation": [-90, 0, 0],
			"translation": [0, 0, -4.5],
			"scale": [1.5, 1.5, 1.5]
		}
	},
	"groups": [
		{
			"name": "group",
			"origin": [8, 8, 8],
			"color": 0,
			"children": [0, 1, 2, 3, 4, 5, 6, 7, 8, 9, 10, 11, 12, 13, 14, 15, 16, 17, 18]
		}
	]
}