{
	"credit": "Made with Blockbench",
	"texture_size": [32, 32],
	"textures": {
		"0": "custom:item/hoedjes/makikroon",
		"particle": "custom:item/hoedjes/makikroon"
	},
	"elements": [
		{
			"from": [5, 0, 6],
			"to": [11, 3, 10],
			"faces": {
				"north": {"uv": [6, 4, 9, 5.5], "texture": "#0"},
				"east": {"uv": [2, 9, 4, 10.5], "texture": "#0"},
				"south": {"uv": [6, 5.5, 9, 7], "texture": "#0"},
				"west": {"uv": [9, 3, 11, 4.5], "texture": "#0"},
				"up": {"uv": [7, 2, 4, 0], "texture": "#0"},
				"down": {"uv": [7, 2, 4, 4], "texture": "#0"}
			}
		},
		{
			"from": [6, 0, 5],
			"to": [10, 3, 11],
			"faces": {
				"north": {"uv": [4, 9, 6, 10.5], "texture": "#0"},
				"east": {"uv": [7, 0, 10, 1.5], "texture": "#0"},
				"south": {"uv": [9, 4.5, 11, 6], "texture": "#0"},
				"west": {"uv": [7, 1.5, 10, 3], "texture": "#0"},
				"up": {"uv": [6, 7, 4, 4], "texture": "#0"},
				"down": {"uv": [2, 5, 0, 8], "texture": "#0"}
			}
		},
		{
			"from": [6, 3, 6],
			"to": [10, 4, 10],
			"faces": {
				"north": {"uv": [10, 8.5, 12, 9], "texture": "#0"},
				"east": {"uv": [1, 10.5, 3, 11], "texture": "#0"},
				"south": {"uv": [3, 10.5, 5, 11], "texture": "#0"},
				"west": {"uv": [8, 10.5, 10, 11], "texture": "#0"},
				"up": {"uv": [4, 7, 2, 5], "texture": "#0"},
				"down": {"uv": [4, 7, 2, 9], "texture": "#0"}
			}
		},
		{
			"from": [7, 3, 5],
			"to": [9, 4, 11],
			"faces": {
				"north": {"uv": [1, 10, 2, 10.5], "texture": "#0"},
				"east": {"uv": [10, 7, 13, 7.5], "texture": "#0"},
				"south": {"uv": [11, 5, 12, 5.5], "texture": "#0"},
				"west": {"uv": [10, 7.5, 13, 8], "texture": "#0"},
				"up": {"uv": [7, 12, 6, 9], "texture": "#0"},
				"down": {"uv": [8, 9, 7, 12], "texture": "#0"}
			}
		},
		{
			"from": [5, 3, 7],
			"to": [11, 4, 9],
			"faces": {
				"north": {"uv": [8, 10, 11, 10.5], "texture": "#0"},
				"east": {"uv": [11, 5.5, 12, 6], "texture": "#0"},
				"south": {"uv": [10, 8, 13, 8.5], "texture": "#0"},
				"west": {"uv": [8, 11, 9, 11.5], "texture": "#0"},
				"up": {"uv": [12, 7, 9, 6], "texture": "#0"},
				"down": {"uv": [11, 9, 8, 10], "texture": "#0"}
			}
		},
		{
			"from": [7, 4, 6],
			"to": [9, 5, 10],
			"faces": {
				"north": {"uv": [9, 11, 10, 11.5], "texture": "#0"},
				"east": {"uv": [10, 10.5, 12, 11], "texture": "#0"},
				"south": {"uv": [11, 9, 12, 9.5], "texture": "#0"},
				"west": {"uv": [11, 0, 13, 0.5], "texture": "#0"},
				"up": {"uv": [1, 12, 0, 10], "texture": "#0"},
				"down": {"uv": [11, 0, 10, 2], "texture": "#0"}
			}
		},
		{
			"from": [6, 4, 7],
			"to": [10, 5, 9],
			"faces": {
				"north": {"uv": [11, 0.5, 13, 1], "texture": "#0"},
				"east": {"uv": [11, 9.5, 12, 10], "texture": "#0"},
				"south": {"uv": [1, 11, 3, 11.5], "texture": "#0"},
				"west": {"uv": [10, 11, 11, 11.5], "texture": "#0"},
				"up": {"uv": [9, 4, 7, 3], "texture": "#0"},
				"down": {"uv": [12, 2, 10, 3], "texture": "#0"}
			}
		},
		{
			"from": [7, 5, 7],
			"to": [9, 7, 9],
			"faces": {
				"north": {"uv": [5, 10.5, 6, 11.5], "texture": "#0"},
				"east": {"uv": [11, 1, 12, 2], "texture": "#0"},
				"south": {"uv": [3, 11, 4, 12], "texture": "#0"},
				"west": {"uv": [11, 3, 12, 4], "texture": "#0"},
				"up": {"uv": [5, 12, 4, 11], "texture": "#0"},
				"down": {"uv": [12, 4, 11, 5], "texture": "#0"}
			}
		},
		{
			"from": [7.5, 7, 7.5],
			"to": [8.5, 8, 8.5],
			"faces": {
				"north": {"uv": [11, 10, 11.5, 10.5], "texture": "#0"},
				"east": {"uv": [11, 11, 11.5, 11.5], "texture": "#0"},
				"south": {"uv": [1, 11.5, 1.5, 12], "texture": "#0"},
				"west": {"uv": [1.5, 11.5, 2, 12], "texture": "#0"},
				"up": {"uv": [2.5, 12, 2, 11.5], "texture": "#0"},
				"down": {"uv": [3, 11.5, 2.5, 12], "texture": "#0"}
			}
		},
		{
			"from": [1, 2, 8],
			"to": [5, 6, 8],
			"faces": {
				"north": {"uv": [4, 7, 6, 9], "texture": "#0"},
				"east": {"uv": [0, 0, 0, 2], "texture": "#0"},
				"south": {"uv": [6, 7, 8, 9], "texture": "#0"},
				"west": {"uv": [0, 0, 0, 2], "texture": "#0"},
				"up": {"uv": [2, 0, 0, 0], "texture": "#0"},
				"down": {"uv": [2, 0, 0, 0], "texture": "#0"}
			}
		},
		{
			"from": [11, 2, 8],
			"to": [15, 6, 8],
			"faces": {
				"north": {"uv": [0, 8, 2, 10], "texture": "#0"},
				"east": {"uv": [0, 0, 0, 2], "texture": "#0"},
				"south": {"uv": [8, 7, 10, 9], "texture": "#0"},
				"west": {"uv": [0, 0, 0, 2], "texture": "#0"},
				"up": {"uv": [2, 0, 0, 0], "texture": "#0"},
				"down": {"uv": [2, 0, 0, 0], "texture": "#0"}
			}
		},
		{
			"from": [4, 6, 8],
			"to": [12, 11, 8],
			"faces": {
				"north": {"uv": [0, 0, 4, 2.5], "texture": "#0"},
				"east": {"uv": [0, 0, 0, 2.5], "texture": "#0"},
				"south": {"uv": [0, 2.5, 4, 5], "texture": "#0"},
				"west": {"uv": [0, 0, 0, 2.5], "texture": "#0"},
				"up": {"uv": [4, 0, 0, 0], "texture": "#0"},
				"down": {"uv": [4, 0, 0, 0], "texture": "#0"}
			}
		}
	],
	"display": {
		"thirdperson_righthand": {
			"translation": [0, 5.5, 0],
			"scale": [1.05, 1.05, 1.05]
		},
		"thirdperson_lefthand": {
			"translation": [0, 5.5, 0],
			"scale": [1.05, 1.05, 1.05]
		},
		"firstperson_righthand": {
			"translation": [3.25, 5.75, 0]
		},
		"firstperson_lefthand": {
			"translation": [3.25, 5.75, 0]
		},
		"ground": {
			"translation": [0, 3.5, 0]
		},
		"gui": {
			"translation": [0, 1.5, 0]
		},
		"head": {
			"translation": [0, 15.25, 0],
			"scale": [1.15, 1.15, 1.15]
		},
		"fixed": {
			"rotation": [-90, 0, 0],
			"translation": [0, 0, -11],
			"scale": [1.5, 1.5, 1.5]
		}
	},
	"groups": [
		{
			"name": "makikroon",
			"origin": [8, 8, 8],
			"color": 0,
			"children": [
				{
					"name": "basis",
					"origin": [8, 8, 8],
					"color": 0,
					"children": [0, 1, 2, 3, 4, 5, 6, 7, 8]
				},
				{
					"name": "lagebladeren",
					"origin": [8, 8, 8],
					"color": 0,
					"children": [9, 10]
				},
				{
					"name": "hogebladeren",
					"origin": [8, 8, 8],
					"color": 0,
					"children": [11]
				}
			]
		}
	]
}