{
	"credit": "Made with Blockbench",
	"texture_size": [32, 32],
	"textures": {
		"0": "custom:item/hoedjes/brillen/neusbril",
		"particle": "custom:item/hoedjes/brillen/neusbril"
	},
	"elements": [
		{
			"from": [16, 3, 3],
			"to": [16, 5, 12],
			"rotation": {"angle": 0, "axis": "y", "origin": [16, 1, 0]},
			"faces": {
				"north": {"uv": [0, 0, 0, 1], "texture": "#0"},
				"east": {"uv": [0, 5, 4.5, 6], "texture": "#0"},
				"south": {"uv": [0, 0, 0, 1], "texture": "#0"},
				"west": {"uv": [4.5, 5, 9, 6], "texture": "#0"},
				"up": {"uv": [0, 4.5, 0, 0], "texture": "#0"},
				"down": {"uv": [0, 0, 0, 4.5], "texture": "#0"}
			}
		},
		{
			"from": [0, 3, 3],
			"to": [0, 5, 12],
			"rotation": {"angle": 0, "axis": "y", "origin": [0, 1, 0]},
			"faces": {
				"north": {"uv": [0, 0, 0, 1], "texture": "#0"},
				"east": {"uv": [0, 6, 4.5, 7], "texture": "#0"},
				"south": {"uv": [0, 0, 0, 1], "texture": "#0"},
				"west": {"uv": [4.5, 6, 9, 7], "texture": "#0"},
				"up": {"uv": [0, 4.5, 0, 0], "texture": "#0"},
				"down": {"uv": [0, 0, 0, 4.5], "texture": "#0"}
			}
		},
		{
			"from": [0, 1, 3],
			"to": [16, 6, 3],
			"rotation": {"angle": 0, "axis": "y", "origin": [7, 0, 3]},
			"faces": {
				"north": {"uv": [0, 0, 8, 2.5], "texture": "#0"},
				"east": {"uv": [0, 0, 0, 2.5], "texture": "#0"},
				"south": {"uv": [8, 0, 0, 2.5], "texture": "#0"},
				"west": {"uv": [0, 0, 0, 2.5], "texture": "#0"},
				"up": {"uv": [8, 0, 0, 0], "texture": "#0"},
				"down": {"uv": [8, 0, 0, 0], "texture": "#0"}
			}
		},
		{
			"from": [7, 1, 1.15],
			"to": [9, 3, 2.9],
			"rotation": {"angle": 0, "axis": "y", "origin": [7, 1, 0.9]},
			"faces": {
				"north": {"uv": [6, 7, 5, 8], "texture": "#0"},
				"east": {"uv": [1, 7, 2, 8], "texture": "#0"},
				"south": {"uv": [2, 7, 3, 8], "texture": "#0"},
				"west": {"uv": [3, 7, 4, 8], "texture": "#0"},
				"up": {"uv": [5, 8, 4, 7], "texture": "#0"},
				"down": {"uv": [1.5, 4, 0, 5], "texture": "#0"}
			}
		},
		{
			"from": [7, 3, 1.9],
			"to": [9, 4.75, 2.9],
			"rotation": {"angle": 0, "axis": "y", "origin": [7, 1, 0.9]},
			"faces": {
				"north": {"uv": [6, 7, 7, 8], "texture": "#0"},
				"east": {"uv": [0, 8, 0.5, 9], "texture": "#0"},
				"south": {"uv": [7, 7, 8, 8], "texture": "#0"},
				"west": {"uv": [8, 0, 8.5, 1], "texture": "#0"},
				"up": {"uv": [1.5, 8.5, 0.5, 8], "texture": "#0"},
				"down": {"uv": [9, 1, 8, 1.5], "texture": "#0"}
			}
		},
		{
			"from": [7.5, 3, 1.4],
			"to": [8.5, 4, 1.9],
			"rotation": {"angle": 0, "axis": "y", "origin": [7, 1, 0.9]},
			"faces": {
				"north": {"uv": [8, 4.5, 8.5, 5], "texture": "#0"},
				"east": {"uv": [7, 5.5, 6.5, 6], "texture": "#0"},
				"south": {"uv": [7, 8, 7.5, 8.5], "texture": "#0"},
				"west": {"uv": [8, 7, 8.5, 7.5], "texture": "#0"},
				"up": {"uv": [8, 8.5, 7.5, 8], "texture": "#0"},
				"down": {"uv": [8.5, 7.5, 8, 8], "texture": "#0"}
			}
		},
		{
			"from": [6.5, 1, 1.9],
			"to": [7, 3.25, 2.9],
			"rotation": {"angle": 0, "axis": "y", "origin": [7, 1, 0.9]},
			"faces": {
				"north": {"uv": [8, 2.5, 8.5, 3.5], "texture": "#0"},
				"east": {"uv": [3.5, 8, 4, 9], "texture": "#0"},
				"south": {"uv": [8, 3.5, 8.5, 4.5], "texture": "#0"},
				"west": {"uv": [2, 4, 1.5, 5], "texture": "#0"},
				"up": {"uv": [1, 9, 0.5, 8.5], "texture": "#0"},
				"down": {"uv": [9, 0.5, 8.5, 1], "texture": "#0"}
			}
		},
		{
			"from": [9, 1, 1.9],
			"to": [9.5, 3.25, 2.9],
			"rotation": {"angle": 0, "axis": "y", "origin": [9.5, 1, 0.9]},
			"faces": {
				"north": {"uv": [2.5, 4, 2, 5], "texture": "#0"},
				"east": {"uv": [5, 8, 5.5, 9], "texture": "#0"},
				"south": {"uv": [5.5, 8, 6, 9], "texture": "#0"},
				"west": {"uv": [6, 8, 6.5, 9], "texture": "#0"},
				"up": {"uv": [1.5, 9, 1, 8.5], "texture": "#0"},
				"down": {"uv": [2, 8.5, 1.5, 9], "texture": "#0"}
			}
		},
		{
			"from": [7.25, 4.75, 1.9],
			"to": [8.75, 5, 2.9],
			"rotation": {"angle": 0, "axis": "y", "origin": [7, 1, 0.9]},
			"faces": {
				"north": {"uv": [1.5, 8, 2.5, 8.5], "texture": "#0"},
				"east": {"uv": [8, 8, 8.5, 8.5], "texture": "#0"},
				"south": {"uv": [8, 1.5, 9, 2], "texture": "#0"},
				"west": {"uv": [8.5, 0, 9, 0.5], "texture": "#0"},
				"up": {"uv": [9, 2.5, 8, 2], "texture": "#0"},
				"down": {"uv": [3.5, 8, 2.5, 8.5], "texture": "#0"}
			}
		}
	],
	"display": {
		"thirdperson_righthand": {
			"rotation": [62.75, 0, 0],
			"translation": [0, 0, 2.5],
			"scale": [0.5, 0.5, 0.5]
		},
		"thirdperson_lefthand": {
			"rotation": [62.75, 0, 0],
			"translation": [0, 0, 2.5],
			"scale": [0.5, 0.5, 0.5]
		},
		"firstperson_righthand": {
			"translation": [6.5, 1, 0]
		},
		"firstperson_lefthand": {
			"translation": [6.5, 1, 0]
		},
		"ground": {
			"translation": [0, 0.75, 0],
			"scale": [0.7, 0.7, 0.7]
		},
		"head": {
			"translation": [0, 3, -3]
		}
	},
	"groups": [
		{
			"name": "group",
			"origin": [8, 8, 8],
			"color": 0,
			"children": [
				0,
				1,
				2,
				{
					"name": "group",
					"origin": [7, 0, 3],
					"color": 0,
					"children": [3, 4, 5, 6, 7, 8]
				}
			]
		}
	]
}