{
	"credit": "Made with Blockbench",
	"texture_size": [64, 64],
	"textures": {
		"1": "custom:item/molens/wieken",
		"2": "custom:item/molens/wipmolens/rood",
		"particle": "custom:item/molens/wieken"
	},
	"elements": [
		{
			"from": [1, 2, 5.1],
			"to": [15, 16, 5.1],
			"rotation": {"angle": 0, "axis": "y", "origin": [8, 4.5, 2.96587]},
			"faces": {
				"north": {"uv": [14, 0, 0, 14], "texture": "#1"},
				"east": {"uv": [0, 0, 0, 3.5], "texture": "#1"},
				"south": {"uv": [0, 0, 14, 14], "texture": "#1"},
				"west": {"uv": [0, 0, 0, 3.5], "texture": "#1"},
				"up": {"uv": [3.5, 0, 0, 0], "texture": "#1"},
				"down": {"uv": [3.5, 0, 0, 0], "texture": "#1"}
			}
		},
		{
			"from": [7, 0.5, 12.25],
			"to": [9, 5.5, 12.5],
			"rotation": {"angle": -22.5, "axis": "x", "origin": [7, 0.5, 12.25]},
			"faces": {
				"north": {"uv": [7.25, 0.75, 7.75, 2], "texture": "#2"},
				"east": {"uv": [3.5, 7.25, 3.75, 8.5], "texture": "#2"},
				"south": {"uv": [7.25, 2, 7.75, 3.25], "texture": "#2"},
				"west": {"uv": [3.75, 7.25, 4, 8.5], "texture": "#2"},
				"up": {"uv": [4.5, 7.75, 4, 7.5], "texture": "#2"},
				"down": {"uv": [4.5, 7.75, 4, 8], "texture": "#2"}
			}
		},
		{
			"from": [7, 9.75, 5.25],
			"to": [9, 10, 10.75],
			"rotation": {"angle": 0, "axis": "y", "origin": [7, 4.75, 7]},
			"faces": {
				"north": {"uv": [2.5, 8, 3, 8.25], "texture": "#2"},
				"east": {"uv": [7.25, 3.25, 8.75, 3.5], "texture": "#2"},
				"south": {"uv": [4, 8, 4.5, 8.25], "texture": "#2"},
				"west": {"uv": [7.25, 3.5, 8.75, 3.75], "texture": "#2"},
				"up": {"uv": [3.5, 8.5, 3, 7], "texture": "#2"},
				"down": {"uv": [7, 7, 6.5, 8.5], "texture": "#2"}
			}
		},
		{
			"from": [6.5, 9.25, 5.25],
			"to": [9.5, 9.75, 10.75],
			"rotation": {"angle": 0, "axis": "y", "origin": [7, 5, 7]},
			"faces": {
				"north": {"uv": [5.5, 6.75, 6.25, 7], "texture": "#2"},
				"east": {"uv": [7.25, 3.75, 8.75, 4], "texture": "#2"},
				"south": {"uv": [4, 7.25, 4.75, 7.5], "texture": "#2"},
				"west": {"uv": [7.25, 4, 8.75, 4.25], "texture": "#2"},
				"up": {"uv": [7, 7, 6.25, 5.5], "texture": "#2"},
				"down": {"uv": [5.5, 6.75, 4.75, 8.25], "texture": "#2"}
			}
		},
		{
			"from": [6, 8.5, 5.25],
			"to": [10, 9.25, 10.75],
			"rotation": {"angle": 0, "axis": "y", "origin": [7, 4, 7]},
			"faces": {
				"north": {"uv": [5.5, 8, 6.5, 8.25], "texture": "#2"},
				"east": {"uv": [7.25, 4.25, 8.75, 4.5], "texture": "#2"},
				"south": {"uv": [0, 8.25, 1, 8.5], "texture": "#2"},
				"west": {"uv": [7.25, 4.5, 8.75, 4.75], "texture": "#2"},
				"up": {"uv": [7.25, 1.5, 6.25, 0], "texture": "#2"},
				"down": {"uv": [7.25, 1.5, 6.25, 3], "texture": "#2"}
			}
		},
		{
			"from": [5.75, 7.5, 5.25],
			"to": [10.25, 8.5, 10.75],
			"rotation": {"angle": 0, "axis": "y", "origin": [7, 4, 7]},
			"faces": {
				"north": {"uv": [7.75, 2.5, 9, 2.75], "texture": "#2"},
				"east": {"uv": [7.25, 4.75, 8.75, 5], "texture": "#2"},
				"south": {"uv": [7.75, 2.75, 9, 3], "texture": "#2"},
				"west": {"uv": [7.25, 5, 8.75, 5.25], "texture": "#2"},
				"up": {"uv": [6.25, 1.5, 5, 0], "texture": "#2"},
				"down": {"uv": [6.25, 1.5, 5, 3], "texture": "#2"}
			}
		},
		{
			"from": [6, 4.5, 5.5],
			"to": [10, 7.5, 10.5],
			"rotation": {"angle": 0, "axis": "y", "origin": [7, 4.5, 7]},
			"faces": {
				"north": {"uv": [7, 7, 8, 7.75], "texture": "#2"},
				"east": {"uv": [7, 5.5, 8.25, 6.25], "texture": "#2"},
				"south": {"uv": [7.25, 0, 8.25, 0.75], "texture": "#2"},
				"west": {"uv": [7, 6.25, 8.25, 7], "texture": "#2"},
				"up": {"uv": [7.25, 4.25, 6.25, 3], "texture": "#2"},
				"down": {"uv": [7.25, 4.25, 6.25, 5.5], "texture": "#2"}
			}
		},
		{
			"from": [6.25, 3.75, 6.25],
			"to": [9.75, 4.5, 9.75],
			"rotation": {"angle": 0, "axis": "y", "origin": [6, 3.75, 7]},
			"faces": {
				"north": {"uv": [8.25, 0, 9.25, 0.25], "texture": "#2"},
				"east": {"uv": [8.25, 0.25, 9.25, 0.5], "texture": "#2"},
				"south": {"uv": [8.25, 0.5, 9.25, 0.75], "texture": "#2"},
				"west": {"uv": [1, 8.25, 2, 8.5], "texture": "#2"},
				"up": {"uv": [1, 8, 0, 7], "texture": "#2"},
				"down": {"uv": [2, 7, 1, 8], "texture": "#2"}
			}
		},
		{
			"from": [6, 3, 6],
			"to": [10, 3.75, 10],
			"rotation": {"angle": 0, "axis": "y", "origin": [6, 3, 7]},
			"faces": {
				"north": {"uv": [2, 8.25, 3, 8.5], "texture": "#2"},
				"east": {"uv": [4, 8.25, 5, 8.5], "texture": "#2"},
				"south": {"uv": [5, 8.25, 6, 8.5], "texture": "#2"},
				"west": {"uv": [8.25, 5.5, 9.25, 5.75], "texture": "#2"},
				"up": {"uv": [3, 8, 2, 7], "texture": "#2"},
				"down": {"uv": [6.5, 7, 5.5, 8], "texture": "#2"}
			}
		},
		{
			"from": [5.75, 2.25, 5.75],
			"to": [10.25, 3, 10.25],
			"rotation": {"angle": 0, "axis": "y", "origin": [6, 2.25, 7]},
			"faces": {
				"north": {"uv": [7.75, 3, 9, 3.25], "texture": "#2"},
				"east": {"uv": [7, 7.75, 8.25, 8], "texture": "#2"},
				"south": {"uv": [0, 8, 1.25, 8.25], "texture": "#2"},
				"west": {"uv": [1.25, 8, 2.5, 8.25], "texture": "#2"},
				"up": {"uv": [6.25, 4.25, 5, 3], "texture": "#2"},
				"down": {"uv": [6.25, 4.25, 5, 5.5], "texture": "#2"}
			}
		},
		{
			"from": [5.5, 1.5, 5.5],
			"to": [10.5, 2.25, 10.5],
			"rotation": {"angle": 0, "axis": "y", "origin": [6, 1.5, 7]},
			"faces": {
				"north": {"uv": [7, 8, 8.25, 8.25], "texture": "#2"},
				"east": {"uv": [8, 7, 9.25, 7.25], "texture": "#2"},
				"south": {"uv": [8, 7.25, 9.25, 7.5], "texture": "#2"},
				"west": {"uv": [8, 7.5, 9.25, 7.75], "texture": "#2"},
				"up": {"uv": [6.25, 6.75, 5, 5.5], "texture": "#2"},
				"down": {"uv": [4.75, 6, 3.5, 7.25], "texture": "#2"}
			}
		},
		{
			"from": [5.25, 0.75, 5.25],
			"to": [10.75, 1.5, 10.75],
			"rotation": {"angle": 0, "axis": "y", "origin": [6, 0.75, 7]},
			"faces": {
				"north": {"uv": [7.25, 5.25, 8.75, 5.5], "texture": "#2"},
				"east": {"uv": [7.75, 0.75, 9.25, 1], "texture": "#2"},
				"south": {"uv": [7.75, 1, 9.25, 1.25], "texture": "#2"},
				"west": {"uv": [7.75, 1.25, 9.25, 1.5], "texture": "#2"},
				"up": {"uv": [5, 1.5, 3.5, 0], "texture": "#2"},
				"down": {"uv": [5, 1.5, 3.5, 3], "texture": "#2"}
			}
		},
		{
			"from": [5, 0, 5],
			"to": [11, 0.75, 11],
			"rotation": {"angle": 0, "axis": "y", "origin": [6, 0, 7]},
			"faces": {
				"north": {"uv": [7.75, 1.5, 9.25, 1.75], "texture": "#2"},
				"east": {"uv": [7.75, 1.75, 9.25, 2], "texture": "#2"},
				"south": {"uv": [7.75, 2, 9.25, 2.25], "texture": "#2"},
				"west": {"uv": [7.75, 2.25, 9.25, 2.5], "texture": "#2"},
				"up": {"uv": [5, 4.5, 3.5, 3], "texture": "#2"},
				"down": {"uv": [5, 4.5, 3.5, 6], "texture": "#2"}
			}
		}
	],
	"display": {
		"thirdperson_righthand": {
			"translation": [0, 1.25, 0],
			"scale": [0.6, 0.6, 0.6]
		},
		"thirdperson_lefthand": {
			"translation": [0, 1.25, 0],
			"scale": [0.6, 0.6, 0.6]
		},
		"firstperson_righthand": {
			"translation": [3, 2.75, 0]
		},
		"firstperson_lefthand": {
			"translation": [3, 2.75, 0]
		},
		"gui": {
			"rotation": [0, 180, 0]
		},
		"head": {
			"translation": [0, 14.25, 0]
		},
		"fixed": {
			"rotation": [-90, 0, 0],
			"translation": [0, 0, -16],
			"scale": [2, 2, 2]
		}
	},
	"groups": [
		0,
		{
			"name": "group",
			"origin": [8, 8, 8],
			"color": 0,
			"children": [1, 2, 3, 4, 5, 6, 7, 8, 9, 10, 11, 12]
		}
	]
}