{
	"credit": "Made with Blockbench",
	"texture_size": [64, 64],
	"textures": {
		"0": "custom:item/hoedjes/pruiken/gepoederde",
		"particle": "custom:item/hoedjes/pruiken/gepoederde"
	},
	"elements": [
		{
			"from": [3.3853, 9.67664, 5.5],
			"to": [4.8853, 11.17664, 7],
			"rotation": {"angle": -22.5, "axis": "y", "origin": [4.1353, 10.42664, 4]},
			"faces": {
				"north": {"uv": [3.5, 3, 4, 3.5], "texture": "#0"},
				"east": {"uv": [4, 6, 4.5, 6.5], "texture": "#0"},
				"south": {"uv": [4, 6.5, 4.5, 7], "texture": "#0"},
				"west": {"uv": [6.5, 4, 7, 4.5], "texture": "#0"},
				"up": {"uv": [6.75, 7, 6.25, 6.5], "texture": "#0"},
				"down": {"uv": [0.5, 6.75, 0, 7.25], "texture": "#0"}
			}
		},
		{
			"from": [1.8853, 11.17664, 8.5],
			"to": [3.3853, 12.67664, 10],
			"rotation": {"angle": 22.5, "axis": "y", "origin": [2.6353, 11.92664, 7]},
			"faces": {
				"north": {"uv": [6.75, 0, 7.25, 0.5], "texture": "#0"},
				"east": {"uv": [0.5, 6.75, 1, 7.25], "texture": "#0"},
				"south": {"uv": [6.75, 0.5, 7.25, 1], "texture": "#0"},
				"west": {"uv": [1, 6.75, 1.5, 7.25], "texture": "#0"},
				"up": {"uv": [2.25, 7.25, 1.75, 6.75], "texture": "#0"},
				"down": {"uv": [2.75, 6.75, 2.25, 7.25], "texture": "#0"}
			}
		},
		{
			"from": [12.6147, 11.17664, 8.5],
			"to": [14.1147, 12.67664, 10],
			"rotation": {"angle": -22.5, "axis": "y", "origin": [13.3647, 11.92664, 7]},
			"faces": {
				"north": {"uv": [6.75, 2.5, 7.25, 3], "texture": "#0"},
				"east": {"uv": [2.75, 6.75, 3.25, 7.25], "texture": "#0"},
				"south": {"uv": [6.75, 5, 7.25, 5.5], "texture": "#0"},
				"west": {"uv": [6.75, 6.5, 7.25, 7], "texture": "#0"},
				"up": {"uv": [4.5, 7.5, 4, 7], "texture": "#0"},
				"down": {"uv": [7.5, 4, 7, 4.5], "texture": "#0"}
			}
		},
		{
			"from": [10.3147, 11.17664, 4.5],
			"to": [11.8147, 12.67664, 6],
			"rotation": {"angle": 22.5, "axis": "y", "origin": [11.0647, 11.92664, 3]},
			"faces": {
				"north": {"uv": [4.5, 7, 5, 7.5], "texture": "#0"},
				"east": {"uv": [7, 4.5, 7.5, 5], "texture": "#0"},
				"south": {"uv": [5, 7, 5.5, 7.5], "texture": "#0"},
				"west": {"uv": [5.5, 7, 6, 7.5], "texture": "#0"},
				"up": {"uv": [6.5, 7.5, 6, 7], "texture": "#0"},
				"down": {"uv": [7, 7, 6.5, 7.5], "texture": "#0"}
			}
		},
		{
			"from": [12.1147, 10.17664, 10.5],
			"to": [13.6147, 11.67664, 12],
			"rotation": {"angle": -22.5, "axis": "y", "origin": [12.8647, 10.92664, 9]},
			"faces": {
				"north": {"uv": [7, 7, 7.5, 7.5], "texture": "#0"},
				"east": {"uv": [0, 7.25, 0.5, 7.75], "texture": "#0"},
				"south": {"uv": [7.25, 0, 7.75, 0.5], "texture": "#0"},
				"west": {"uv": [0.5, 7.25, 1, 7.75], "texture": "#0"},
				"up": {"uv": [7.75, 1, 7.25, 0.5], "texture": "#0"},
				"down": {"uv": [1.5, 7.25, 1, 7.75], "texture": "#0"}
			}
		},
		{
			"from": [12.1147, 9.17664, 9.25],
			"to": [13.6147, 10.67664, 10.75],
			"rotation": {"angle": -22.5, "axis": "y", "origin": [12.8647, 9.92664, 7.75]},
			"faces": {
				"north": {"uv": [7.25, 1, 7.75, 1.5], "texture": "#0"},
				"east": {"uv": [1.75, 7.25, 2.25, 7.75], "texture": "#0"},
				"south": {"uv": [2.25, 7.25, 2.75, 7.75], "texture": "#0"},
				"west": {"uv": [7.25, 2.5, 7.75, 3], "texture": "#0"},
				"up": {"uv": [3.25, 7.75, 2.75, 7.25], "texture": "#0"},
				"down": {"uv": [7.75, 5, 7.25, 5.5], "texture": "#0"}
			}
		},
		{
			"from": [2.8853, 8.67664, 7.5],
			"to": [4.3853, 10.17664, 9],
			"rotation": {"angle": 0, "axis": "y", "origin": [3.6353, 9.42664, 6]},
			"faces": {
				"north": {"uv": [7.25, 6.5, 7.75, 7], "texture": "#0"},
				"east": {"uv": [7.5, 1.5, 8, 2], "texture": "#0"},
				"south": {"uv": [7.5, 2, 8, 2.5], "texture": "#0"},
				"west": {"uv": [4, 7.5, 4.5, 8], "texture": "#0"},
				"up": {"uv": [8, 4.5, 7.5, 4], "texture": "#0"},
				"down": {"uv": [5, 7.5, 4.5, 8], "texture": "#0"}
			}
		},
		{
			"from": [2.8853, 7.67664, 5.5],
			"to": [4.3853, 9.17664, 7],
			"rotation": {"angle": 0, "axis": "y", "origin": [3.6353, 8.42664, 4]},
			"faces": {
				"north": {"uv": [7.5, 4.5, 8, 5], "texture": "#0"},
				"east": {"uv": [5, 7.5, 5.5, 8], "texture": "#0"},
				"south": {"uv": [5.5, 7.5, 6, 8], "texture": "#0"},
				"west": {"uv": [6, 7.5, 6.5, 8], "texture": "#0"},
				"up": {"uv": [7, 8, 6.5, 7.5], "texture": "#0"},
				"down": {"uv": [7.5, 7.5, 7, 8], "texture": "#0"}
			}
		},
		{
			"from": [3.8853, 5.42664, 4.25],
			"to": [5.3853, 6.92664, 5.75],
			"rotation": {"angle": 0, "axis": "y", "origin": [4.6353, 6.17664, 2.75]},
			"faces": {
				"north": {"uv": [7.5, 7, 8, 7.5], "texture": "#0"},
				"east": {"uv": [7.5, 7.5, 8, 8], "texture": "#0"},
				"south": {"uv": [0, 7.75, 0.5, 8.25], "texture": "#0"},
				"west": {"uv": [7.75, 0, 8.25, 0.5], "texture": "#0"},
				"up": {"uv": [1, 8.25, 0.5, 7.75], "texture": "#0"},
				"down": {"uv": [8.25, 0.5, 7.75, 1], "texture": "#0"}
			}
		},
		{
			"from": [3.3853, 5.17664, 4.5],
			"to": [4.8853, 6.67664, 6],
			"rotation": {"angle": 22.5, "axis": "x", "origin": [4.1353, 5.92664, 3]},
			"faces": {
				"north": {"uv": [1, 7.75, 1.5, 8.25], "texture": "#0"},
				"east": {"uv": [7.75, 1, 8.25, 1.5], "texture": "#0"},
				"south": {"uv": [1.5, 7.75, 2, 8.25], "texture": "#0"},
				"west": {"uv": [2, 7.75, 2.5, 8.25], "texture": "#0"},
				"up": {"uv": [3, 8.25, 2.5, 7.75], "texture": "#0"},
				"down": {"uv": [8.25, 2.5, 7.75, 3], "texture": "#0"}
			}
		},
		{
			"from": [4.1353, 6.67664, 5],
			"to": [5.6353, 8.17664, 6.5],
			"rotation": {"angle": -22.5, "axis": "y", "origin": [4.8853, 7.42664, 3.5]},
			"faces": {
				"north": {"uv": [3, 7.75, 3.5, 8.25], "texture": "#0"},
				"east": {"uv": [7.75, 3, 8.25, 3.5], "texture": "#0"},
				"south": {"uv": [3.5, 7.75, 4, 8.25], "texture": "#0"},
				"west": {"uv": [7.75, 3.5, 8.25, 4], "texture": "#0"},
				"up": {"uv": [8.25, 5.5, 7.75, 5], "texture": "#0"},
				"down": {"uv": [8.25, 6, 7.75, 6.5], "texture": "#0"}
			}
		},
		{
			"from": [3.3853, 12.67664, 8],
			"to": [4.8853, 14.17664, 9.5],
			"rotation": {"angle": 0, "axis": "y", "origin": [4.1353, 13.42664, 6.5]},
			"faces": {
				"north": {"uv": [7.75, 6.5, 8.25, 7], "texture": "#0"},
				"east": {"uv": [8, 1.5, 8.5, 2], "texture": "#0"},
				"south": {"uv": [8, 2, 8.5, 2.5], "texture": "#0"},
				"west": {"uv": [4, 8, 4.5, 8.5], "texture": "#0"},
				"up": {"uv": [8.5, 4.5, 8, 4], "texture": "#0"},
				"down": {"uv": [5, 8, 4.5, 8.5], "texture": "#0"}
			}
		},
		{
			"from": [4.8853, 10.67664, 11.25],
			"to": [6.3853, 12.17664, 12.75],
			"rotation": {"angle": -22.5, "axis": "x", "origin": [5.6353, 11.42664, 9.75]},
			"faces": {
				"north": {"uv": [8, 4.5, 8.5, 5], "texture": "#0"},
				"east": {"uv": [5, 8, 5.5, 8.5], "texture": "#0"},
				"south": {"uv": [5.5, 8, 6, 8.5], "texture": "#0"},
				"west": {"uv": [8, 5.5, 8.5, 6], "texture": "#0"},
				"up": {"uv": [6.5, 8.5, 6, 8], "texture": "#0"},
				"down": {"uv": [7, 8, 6.5, 8.5], "texture": "#0"}
			}
		},
		{
			"from": [8.0147, 11.67664, 11.5],
			"to": [9.5147, 13.17664, 13],
			"rotation": {"angle": 0, "axis": "y", "origin": [8.7647, 12.42664, 10]},
			"faces": {
				"north": {"uv": [7, 8, 7.5, 8.5], "texture": "#0"},
				"east": {"uv": [8, 7, 8.5, 7.5], "texture": "#0"},
				"south": {"uv": [7.5, 8, 8, 8.5], "texture": "#0"},
				"west": {"uv": [8, 7.5, 8.5, 8], "texture": "#0"},
				"up": {"uv": [8.5, 8.5, 8, 8], "texture": "#0"},
				"down": {"uv": [0.5, 8.25, 0, 8.75], "texture": "#0"}
			}
		},
		{
			"from": [4.7353, 10.67664, 11],
			"to": [6.2353, 12.17664, 12.5],
			"rotation": {"angle": 0, "axis": "y", "origin": [5.4853, 11.42664, 9.5]},
			"faces": {
				"north": {"uv": [8.25, 0, 8.75, 0.5], "texture": "#0"},
				"east": {"uv": [0.5, 8.25, 1, 8.75], "texture": "#0"},
				"south": {"uv": [8.25, 0.5, 8.75, 1], "texture": "#0"},
				"west": {"uv": [1, 8.25, 1.5, 8.75], "texture": "#0"},
				"up": {"uv": [8.75, 1.5, 8.25, 1], "texture": "#0"},
				"down": {"uv": [2, 8.25, 1.5, 8.75], "texture": "#0"}
			}
		},
		{
			"from": [3.7353, 8.17664, 10.5],
			"to": [5.2353, 9.67664, 12],
			"rotation": {"angle": 0, "axis": "y", "origin": [4.4853, 8.92664, 9]},
			"faces": {
				"north": {"uv": [2, 8.25, 2.5, 8.75], "texture": "#0"},
				"east": {"uv": [2.5, 8.25, 3, 8.75], "texture": "#0"},
				"south": {"uv": [8.25, 2.5, 8.75, 3], "texture": "#0"},
				"west": {"uv": [3, 8.25, 3.5, 8.75], "texture": "#0"},
				"up": {"uv": [8.75, 3.5, 8.25, 3], "texture": "#0"},
				"down": {"uv": [4, 8.25, 3.5, 8.75], "texture": "#0"}
			}
		},
		{
			"from": [5.9853, 6.67664, 10.5],
			"to": [7.4853, 8.17664, 12],
			"rotation": {"angle": 0, "axis": "y", "origin": [6.7353, 7.42664, 9]},
			"faces": {
				"north": {"uv": [8.25, 3.5, 8.75, 4], "texture": "#0"},
				"east": {"uv": [8.25, 5, 8.75, 5.5], "texture": "#0"},
				"south": {"uv": [8.25, 6, 8.75, 6.5], "texture": "#0"},
				"west": {"uv": [8.25, 6.5, 8.75, 7], "texture": "#0"},
				"up": {"uv": [9, 2, 8.5, 1.5], "texture": "#0"},
				"down": {"uv": [9, 2, 8.5, 2.5], "texture": "#0"}
			}
		},
		{
			"from": [5.9853, 5.92664, 11],
			"to": [7.4853, 7.42664, 12.5],
			"rotation": {"angle": -22.5, "axis": "y", "origin": [6.7353, 6.67664, 9.5]},
			"faces": {
				"north": {"uv": [4, 8.5, 4.5, 9], "texture": "#0"},
				"east": {"uv": [8.5, 4, 9, 4.5], "texture": "#0"},
				"south": {"uv": [4.5, 8.5, 5, 9], "texture": "#0"},
				"west": {"uv": [8.5, 4.5, 9, 5], "texture": "#0"},
				"up": {"uv": [5.5, 9, 5, 8.5], "texture": "#0"},
				"down": {"uv": [6, 8.5, 5.5, 9], "texture": "#0"}
			}
		},
		{
			"from": [5.7353, 4.17664, 11],
			"to": [7.2353, 5.67664, 12.5],
			"rotation": {"angle": -22.5, "axis": "x", "origin": [6.4853, 4.92664, 9.5]},
			"faces": {
				"north": {"uv": [8.5, 5.5, 9, 6], "texture": "#0"},
				"east": {"uv": [6, 8.5, 6.5, 9], "texture": "#0"},
				"south": {"uv": [6.5, 8.5, 7, 9], "texture": "#0"},
				"west": {"uv": [7, 8.5, 7.5, 9], "texture": "#0"},
				"up": {"uv": [9, 7.5, 8.5, 7], "texture": "#0"},
				"down": {"uv": [8, 8.5, 7.5, 9], "texture": "#0"}
			}
		},
		{
			"from": [4.9853, 3.92664, 10.5],
			"to": [6.4853, 5.42664, 12],
			"rotation": {"angle": 22.5, "axis": "y", "origin": [5.7353, 4.67664, 9]},
			"faces": {
				"north": {"uv": [8.5, 7.5, 9, 8], "texture": "#0"},
				"east": {"uv": [8, 8.5, 8.5, 9], "texture": "#0"},
				"south": {"uv": [8.5, 8, 9, 8.5], "texture": "#0"},
				"west": {"uv": [8.5, 8.5, 9, 9], "texture": "#0"},
				"up": {"uv": [0.5, 9.25, 0, 8.75], "texture": "#0"},
				"down": {"uv": [9.25, 0, 8.75, 0.5], "texture": "#0"}
			}
		},
		{
			"from": [8.2353, 9.17664, 11],
			"to": [9.7353, 10.67664, 12.5],
			"rotation": {"angle": -22.5, "axis": "y", "origin": [8.9853, 9.92664, 9.5]},
			"faces": {
				"north": {"uv": [0.5, 8.75, 1, 9.25], "texture": "#0"},
				"east": {"uv": [8.75, 0.5, 9.25, 1], "texture": "#0"},
				"south": {"uv": [1, 8.75, 1.5, 9.25], "texture": "#0"},
				"west": {"uv": [8.75, 1, 9.25, 1.5], "texture": "#0"},
				"up": {"uv": [2, 9.25, 1.5, 8.75], "texture": "#0"},
				"down": {"uv": [2.5, 8.75, 2, 9.25], "texture": "#0"}
			}
		},
		{
			"from": [7.9853, 4.67664, 10.5],
			"to": [9.4853, 6.17664, 12],
			"rotation": {"angle": -22.5, "axis": "y", "origin": [8.7353, 5.42664, 9]},
			"faces": {
				"north": {"uv": [2.5, 8.75, 3, 9.25], "texture": "#0"},
				"east": {"uv": [8.75, 2.5, 9.25, 3], "texture": "#0"},
				"south": {"uv": [3, 8.75, 3.5, 9.25], "texture": "#0"},
				"west": {"uv": [8.75, 3, 9.25, 3.5], "texture": "#0"},
				"up": {"uv": [4, 9.25, 3.5, 8.75], "texture": "#0"},
				"down": {"uv": [9.25, 3.5, 8.75, 4], "texture": "#0"}
			}
		},
		{
			"from": [7.2353, 7.17664, 10.5],
			"to": [8.7353, 8.67664, 12],
			"rotation": {"angle": 22.5, "axis": "x", "origin": [7.9853, 7.92664, 9]},
			"faces": {
				"north": {"uv": [8.75, 5, 9.25, 5.5], "texture": "#0"},
				"east": {"uv": [8.75, 6, 9.25, 6.5], "texture": "#0"},
				"south": {"uv": [8.75, 6.5, 9.25, 7], "texture": "#0"},
				"west": {"uv": [9, 1.5, 9.5, 2], "texture": "#0"},
				"up": {"uv": [9.5, 2.5, 9, 2], "texture": "#0"},
				"down": {"uv": [4.5, 9, 4, 9.5], "texture": "#0"}
			}
		},
		{
			"from": [6.4853, 6.67664, 11],
			"to": [7.9853, 8.17664, 12.5],
			"rotation": {"angle": -22.5, "axis": "x", "origin": [7.2353, 7.42664, 9.5]},
			"faces": {
				"north": {"uv": [9, 4, 9.5, 4.5], "texture": "#0"},
				"east": {"uv": [4.5, 9, 5, 9.5], "texture": "#0"},
				"south": {"uv": [9, 4.5, 9.5, 5], "texture": "#0"},
				"west": {"uv": [5, 9, 5.5, 9.5], "texture": "#0"},
				"up": {"uv": [6, 9.5, 5.5, 9], "texture": "#0"},
				"down": {"uv": [9.5, 5.5, 9, 6], "texture": "#0"}
			}
		},
		{
			"from": [5.9853, 8.17664, 10.5],
			"to": [7.4853, 9.67664, 12],
			"rotation": {"angle": -22.5, "axis": "y", "origin": [6.7353, 8.92664, 9]},
			"faces": {
				"north": {"uv": [6, 9, 6.5, 9.5], "texture": "#0"},
				"east": {"uv": [6.5, 9, 7, 9.5], "texture": "#0"},
				"south": {"uv": [7, 9, 7.5, 9.5], "texture": "#0"},
				"west": {"uv": [9, 7, 9.5, 7.5], "texture": "#0"},
				"up": {"uv": [8, 9.5, 7.5, 9], "texture": "#0"},
				"down": {"uv": [9.5, 7.5, 9, 8], "texture": "#0"}
			}
		},
		{
			"from": [6.4853, 8.92664, 10.5],
			"to": [7.9853, 10.42664, 12],
			"rotation": {"angle": 0, "axis": "y", "origin": [7.2353, 9.67664, 9]},
			"faces": {
				"north": {"uv": [8, 9, 8.5, 9.5], "texture": "#0"},
				"east": {"uv": [9, 8, 9.5, 8.5], "texture": "#0"},
				"south": {"uv": [8.5, 9, 9, 9.5], "texture": "#0"},
				"west": {"uv": [9, 8.5, 9.5, 9], "texture": "#0"},
				"up": {"uv": [9.5, 9.5, 9, 9], "texture": "#0"},
				"down": {"uv": [0.5, 9.25, 0, 9.75], "texture": "#0"}
			}
		},
		{
			"from": [5.9853, 8.92664, 11],
			"to": [7.4853, 10.42664, 12.5],
			"rotation": {"angle": 22.5, "axis": "x", "origin": [6.7353, 9.67664, 9.5]},
			"faces": {
				"north": {"uv": [9.25, 0, 9.75, 0.5], "texture": "#0"},
				"east": {"uv": [0.5, 9.25, 1, 9.75], "texture": "#0"},
				"south": {"uv": [9.25, 0.5, 9.75, 1], "texture": "#0"},
				"west": {"uv": [1, 9.25, 1.5, 9.75], "texture": "#0"},
				"up": {"uv": [9.75, 1.5, 9.25, 1], "texture": "#0"},
				"down": {"uv": [2, 9.25, 1.5, 9.75], "texture": "#0"}
			}
		},
		{
			"from": [3.7353, 6.92664, 11],
			"to": [5.2353, 8.42664, 12.5],
			"rotation": {"angle": 22.5, "axis": "y", "origin": [4.4853, 7.67664, 9.5]},
			"faces": {
				"north": {"uv": [2, 9.25, 2.5, 9.75], "texture": "#0"},
				"east": {"uv": [2.5, 9.25, 3, 9.75], "texture": "#0"},
				"south": {"uv": [9.25, 2.5, 9.75, 3], "texture": "#0"},
				"west": {"uv": [3, 9.25, 3.5, 9.75], "texture": "#0"},
				"up": {"uv": [9.75, 3.5, 9.25, 3], "texture": "#0"},
				"down": {"uv": [4, 9.25, 3.5, 9.75], "texture": "#0"}
			}
		},
		{
			"from": [3.9853, 9.17664, 10.25],
			"to": [5.4853, 10.67664, 11.75],
			"rotation": {"angle": 0, "axis": "y", "origin": [4.7353, 9.92664, 8.75]},
			"faces": {
				"north": {"uv": [9.25, 3.5, 9.75, 4], "texture": "#0"},
				"east": {"uv": [9.25, 5, 9.75, 5.5], "texture": "#0"},
				"south": {"uv": [9.25, 6, 9.75, 6.5], "texture": "#0"},
				"west": {"uv": [9.25, 6.5, 9.75, 7], "texture": "#0"},
				"up": {"uv": [10, 2, 9.5, 1.5], "texture": "#0"},
				"down": {"uv": [10, 2, 9.5, 2.5], "texture": "#0"}
			}
		},
		{
			"from": [4.4853, 10.67664, 9.75],
			"to": [5.9853, 12.17664, 11.25],
			"rotation": {"angle": 0, "axis": "y", "origin": [5.2353, 11.42664, 8.25]},
			"faces": {
				"north": {"uv": [4, 9.5, 4.5, 10], "texture": "#0"},
				"east": {"uv": [9.5, 4, 10, 4.5], "texture": "#0"},
				"south": {"uv": [4.5, 9.5, 5, 10], "texture": "#0"},
				"west": {"uv": [9.5, 4.5, 10, 5], "texture": "#0"},
				"up": {"uv": [5.5, 10, 5, 9.5], "texture": "#0"},
				"down": {"uv": [6, 9.5, 5.5, 10], "texture": "#0"}
			}
		},
		{
			"from": [3.7353, 8.17664, 8.75],
			"to": [5.2353, 9.67664, 10.25],
			"rotation": {"angle": 0, "axis": "y", "origin": [4.4853, 8.92664, 7.25]},
			"faces": {
				"north": {"uv": [9.5, 5.5, 10, 6], "texture": "#0"},
				"east": {"uv": [6, 9.5, 6.5, 10], "texture": "#0"},
				"south": {"uv": [6.5, 9.5, 7, 10], "texture": "#0"},
				"west": {"uv": [7, 9.5, 7.5, 10], "texture": "#0"},
				"up": {"uv": [10, 7.5, 9.5, 7], "texture": "#0"},
				"down": {"uv": [8, 9.5, 7.5, 10], "texture": "#0"}
			}
		},
		{
			"from": [4.9853, 7.17664, 10.25],
			"to": [6.4853, 8.67664, 11.75],
			"rotation": {"angle": -45, "axis": "y", "origin": [5.7353, 7.92664, 8.75]},
			"faces": {
				"north": {"uv": [9.5, 7.5, 10, 8], "texture": "#0"},
				"east": {"uv": [8, 9.5, 8.5, 10], "texture": "#0"},
				"south": {"uv": [9.5, 8, 10, 8.5], "texture": "#0"},
				"west": {"uv": [8.5, 9.5, 9, 10], "texture": "#0"},
				"up": {"uv": [10, 9, 9.5, 8.5], "texture": "#0"},
				"down": {"uv": [9.5, 9.5, 9, 10], "texture": "#0"}
			}
		},
		{
			"from": [5.2353, 10.17664, 11],
			"to": [6.7353, 11.67664, 12.5],
			"rotation": {"angle": 22.5, "axis": "x", "origin": [5.9853, 10.92664, 9.5]},
			"faces": {
				"north": {"uv": [9.5, 9, 10, 9.5], "texture": "#0"},
				"east": {"uv": [9.5, 9.5, 10, 10], "texture": "#0"},
				"south": {"uv": [0, 9.75, 0.5, 10.25], "texture": "#0"},
				"west": {"uv": [9.75, 0, 10.25, 0.5], "texture": "#0"},
				"up": {"uv": [1, 10.25, 0.5, 9.75], "texture": "#0"},
				"down": {"uv": [10.25, 0.5, 9.75, 1], "texture": "#0"}
			}
		},
		{
			"from": [9.2647, 10.17664, 11],
			"to": [10.7647, 11.67664, 12.5],
			"rotation": {"angle": 22.5, "axis": "x", "origin": [10.0147, 10.92664, 9.5]},
			"faces": {
				"north": {"uv": [1, 9.75, 1.5, 10.25], "texture": "#0"},
				"east": {"uv": [9.75, 1, 10.25, 1.5], "texture": "#0"},
				"south": {"uv": [1.5, 9.75, 2, 10.25], "texture": "#0"},
				"west": {"uv": [2, 9.75, 2.5, 10.25], "texture": "#0"},
				"up": {"uv": [3, 10.25, 2.5, 9.75], "texture": "#0"},
				"down": {"uv": [10.25, 2.5, 9.75, 3], "texture": "#0"}
			}
		},
		{
			"from": [5.4853, 10.42664, 11.5],
			"to": [6.9853, 11.92664, 13],
			"rotation": {"angle": 22.5, "axis": "y", "origin": [6.2353, 11.17664, 10]},
			"faces": {
				"north": {"uv": [3, 9.75, 3.5, 10.25], "texture": "#0"},
				"east": {"uv": [9.75, 3, 10.25, 3.5], "texture": "#0"},
				"south": {"uv": [3.5, 9.75, 4, 10.25], "texture": "#0"},
				"west": {"uv": [9.75, 3.5, 10.25, 4], "texture": "#0"},
				"up": {"uv": [10.25, 5.5, 9.75, 5], "texture": "#0"},
				"down": {"uv": [10.25, 6, 9.75, 6.5], "texture": "#0"}
			}
		},
		{
			"from": [11.1147, 12.67664, 8],
			"to": [12.6147, 14.17664, 9.5],
			"rotation": {"angle": 0, "axis": "y", "origin": [11.8647, 13.42664, 6.5]},
			"faces": {
				"north": {"uv": [9.75, 6.5, 10.25, 7], "texture": "#0"},
				"east": {"uv": [10, 1.5, 10.5, 2], "texture": "#0"},
				"south": {"uv": [10, 2, 10.5, 2.5], "texture": "#0"},
				"west": {"uv": [4, 10, 4.5, 10.5], "texture": "#0"},
				"up": {"uv": [10.5, 4.5, 10, 4], "texture": "#0"},
				"down": {"uv": [5, 10, 4.5, 10.5], "texture": "#0"}
			}
		},
		{
			"from": [6.4853, 11.67664, 11.5],
			"to": [7.9853, 13.17664, 13],
			"rotation": {"angle": 0, "axis": "y", "origin": [7.2353, 12.42664, 10]},
			"faces": {
				"north": {"uv": [10, 4.5, 10.5, 5], "texture": "#0"},
				"east": {"uv": [5, 10, 5.5, 10.5], "texture": "#0"},
				"south": {"uv": [5.5, 10, 6, 10.5], "texture": "#0"},
				"west": {"uv": [10, 5.5, 10.5, 6], "texture": "#0"},
				"up": {"uv": [6.5, 10.5, 6, 10], "texture": "#0"},
				"down": {"uv": [7, 10, 6.5, 10.5], "texture": "#0"}
			}
		},
		{
			"from": [9.0147, 10.42664, 11.5],
			"to": [10.5147, 11.92664, 13],
			"rotation": {"angle": -22.5, "axis": "y", "origin": [9.7647, 11.17664, 10]},
			"faces": {
				"north": {"uv": [7, 10, 7.5, 10.5], "texture": "#0"},
				"east": {"uv": [10, 7, 10.5, 7.5], "texture": "#0"},
				"south": {"uv": [7.5, 10, 8, 10.5], "texture": "#0"},
				"west": {"uv": [10, 7.5, 10.5, 8], "texture": "#0"},
				"up": {"uv": [8.5, 10.5, 8, 10], "texture": "#0"},
				"down": {"uv": [10.5, 8, 10, 8.5], "texture": "#0"}
			}
		},
		{
			"from": [9.6147, 10.67664, 11.25],
			"to": [11.1147, 12.17664, 12.75],
			"rotation": {"angle": -22.5, "axis": "x", "origin": [10.3647, 11.42664, 9.75]},
			"faces": {
				"north": {"uv": [8.5, 10, 9, 10.5], "texture": "#0"},
				"east": {"uv": [10, 8.5, 10.5, 9], "texture": "#0"},
				"south": {"uv": [9, 10, 9.5, 10.5], "texture": "#0"},
				"west": {"uv": [10, 9, 10.5, 9.5], "texture": "#0"},
				"up": {"uv": [10, 10.5, 9.5, 10], "texture": "#0"},
				"down": {"uv": [10.5, 9.5, 10, 10], "texture": "#0"}
			}
		},
		{
			"from": [3.3853, 8.67664, 6.25],
			"to": [4.8853, 10.17664, 7.75],
			"rotation": {"angle": 22.5, "axis": "z", "origin": [4.1353, 9.42664, 4.75]},
			"faces": {
				"north": {"uv": [10, 10, 10.5, 10.5], "texture": "#0"},
				"east": {"uv": [0, 10.25, 0.5, 10.75], "texture": "#0"},
				"south": {"uv": [10.25, 0, 10.75, 0.5], "texture": "#0"},
				"west": {"uv": [0.5, 10.25, 1, 10.75], "texture": "#0"},
				"up": {"uv": [10.75, 1, 10.25, 0.5], "texture": "#0"},
				"down": {"uv": [1.5, 10.25, 1, 10.75], "texture": "#0"}
			}
		},
		{
			"from": [11.1147, 8.67664, 6.25],
			"to": [12.6147, 10.17664, 7.75],
			"rotation": {"angle": -22.5, "axis": "z", "origin": [11.8647, 9.42664, 4.75]},
			"faces": {
				"north": {"uv": [10.25, 1, 10.75, 1.5], "texture": "#0"},
				"east": {"uv": [1.5, 10.25, 2, 10.75], "texture": "#0"},
				"south": {"uv": [2, 10.25, 2.5, 10.75], "texture": "#0"},
				"west": {"uv": [2.5, 10.25, 3, 10.75], "texture": "#0"},
				"up": {"uv": [10.75, 3, 10.25, 2.5], "texture": "#0"},
				"down": {"uv": [3.5, 10.25, 3, 10.75], "texture": "#0"}
			}
		},
		{
			"from": [11.1147, 9.67664, 5.5],
			"to": [12.6147, 11.17664, 7],
			"rotation": {"angle": 22.5, "axis": "y", "origin": [11.8647, 10.42664, 4]},
			"faces": {
				"north": {"uv": [10.25, 3, 10.75, 3.5], "texture": "#0"},
				"east": {"uv": [3.5, 10.25, 4, 10.75], "texture": "#0"},
				"south": {"uv": [10.25, 3.5, 10.75, 4], "texture": "#0"},
				"west": {"uv": [10.25, 5, 10.75, 5.5], "texture": "#0"},
				"up": {"uv": [10.75, 6.5, 10.25, 6], "texture": "#0"},
				"down": {"uv": [10.75, 6.5, 10.25, 7], "texture": "#0"}
			}
		},
		{
			"from": [2.3853, 9.17664, 9.25],
			"to": [3.8853, 10.67664, 10.75],
			"rotation": {"angle": 22.5, "axis": "y", "origin": [3.1353, 9.92664, 7.75]},
			"faces": {
				"north": {"uv": [10.5, 1.5, 11, 2], "texture": "#0"},
				"east": {"uv": [10.5, 2, 11, 2.5], "texture": "#0"},
				"south": {"uv": [4, 10.5, 4.5, 11], "texture": "#0"},
				"west": {"uv": [10.5, 4, 11, 4.5], "texture": "#0"},
				"up": {"uv": [5, 11, 4.5, 10.5], "texture": "#0"},
				"down": {"uv": [11, 4.5, 10.5, 5], "texture": "#0"}
			}
		},
		{
			"from": [3.9353, 11.92664, 6.5],
			"to": [5.4353, 13.42664, 8],
			"rotation": {"angle": -22.5, "axis": "y", "origin": [4.6853, 12.67664, 5]},
			"faces": {
				"north": {"uv": [5, 10.5, 5.5, 11], "texture": "#0"},
				"east": {"uv": [5.5, 10.5, 6, 11], "texture": "#0"},
				"south": {"uv": [10.5, 5.5, 11, 6], "texture": "#0"},
				"west": {"uv": [6, 10.5, 6.5, 11], "texture": "#0"},
				"up": {"uv": [7, 11, 6.5, 10.5], "texture": "#0"},
				"down": {"uv": [7.5, 10.5, 7, 11], "texture": "#0"}
			}
		},
		{
			"from": [4.1853, 11.17664, 4.5],
			"to": [5.6853, 12.67664, 6],
			"rotation": {"angle": -22.5, "axis": "y", "origin": [4.9353, 11.92664, 3]},
			"faces": {
				"north": {"uv": [10.5, 7, 11, 7.5], "texture": "#0"},
				"east": {"uv": [7.5, 10.5, 8, 11], "texture": "#0"},
				"south": {"uv": [10.5, 7.5, 11, 8], "texture": "#0"},
				"west": {"uv": [8, 10.5, 8.5, 11], "texture": "#0"},
				"up": {"uv": [11, 8.5, 10.5, 8], "texture": "#0"},
				"down": {"uv": [9, 10.5, 8.5, 11], "texture": "#0"}
			}
		},
		{
			"from": [2.3853, 10.17664, 10.5],
			"to": [3.8853, 11.67664, 12],
			"rotation": {"angle": 22.5, "axis": "y", "origin": [3.1353, 10.92664, 9]},
			"faces": {
				"north": {"uv": [10.5, 8.5, 11, 9], "texture": "#0"},
				"east": {"uv": [9, 10.5, 9.5, 11], "texture": "#0"},
				"south": {"uv": [10.5, 9, 11, 9.5], "texture": "#0"},
				"west": {"uv": [9.5, 10.5, 10, 11], "texture": "#0"},
				"up": {"uv": [11, 10, 10.5, 9.5], "texture": "#0"},
				"down": {"uv": [10.5, 10.5, 10, 11], "texture": "#0"}
			}
		},
		{
			"from": [9.5147, 7.17664, 10.25],
			"to": [11.0147, 8.67664, 11.75],
			"rotation": {"angle": 45, "axis": "y", "origin": [10.2647, 7.92664, 8.75]},
			"faces": {
				"north": {"uv": [10.5, 10, 11, 10.5], "texture": "#0"},
				"east": {"uv": [10.5, 10.5, 11, 11], "texture": "#0"},
				"south": {"uv": [0, 10.75, 0.5, 11.25], "texture": "#0"},
				"west": {"uv": [10.75, 0, 11.25, 0.5], "texture": "#0"},
				"up": {"uv": [1, 11.25, 0.5, 10.75], "texture": "#0"},
				"down": {"uv": [11.25, 0.5, 10.75, 1], "texture": "#0"}
			}
		},
		{
			"from": [10.3647, 6.67664, 5],
			"to": [11.8647, 8.17664, 6.5],
			"rotation": {"angle": 22.5, "axis": "y", "origin": [11.1147, 7.42664, 3.5]},
			"faces": {
				"north": {"uv": [1, 10.75, 1.5, 11.25], "texture": "#0"},
				"east": {"uv": [10.75, 1, 11.25, 1.5], "texture": "#0"},
				"south": {"uv": [1.5, 10.75, 2, 11.25], "texture": "#0"},
				"west": {"uv": [2, 10.75, 2.5, 11.25], "texture": "#0"},
				"up": {"uv": [3, 11.25, 2.5, 10.75], "texture": "#0"},
				"down": {"uv": [11.25, 2.5, 10.75, 3], "texture": "#0"}
			}
		},
		{
			"from": [11.6147, 8.67664, 7.5],
			"to": [13.1147, 10.17664, 9],
			"rotation": {"angle": 0, "axis": "y", "origin": [12.3647, 9.42664, 6]},
			"faces": {
				"north": {"uv": [3, 10.75, 3.5, 11.25], "texture": "#0"},
				"east": {"uv": [10.75, 3, 11.25, 3.5], "texture": "#0"},
				"south": {"uv": [3.5, 10.75, 4, 11.25], "texture": "#0"},
				"west": {"uv": [10.75, 3.5, 11.25, 4], "texture": "#0"},
				"up": {"uv": [11.25, 5.5, 10.75, 5], "texture": "#0"},
				"down": {"uv": [11.25, 6, 10.75, 6.5], "texture": "#0"}
			}
		},
		{
			"from": [11.1147, 5.17664, 4.5],
			"to": [12.6147, 6.67664, 6],
			"rotation": {"angle": 22.5, "axis": "x", "origin": [11.8647, 5.92664, 3]},
			"faces": {
				"north": {"uv": [10.75, 6.5, 11.25, 7], "texture": "#0"},
				"east": {"uv": [11, 1.5, 11.5, 2], "texture": "#0"},
				"south": {"uv": [11, 2, 11.5, 2.5], "texture": "#0"},
				"west": {"uv": [4, 11, 4.5, 11.5], "texture": "#0"},
				"up": {"uv": [11.5, 4.5, 11, 4], "texture": "#0"},
				"down": {"uv": [5, 11, 4.5, 11.5], "texture": "#0"}
			}
		},
		{
			"from": [11.6147, 7.67664, 5.5],
			"to": [13.1147, 9.17664, 7],
			"rotation": {"angle": 0, "axis": "y", "origin": [12.3647, 8.42664, 4]},
			"faces": {
				"north": {"uv": [11, 4.5, 11.5, 5], "texture": "#0"},
				"east": {"uv": [5, 11, 5.5, 11.5], "texture": "#0"},
				"south": {"uv": [5.5, 11, 6, 11.5], "texture": "#0"},
				"west": {"uv": [11, 5.5, 11.5, 6], "texture": "#0"},
				"up": {"uv": [6.5, 11.5, 6, 11], "texture": "#0"},
				"down": {"uv": [7, 11, 6.5, 11.5], "texture": "#0"}
			}
		},
		{
			"from": [11.1147, 3.92664, 4.75],
			"to": [12.6147, 5.42664, 6.25],
			"rotation": {"angle": -22.5, "axis": "y", "origin": [11.8647, 4.67664, 3.25]},
			"faces": {
				"north": {"uv": [7, 11, 7.5, 11.5], "texture": "#0"},
				"east": {"uv": [11, 7, 11.5, 7.5], "texture": "#0"},
				"south": {"uv": [7.5, 11, 8, 11.5], "texture": "#0"},
				"west": {"uv": [11, 7.5, 11.5, 8], "texture": "#0"},
				"up": {"uv": [8.5, 11.5, 8, 11], "texture": "#0"},
				"down": {"uv": [11.5, 8, 11, 8.5], "texture": "#0"}
			}
		},
		{
			"from": [10.5647, 11.92664, 6.5],
			"to": [12.0647, 13.42664, 8],
			"rotation": {"angle": 22.5, "axis": "y", "origin": [11.3147, 12.67664, 5]},
			"faces": {
				"north": {"uv": [8.5, 11, 9, 11.5], "texture": "#0"},
				"east": {"uv": [11, 8.5, 11.5, 9], "texture": "#0"},
				"south": {"uv": [9, 11, 9.5, 11.5], "texture": "#0"},
				"west": {"uv": [11, 9, 11.5, 9.5], "texture": "#0"},
				"up": {"uv": [10, 11.5, 9.5, 11], "texture": "#0"},
				"down": {"uv": [11.5, 9.5, 11, 10], "texture": "#0"}
			}
		},
		{
			"from": [9.7647, 10.67664, 11],
			"to": [11.2647, 12.17664, 12.5],
			"rotation": {"angle": 0, "axis": "y", "origin": [10.5147, 11.42664, 9.5]},
			"faces": {
				"north": {"uv": [10, 11, 10.5, 11.5], "texture": "#0"},
				"east": {"uv": [11, 10, 11.5, 10.5], "texture": "#0"},
				"south": {"uv": [10.5, 11, 11, 11.5], "texture": "#0"},
				"west": {"uv": [11, 10.5, 11.5, 11], "texture": "#0"},
				"up": {"uv": [11.5, 11.5, 11, 11], "texture": "#0"},
				"down": {"uv": [0.5, 11.25, 0, 11.75], "texture": "#0"}
			}
		},
		{
			"from": [10.0147, 10.67664, 9.75],
			"to": [11.5147, 12.17664, 11.25],
			"rotation": {"angle": 0, "axis": "y", "origin": [10.7647, 11.42664, 8.25]},
			"faces": {
				"north": {"uv": [11.25, 0, 11.75, 0.5], "texture": "#0"},
				"east": {"uv": [0.5, 11.25, 1, 11.75], "texture": "#0"},
				"south": {"uv": [11.25, 0.5, 11.75, 1], "texture": "#0"},
				"west": {"uv": [1, 11.25, 1.5, 11.75], "texture": "#0"},
				"up": {"uv": [11.75, 1.5, 11.25, 1], "texture": "#0"},
				"down": {"uv": [2, 11.25, 1.5, 11.75], "texture": "#0"}
			}
		},
		{
			"from": [10.7647, 6.92664, 11],
			"to": [12.2647, 8.42664, 12.5],
			"rotation": {"angle": -22.5, "axis": "y", "origin": [11.5147, 7.67664, 9.5]},
			"faces": {
				"north": {"uv": [2, 11.25, 2.5, 11.75], "texture": "#0"},
				"east": {"uv": [2.5, 11.25, 3, 11.75], "texture": "#0"},
				"south": {"uv": [11.25, 2.5, 11.75, 3], "texture": "#0"},
				"west": {"uv": [3, 11.25, 3.5, 11.75], "texture": "#0"},
				"up": {"uv": [11.75, 3.5, 11.25, 3], "texture": "#0"},
				"down": {"uv": [4, 11.25, 3.5, 11.75], "texture": "#0"}
			}
		},
		{
			"from": [10.7647, 8.17664, 8.75],
			"to": [12.2647, 9.67664, 10.25],
			"rotation": {"angle": 0, "axis": "y", "origin": [11.5147, 8.92664, 7.25]},
			"faces": {
				"north": {"uv": [11.25, 3.5, 11.75, 4], "texture": "#0"},
				"east": {"uv": [11.25, 5, 11.75, 5.5], "texture": "#0"},
				"south": {"uv": [11.25, 6, 11.75, 6.5], "texture": "#0"},
				"west": {"uv": [11.25, 6.5, 11.75, 7], "texture": "#0"},
				"up": {"uv": [12, 2, 11.5, 1.5], "texture": "#0"},
				"down": {"uv": [12, 2, 11.5, 2.5], "texture": "#0"}
			}
		},
		{
			"from": [10.5147, 9.17664, 10.25],
			"to": [12.0147, 10.67664, 11.75],
			"rotation": {"angle": 0, "axis": "y", "origin": [11.2647, 9.92664, 8.75]},
			"faces": {
				"north": {"uv": [4, 11.5, 4.5, 12], "texture": "#0"},
				"east": {"uv": [11.5, 4, 12, 4.5], "texture": "#0"},
				"south": {"uv": [4.5, 11.5, 5, 12], "texture": "#0"},
				"west": {"uv": [11.5, 4.5, 12, 5], "texture": "#0"},
				"up": {"uv": [5.5, 12, 5, 11.5], "texture": "#0"},
				"down": {"uv": [6, 11.5, 5.5, 12], "texture": "#0"}
			}
		},
		{
			"from": [8.5147, 8.92664, 11],
			"to": [10.0147, 10.42664, 12.5],
			"rotation": {"angle": 22.5, "axis": "x", "origin": [9.2647, 9.67664, 9.5]},
			"faces": {
				"north": {"uv": [11.5, 5.5, 12, 6], "texture": "#0"},
				"east": {"uv": [6, 11.5, 6.5, 12], "texture": "#0"},
				"south": {"uv": [6.5, 11.5, 7, 12], "texture": "#0"},
				"west": {"uv": [7, 11.5, 7.5, 12], "texture": "#0"},
				"up": {"uv": [12, 7.5, 11.5, 7], "texture": "#0"},
				"down": {"uv": [8, 11.5, 7.5, 12], "texture": "#0"}
			}
		},
		{
			"from": [8.5147, 8.17664, 10.5],
			"to": [10.0147, 9.67664, 12],
			"rotation": {"angle": 22.5, "axis": "y", "origin": [9.2647, 8.92664, 9]},
			"faces": {
				"north": {"uv": [11.5, 7.5, 12, 8], "texture": "#0"},
				"east": {"uv": [8, 11.5, 8.5, 12], "texture": "#0"},
				"south": {"uv": [11.5, 8, 12, 8.5], "texture": "#0"},
				"west": {"uv": [8.5, 11.5, 9, 12], "texture": "#0"},
				"up": {"uv": [12, 9, 11.5, 8.5], "texture": "#0"},
				"down": {"uv": [9.5, 11.5, 9, 12], "texture": "#0"}
			}
		},
		{
			"from": [8.0147, 8.92664, 10.5],
			"to": [9.5147, 10.42664, 12],
			"rotation": {"angle": 0, "axis": "y", "origin": [8.7647, 9.67664, 9]},
			"faces": {
				"north": {"uv": [11.5, 9, 12, 9.5], "texture": "#0"},
				"east": {"uv": [9.5, 11.5, 10, 12], "texture": "#0"},
				"south": {"uv": [11.5, 9.5, 12, 10], "texture": "#0"},
				"west": {"uv": [10, 11.5, 10.5, 12], "texture": "#0"},
				"up": {"uv": [12, 10.5, 11.5, 10], "texture": "#0"},
				"down": {"uv": [11, 11.5, 10.5, 12], "texture": "#0"}
			}
		},
		{
			"from": [8.0147, 6.67664, 11],
			"to": [9.5147, 8.17664, 12.5],
			"rotation": {"angle": -22.5, "axis": "x", "origin": [8.7647, 7.42664, 9.5]},
			"faces": {
				"north": {"uv": [11.5, 10.5, 12, 11], "texture": "#0"},
				"east": {"uv": [11, 11.5, 11.5, 12], "texture": "#0"},
				"south": {"uv": [11.5, 11, 12, 11.5], "texture": "#0"},
				"west": {"uv": [11.5, 11.5, 12, 12], "texture": "#0"},
				"up": {"uv": [0.5, 12.25, 0, 11.75], "texture": "#0"},
				"down": {"uv": [12.25, 0, 11.75, 0.5], "texture": "#0"}
			}
		},
		{
			"from": [8.5147, 5.92664, 11],
			"to": [10.0147, 7.42664, 12.5],
			"rotation": {"angle": 22.5, "axis": "y", "origin": [9.2647, 6.67664, 9.5]},
			"faces": {
				"north": {"uv": [0.5, 11.75, 1, 12.25], "texture": "#0"},
				"east": {"uv": [11.75, 0.5, 12.25, 1], "texture": "#0"},
				"south": {"uv": [1, 11.75, 1.5, 12.25], "texture": "#0"},
				"west": {"uv": [11.75, 1, 12.25, 1.5], "texture": "#0"},
				"up": {"uv": [2, 12.25, 1.5, 11.75], "texture": "#0"},
				"down": {"uv": [2.5, 11.75, 2, 12.25], "texture": "#0"}
			}
		},
		{
			"from": [10.7647, 8.17664, 10.5],
			"to": [12.2647, 9.67664, 12],
			"rotation": {"angle": 0, "axis": "y", "origin": [11.5147, 8.92664, 9]},
			"faces": {
				"north": {"uv": [2.5, 11.75, 3, 12.25], "texture": "#0"},
				"east": {"uv": [11.75, 2.5, 12.25, 3], "texture": "#0"},
				"south": {"uv": [3, 11.75, 3.5, 12.25], "texture": "#0"},
				"west": {"uv": [11.75, 3, 12.25, 3.5], "texture": "#0"},
				"up": {"uv": [4, 12.25, 3.5, 11.75], "texture": "#0"},
				"down": {"uv": [12.25, 3.5, 11.75, 4], "texture": "#0"}
			}
		},
		{
			"from": [8.7647, 4.17664, 11],
			"to": [10.2647, 5.67664, 12.5],
			"rotation": {"angle": -22.5, "axis": "x", "origin": [9.5147, 4.92664, 9.5]},
			"faces": {
				"north": {"uv": [11.75, 5, 12.25, 5.5], "texture": "#0"},
				"east": {"uv": [11.75, 6, 12.25, 6.5], "texture": "#0"},
				"south": {"uv": [11.75, 6.5, 12.25, 7], "texture": "#0"},
				"west": {"uv": [12, 1.5, 12.5, 2], "texture": "#0"},
				"up": {"uv": [12.5, 2.5, 12, 2], "texture": "#0"},
				"down": {"uv": [4.5, 12, 4, 12.5], "texture": "#0"}
			}
		},
		{
			"from": [9.5147, 3.92664, 10.5],
			"to": [11.0147, 5.42664, 12],
			"rotation": {"angle": -22.5, "axis": "y", "origin": [10.2647, 4.67664, 9]},
			"faces": {
				"north": {"uv": [12, 4, 12.5, 4.5], "texture": "#0"},
				"east": {"uv": [4.5, 12, 5, 12.5], "texture": "#0"},
				"south": {"uv": [12, 4.5, 12.5, 5], "texture": "#0"},
				"west": {"uv": [5, 12, 5.5, 12.5], "texture": "#0"},
				"up": {"uv": [6, 12.5, 5.5, 12], "texture": "#0"},
				"down": {"uv": [12.5, 5.5, 12, 6], "texture": "#0"}
			}
		},
		{
			"from": [8.5147, 6.67664, 10.5],
			"to": [10.0147, 8.17664, 12],
			"rotation": {"angle": 0, "axis": "y", "origin": [9.2647, 7.42664, 9]},
			"faces": {
				"north": {"uv": [6, 12, 6.5, 12.5], "texture": "#0"},
				"east": {"uv": [6.5, 12, 7, 12.5], "texture": "#0"},
				"south": {"uv": [7, 12, 7.5, 12.5], "texture": "#0"},
				"west": {"uv": [12, 7, 12.5, 7.5], "texture": "#0"},
				"up": {"uv": [8, 12.5, 7.5, 12], "texture": "#0"},
				"down": {"uv": [12.5, 7.5, 12, 8], "texture": "#0"}
			}
		},
		{
			"from": [3.3853, 3.92664, 4.75],
			"to": [4.8853, 5.42664, 6.25],
			"rotation": {"angle": 22.5, "axis": "y", "origin": [4.1353, 4.67664, 3.25]},
			"faces": {
				"north": {"uv": [8, 12, 8.5, 12.5], "texture": "#0"},
				"east": {"uv": [12, 8, 12.5, 8.5], "texture": "#0"},
				"south": {"uv": [8.5, 12, 9, 12.5], "texture": "#0"},
				"west": {"uv": [12, 8.5, 12.5, 9], "texture": "#0"},
				"up": {"uv": [9.5, 12.5, 9, 12], "texture": "#0"},
				"down": {"uv": [12.5, 9, 12, 9.5], "texture": "#0"}
			}
		},
		{
			"from": [7.2353, 3.17664, 10.5],
			"to": [8.7353, 4.67664, 12],
			"rotation": {"angle": 0, "axis": "y", "origin": [7.9853, 3.92664, 9]},
			"faces": {
				"north": {"uv": [9.5, 12, 10, 12.5], "texture": "#0"},
				"east": {"uv": [12, 9.5, 12.5, 10], "texture": "#0"},
				"south": {"uv": [10, 12, 10.5, 12.5], "texture": "#0"},
				"west": {"uv": [12, 10, 12.5, 10.5], "texture": "#0"},
				"up": {"uv": [11, 12.5, 10.5, 12], "texture": "#0"},
				"down": {"uv": [12.5, 10.5, 12, 11], "texture": "#0"}
			}
		},
		{
			"from": [10.6147, 5.42664, 4.25],
			"to": [12.1147, 6.92664, 5.75],
			"rotation": {"angle": 0, "axis": "y", "origin": [11.3647, 6.17664, 2.75]},
			"faces": {
				"north": {"uv": [11, 12, 11.5, 12.5], "texture": "#0"},
				"east": {"uv": [12, 11, 12.5, 11.5], "texture": "#0"},
				"south": {"uv": [11.5, 12, 12, 12.5], "texture": "#0"},
				"west": {"uv": [12, 11.5, 12.5, 12], "texture": "#0"},
				"up": {"uv": [12.5, 12.5, 12, 12], "texture": "#0"},
				"down": {"uv": [0.5, 12.25, 0, 12.75], "texture": "#0"}
			}
		},
		{
			"from": [4, 12.5, 4.5],
			"to": [5, 14, 11.5],
			"rotation": {"angle": 0, "axis": "y", "origin": [3, 12.5, 8]},
			"faces": {
				"north": {"uv": [4.5, 6, 4.75, 6.5], "texture": "#0"},
				"east": {"uv": [2, 4.25, 3.75, 4.75], "texture": "#0"},
				"south": {"uv": [4.5, 6.5, 4.75, 7], "texture": "#0"},
				"west": {"uv": [3.75, 4.5, 5.5, 5], "texture": "#0"},
				"up": {"uv": [1.75, 7.5, 1.5, 5.75], "texture": "#0"},
				"down": {"uv": [3.5, 6, 3.25, 7.75], "texture": "#0"}
			}
		},
		{
			"from": [11, 12.5, 4.5],
			"to": [12, 14, 11.5],
			"rotation": {"angle": 0, "axis": "y", "origin": [10, 12.5, 8]},
			"faces": {
				"north": {"uv": [12.25, 2.5, 12.5, 3], "texture": "#0"},
				"east": {"uv": [0, 4.75, 1.75, 5.25], "texture": "#0"},
				"south": {"uv": [3, 12.25, 3.25, 12.75], "texture": "#0"},
				"west": {"uv": [1.75, 4.75, 3.5, 5.25], "texture": "#0"},
				"up": {"uv": [3.75, 7.75, 3.5, 6], "texture": "#0"},
				"down": {"uv": [4, 6, 3.75, 7.75], "texture": "#0"}
			}
		},
		{
			"from": [5.25, 14.5, 4.75],
			"to": [10.75, 15, 11.25],
			"rotation": {"angle": 0, "axis": "y", "origin": [6, 14.5, 8]},
			"faces": {
				"north": {"uv": [0, 6.25, 1.5, 6.5], "texture": "#0"},
				"east": {"uv": [5.75, 1.5, 7.5, 1.75], "texture": "#0"},
				"south": {"uv": [6.25, 6, 7.75, 6.25], "texture": "#0"},
				"west": {"uv": [5.75, 1.75, 7.5, 2], "texture": "#0"},
				"up": {"uv": [4.125, 2.625, 2.625, 0.875], "texture": "#0"},
				"down": {"uv": [4.125, 0.875, 2.625, 2.625], "texture": "#0"}
			}
		},
		{
			"from": [4.75, 14.5, 5.25],
			"to": [11.25, 15, 10.75],
			"rotation": {"angle": 0, "axis": "y", "origin": [6, 14.5, 8]},
			"faces": {
				"north": {"uv": [5.75, 2, 7.5, 2.25], "texture": "#0"},
				"east": {"uv": [6.25, 6.25, 7.75, 6.5], "texture": "#0"},
				"south": {"uv": [5.75, 2.25, 7.5, 2.5], "texture": "#0"},
				"west": {"uv": [0, 6.5, 1.5, 6.75], "texture": "#0"},
				"up": {"uv": [4.25, 2.5, 2.5, 1], "texture": "#0"},
				"down": {"uv": [4.25, 1, 2.5, 2.5], "texture": "#0"}
			}
		},
		{
			"from": [4.25, 12, 4.25],
			"to": [11.75, 14.5, 11.75],
			"rotation": {"angle": 0, "axis": "y", "origin": [5, 12, 6]},
			"faces": {
				"north": {"uv": [2, 3.5, 4, 4.25], "texture": "#0"},
				"east": {"uv": [0, 4, 2, 4.75], "texture": "#0"},
				"south": {"uv": [4, 3, 6, 3.75], "texture": "#0"},
				"west": {"uv": [4, 3.75, 6, 4.5], "texture": "#0"},
				"up": {"uv": [2, 2, 0, 0], "texture": "#0"},
				"down": {"uv": [2, 2, 0, 4], "texture": "#0"}
			}
		},
		{
			"from": [10.85, 12.15, 5],
			"to": [12.35, 13.65, 11],
			"rotation": {"angle": -22.5, "axis": "z", "origin": [10.85, 12.15, 7]},
			"faces": {
				"north": {"uv": [12.25, 0, 12.75, 0.5], "texture": "#0"},
				"east": {"uv": [5.25, 0, 6.75, 0.5], "texture": "#0"},
				"south": {"uv": [0.5, 12.25, 1, 12.75], "texture": "#0"},
				"west": {"uv": [5.25, 0.5, 6.75, 1], "texture": "#0"},
				"up": {"uv": [5.75, 2.5, 5.25, 1], "texture": "#0"},
				"down": {"uv": [2.25, 5.25, 1.75, 6.75], "texture": "#0"}
			}
		},
		{
			"from": [3.65, 11.75, 5],
			"to": [5.15, 13.25, 11],
			"rotation": {"angle": 22.5, "axis": "z", "origin": [4.15, 11.75, 7]},
			"faces": {
				"north": {"uv": [12.25, 0.5, 12.75, 1], "texture": "#0"},
				"east": {"uv": [5.25, 2.5, 6.75, 3], "texture": "#0"},
				"south": {"uv": [1, 12.25, 1.5, 12.75], "texture": "#0"},
				"west": {"uv": [5.25, 5, 6.75, 5.5], "texture": "#0"},
				"up": {"uv": [2.75, 6.75, 2.25, 5.25], "texture": "#0"},
				"down": {"uv": [3.25, 5.25, 2.75, 6.75], "texture": "#0"}
			}
		},
		{
			"from": [11.03858, 10.19396, 5],
			"to": [12.53858, 11.69396, 11],
			"rotation": {"angle": -22.5, "axis": "z", "origin": [11.78858, 10.94396, 8]},
			"faces": {
				"north": {"uv": [12.25, 1, 12.75, 1.5], "texture": "#0"},
				"east": {"uv": [3.25, 5.5, 4.75, 6], "texture": "#0"},
				"south": {"uv": [1.5, 12.25, 2, 12.75], "texture": "#0"},
				"west": {"uv": [5.5, 4.5, 7, 5], "texture": "#0"},
				"up": {"uv": [5.25, 7, 4.75, 5.5], "texture": "#0"},
				"down": {"uv": [5.75, 5.5, 5.25, 7], "texture": "#0"}
			}
		},
		{
			"from": [3.3853, 10.17664, 5],
			"to": [4.8853, 11.67664, 11],
			"rotation": {"angle": 22.5, "axis": "z", "origin": [4.1353, 10.92664, 8]},
			"faces": {
				"north": {"uv": [2, 12.25, 2.5, 12.75], "texture": "#0"},
				"east": {"uv": [0, 5.75, 1.5, 6.25], "texture": "#0"},
				"south": {"uv": [2.5, 12.25, 3, 12.75], "texture": "#0"},
				"west": {"uv": [5.75, 1, 7.25, 1.5], "texture": "#0"},
				"up": {"uv": [6.25, 7, 5.75, 5.5], "texture": "#0"},
				"down": {"uv": [6.5, 3, 6, 4.5], "texture": "#0"}
			}
		},
		{
			"from": [5.5, 13.95, 11],
			"to": [10.5, 14.2, 12],
			"rotation": {"angle": 0, "axis": "y", "origin": [8, 12.5, 10]},
			"faces": {
				"north": {"uv": [6.5, 3, 7.75, 3.25], "texture": "#0"},
				"east": {"uv": [3.75, 4.25, 4, 4.5], "texture": "#0"},
				"south": {"uv": [6.5, 3.25, 7.75, 3.5], "texture": "#0"},
				"west": {"uv": [3.5, 4.75, 3.75, 5], "texture": "#0"},
				"up": {"uv": [7.75, 3.75, 6.5, 3.5], "texture": "#0"},
				"down": {"uv": [7.75, 3.75, 6.5, 4], "texture": "#0"}
			}
		},
		{
			"from": [4.5, 12.5, 11],
			"to": [11.5, 14, 12],
			"rotation": {"angle": 0, "axis": "y", "origin": [8, 12.5, 10]},
			"faces": {
				"north": {"uv": [3.5, 5, 5.25, 5.5], "texture": "#0"},
				"east": {"uv": [12.25, 3, 12.5, 3.5], "texture": "#0"},
				"south": {"uv": [0, 5.25, 1.75, 5.75], "texture": "#0"},
				"west": {"uv": [3.25, 12.25, 3.5, 12.75], "texture": "#0"},
				"up": {"uv": [8, 5.75, 6.25, 5.5], "texture": "#0"},
				"down": {"uv": [8, 5.75, 6.25, 6], "texture": "#0"}
			}
		}
	],
	"display": {
		"thirdperson_righthand": {
			"translation": [0, -3.75, 0]
		},
		"thirdperson_lefthand": {
			"translation": [0, -3.75, 0]
		},
		"gui": {
			"rotation": [0, 180, 0]
		},
		"head": {
			"translation": [0, -5.5, 0],
			"scale": [2, 2, 2]
		},
		"fixed": {
			"translation": [0, 0, -3.5]
		}
	},
	"groups": [
		{
			"name": "group",
			"origin": [8, 8, 8],
			"color": 0,
			"children": [
				{
					"name": "group",
					"origin": [8, 8, 8],
					"color": 0,
					"children": [
						0,
						1,
						2,
						3,
						4,
						5,
						6,
						7,
						8,
						9,
						10,
						11,
						12,
						13,
						14,
						15,
						16,
						17,
						18,
						19,
						20,
						21,
						22,
						23,
						24,
						25,
						26,
						27,
						28,
						29,
						30,
						31,
						32,
						33,
						34,
						35,
						36,
						37,
						38,
						39,
						40,
						41,
						42,
						43,
						44,
						45,
						46,
						47,
						48,
						49,
						50,
						51,
						52,
						53,
						54,
						55,
						56,
						57,
						58,
						59,
						60,
						61,
						62,
						63,
						64,
						65,
						66,
						67,
						68,
						69
					]
				},
				{
					"name": "group",
					"origin": [8, 8, 8],
					"color": 0,
					"children": [70, 71, 72, 73, 74, 75, 76, 77, 78, 79, 80]
				}
			]
		}
	]
}