{
	"credit": "Made with Blockbench",
	"texture_size": [64, 64],
	"textures": {
		"0": "custom:item/hoedjes/pruiken/graaf_kort",
		"1": "custom:item/hoedjes/piraten/driesteek",
		"particle": "custom:item/hoedjes/pruiken/graaf_kort"
	},
	"elements": [
		{
			"from": [7.75, 8.5, 11.2],
			"to": [9.5, 8.5, 11.9],
			"rotation": {"angle": -22.5, "axis": "z", "origin": [8.75, 6.5, 11]},
			"faces": {
				"north": {"uv": [0, 0, 0.5, 0], "texture": "#0"},
				"east": {"uv": [0, 0, 0.25, 0], "texture": "#0"},
				"south": {"uv": [0, 0, 0.5, 0], "texture": "#0"},
				"west": {"uv": [0, 0, 0.25, 0], "texture": "#0"},
				"up": {"uv": [8, 4.75, 7.5, 4.5], "texture": "#0"},
				"down": {"uv": [8, 6.75, 7.5, 7], "texture": "#0"}
			}
		},
		{
			"from": [4, 12.5, 4.5],
			"to": [5, 14, 11.5],
			"rotation": {"angle": 0, "axis": "y", "origin": [3, 12.5, 8]},
			"faces": {
				"north": {"uv": [3.75, 7.75, 4, 8.25], "texture": "#0"},
				"east": {"uv": [5, 3.5, 6.75, 4], "texture": "#0"},
				"south": {"uv": [4, 7.75, 4.25, 8.25], "texture": "#0"},
				"west": {"uv": [5, 4, 6.75, 4.5], "texture": "#0"},
				"up": {"uv": [2.75, 8, 2.5, 6.25], "texture": "#0"},
				"down": {"uv": [3, 6.25, 2.75, 8], "texture": "#0"}
			}
		},
		{
			"from": [11, 12.5, 4.5],
			"to": [12, 14, 11.5],
			"rotation": {"angle": 0, "axis": "y", "origin": [10, 12.5, 8]},
			"faces": {
				"north": {"uv": [3.25, 7.75, 3.5, 8.25], "texture": "#0"},
				"east": {"uv": [4.5, 4.75, 6.25, 5.25], "texture": "#0"},
				"south": {"uv": [3.5, 7.75, 3.75, 8.25], "texture": "#0"},
				"west": {"uv": [5, 3, 6.75, 3.5], "texture": "#0"},
				"up": {"uv": [2.25, 8, 2, 6.25], "texture": "#0"},
				"down": {"uv": [2.5, 6.25, 2.25, 8], "texture": "#0"}
			}
		},
		{
			"from": [5.25, 14.5, 4.75],
			"to": [10.75, 15, 11.25],
			"rotation": {"angle": 0, "axis": "y", "origin": [6, 14.5, 8]},
			"faces": {
				"north": {"uv": [6.5, 5.5, 8, 5.75], "texture": "#0"},
				"east": {"uv": [6.25, 1.25, 8, 1.5], "texture": "#0"},
				"south": {"uv": [6.5, 5.75, 8, 6], "texture": "#0"},
				"west": {"uv": [6.25, 1.5, 8, 1.75], "texture": "#0"},
				"up": {"uv": [3.75, 4.75, 2.25, 3], "texture": "#0"},
				"down": {"uv": [3.75, 3, 2.25, 4.75], "texture": "#0"}
			}
		},
		{
			"from": [4.75, 14.5, 5.25],
			"to": [11.25, 15, 10.75],
			"rotation": {"angle": 0, "axis": "y", "origin": [6, 14.5, 8]},
			"faces": {
				"north": {"uv": [5, 4.5, 6.75, 4.75], "texture": "#0"},
				"east": {"uv": [5, 6.5, 6.5, 6.75], "texture": "#0"},
				"south": {"uv": [6.25, 0.5, 8, 0.75], "texture": "#0"},
				"west": {"uv": [6.5, 5.25, 8, 5.5], "texture": "#0"},
				"up": {"uv": [3.875, 4.625, 2.125, 3.125], "texture": "#0"},
				"down": {"uv": [3.875, 3.125, 2.125, 4.625], "texture": "#0"}
			}
		},
		{
			"from": [4.25, 12, 4.25],
			"to": [11.75, 14.5, 11.75],
			"rotation": {"angle": 0, "axis": "y", "origin": [5, 12, 6]},
			"faces": {
				"north": {"uv": [3.75, 0, 5.75, 0.75], "texture": "#0"},
				"east": {"uv": [3.75, 0.75, 5.75, 1.5], "texture": "#0"},
				"south": {"uv": [3.75, 1.5, 5.75, 2.25], "texture": "#0"},
				"west": {"uv": [3.75, 2.25, 5.75, 3], "texture": "#0"},
				"up": {"uv": [2, 2, 0, 0], "texture": "#0"},
				"down": {"uv": [2, 2, 0, 4], "texture": "#0"}
			}
		},
		{
			"from": [10.85, 12.15, 5],
			"to": [12.35, 13.65, 11],
			"rotation": {"angle": -22.5, "axis": "z", "origin": [10.85, 12.15, 7]},
			"faces": {
				"north": {"uv": [4.5, 7, 5, 7.5], "texture": "#0"},
				"east": {"uv": [5.75, 2.5, 7.25, 3], "texture": "#0"},
				"south": {"uv": [7.25, 0, 7.75, 0.5], "texture": "#0"},
				"west": {"uv": [5, 5.75, 6.5, 6.25], "texture": "#0"},
				"up": {"uv": [0.5, 7.5, 0, 6], "texture": "#0"},
				"down": {"uv": [1, 6, 0.5, 7.5], "texture": "#0"}
			}
		},
		{
			"from": [3.65, 11.75, 5],
			"to": [5.15, 13.25, 11],
			"rotation": {"angle": 22.5, "axis": "z", "origin": [4.15, 11.75, 7]},
			"faces": {
				"north": {"uv": [6.75, 6.75, 7.25, 7.25], "texture": "#0"},
				"east": {"uv": [1.5, 5.75, 3, 6.25], "texture": "#0"},
				"south": {"uv": [4, 7, 4.5, 7.5], "texture": "#0"},
				"west": {"uv": [5.75, 2, 7.25, 2.5], "texture": "#0"},
				"up": {"uv": [3.5, 7.25, 3, 5.75], "texture": "#0"},
				"down": {"uv": [4, 5.75, 3.5, 7.25], "texture": "#0"}
			}
		},
		{
			"from": [11.03858, 10.19396, 5],
			"to": [12.53858, 11.69396, 11],
			"rotation": {"angle": -22.5, "axis": "z", "origin": [11.78858, 10.94396, 8]},
			"faces": {
				"north": {"uv": [5.75, 6.75, 6.25, 7.25], "texture": "#0"},
				"east": {"uv": [5, 5.25, 6.5, 5.75], "texture": "#0"},
				"south": {"uv": [6.25, 6.75, 6.75, 7.25], "texture": "#0"},
				"west": {"uv": [5.75, 0, 7.25, 0.5], "texture": "#0"},
				"up": {"uv": [6.25, 2, 5.75, 0.5], "texture": "#0"},
				"down": {"uv": [1.5, 5.75, 1, 7.25], "texture": "#0"}
			}
		},
		{
			"from": [3.3853, 10.17664, 5],
			"to": [4.8853, 11.67664, 11],
			"rotation": {"angle": 22.5, "axis": "z", "origin": [4.1353, 10.92664, 8]},
			"faces": {
				"north": {"uv": [6.75, 4.25, 7.25, 4.75], "texture": "#0"},
				"east": {"uv": [1, 5.25, 2.5, 5.75], "texture": "#0"},
				"south": {"uv": [5.25, 6.75, 5.75, 7.25], "texture": "#0"},
				"west": {"uv": [2.5, 5.25, 4, 5.75], "texture": "#0"},
				"up": {"uv": [4.5, 6.75, 4, 5.25], "texture": "#0"},
				"down": {"uv": [5, 5.25, 4.5, 6.75], "texture": "#0"}
			}
		},
		{
			"from": [5.5, 13.95, 11],
			"to": [10.5, 14.2, 12],
			"rotation": {"angle": 0, "axis": "y", "origin": [8, 12.5, 10]},
			"faces": {
				"north": {"uv": [6.75, 3.25, 8, 3.5], "texture": "#0"},
				"east": {"uv": [0.5, 8, 0.75, 8.25], "texture": "#0"},
				"south": {"uv": [6.75, 3.5, 8, 3.75], "texture": "#0"},
				"west": {"uv": [8, 0.5, 8.25, 0.75], "texture": "#0"},
				"up": {"uv": [8, 4, 6.75, 3.75], "texture": "#0"},
				"down": {"uv": [5.25, 6.75, 4, 7], "texture": "#0"}
			}
		},
		{
			"from": [4.5, 12.5, 11],
			"to": [11.5, 14, 12],
			"rotation": {"angle": 0, "axis": "y", "origin": [8, 12.5, 10]},
			"faces": {
				"north": {"uv": [1, 4.75, 2.75, 5.25], "texture": "#0"},
				"east": {"uv": [5, 7.5, 5.25, 8], "texture": "#0"},
				"south": {"uv": [2.75, 4.75, 4.5, 5.25], "texture": "#0"},
				"west": {"uv": [3, 7.75, 3.25, 8.25], "texture": "#0"},
				"up": {"uv": [8, 1, 6.25, 0.75], "texture": "#0"},
				"down": {"uv": [8, 1, 6.25, 1.25], "texture": "#0"}
			}
		},
		{
			"from": [5, 12, 11],
			"to": [11, 12.5, 12],
			"rotation": {"angle": 0, "axis": "y", "origin": [8, 12, 10]},
			"faces": {
				"north": {"uv": [6.25, 1.75, 7.75, 2], "texture": "#0"},
				"east": {"uv": [0, 8, 0.25, 8.25], "texture": "#0"},
				"south": {"uv": [6.25, 4.75, 7.75, 5], "texture": "#0"},
				"west": {"uv": [0.25, 8, 0.5, 8.25], "texture": "#0"},
				"up": {"uv": [6.5, 6.5, 5, 6.25], "texture": "#0"},
				"down": {"uv": [7.75, 5, 6.25, 5.25], "texture": "#0"}
			}
		},
		{
			"from": [5.5, 11.5, 11],
			"to": [10.5, 12, 12],
			"rotation": {"angle": 0, "axis": "y", "origin": [8, 11.5, 10]},
			"faces": {
				"north": {"uv": [6.5, 6, 7.75, 6.25], "texture": "#0"},
				"east": {"uv": [7.5, 7.75, 7.75, 8], "texture": "#0"},
				"south": {"uv": [6.5, 6.25, 7.75, 6.5], "texture": "#0"},
				"west": {"uv": [7.75, 7.75, 8, 8], "texture": "#0"},
				"up": {"uv": [7.75, 6.75, 6.5, 6.5], "texture": "#0"},
				"down": {"uv": [8, 3, 6.75, 3.25], "texture": "#0"}
			}
		},
		{
			"from": [6, 11, 11],
			"to": [10, 11.5, 12],
			"rotation": {"angle": 0, "axis": "y", "origin": [7, 9, 10]},
			"faces": {
				"north": {"uv": [1, 4, 2, 4.25], "texture": "#0"},
				"east": {"uv": [7.75, 6.25, 8, 6.5], "texture": "#0"},
				"south": {"uv": [1, 4.25, 2, 4.5], "texture": "#0"},
				"west": {"uv": [6.5, 7.75, 6.75, 8], "texture": "#0"},
				"up": {"uv": [2, 4.75, 1, 4.5], "texture": "#0"},
				"down": {"uv": [7.75, 4, 6.75, 4.25], "texture": "#0"}
			}
		},
		{
			"from": [6.5, 10, 11],
			"to": [9.5, 11, 12],
			"rotation": {"angle": 0, "axis": "y", "origin": [7, 9, 10]},
			"faces": {
				"north": {"uv": [7.25, 2, 8, 2.25], "texture": "#0"},
				"east": {"uv": [7.75, 6.5, 8, 6.75], "texture": "#0"},
				"south": {"uv": [7.25, 2.25, 8, 2.5], "texture": "#0"},
				"west": {"uv": [6.75, 7.75, 7, 8], "texture": "#0"},
				"up": {"uv": [8, 2.75, 7.25, 2.5], "texture": "#0"},
				"down": {"uv": [8, 2.75, 7.25, 3], "texture": "#0"}
			}
		},
		{
			"from": [7, 9, 11],
			"to": [9, 10, 12],
			"rotation": {"angle": 0, "axis": "y", "origin": [7, 9, 10]},
			"faces": {
				"north": {"uv": [7.5, 7, 8, 7.25], "texture": "#0"},
				"east": {"uv": [7.75, 6, 8, 6.25], "texture": "#0"},
				"south": {"uv": [7.5, 7.25, 8, 7.5], "texture": "#0"},
				"west": {"uv": [6.25, 7.75, 6.5, 8], "texture": "#0"},
				"up": {"uv": [8, 7.75, 7.5, 7.5], "texture": "#0"},
				"down": {"uv": [8.25, 0, 7.75, 0.25], "texture": "#0"}
			}
		},
		{
			"from": [5.75, 8.75, 12],
			"to": [8, 8.75, 12.65],
			"rotation": {"angle": 22.5, "axis": "y", "origin": [6, 6.75, 12]},
			"faces": {
				"north": {"uv": [0, 0, 0.5, 0], "texture": "#0"},
				"east": {"uv": [0, 0, 0.25, 0], "texture": "#0"},
				"south": {"uv": [0, 0, 0.5, 0], "texture": "#0"},
				"west": {"uv": [0, 0, 0.25, 0], "texture": "#0"},
				"up": {"uv": [8, 4.5, 7.5, 4.25], "texture": "#0"},
				"down": {"uv": [5, 7.5, 4.5, 7.75], "texture": "#0"}
			}
		},
		{
			"from": [7.25, 8, 11.1],
			"to": [8.75, 9, 11.9],
			"rotation": {"angle": 0, "axis": "y", "origin": [7, 8, 10]},
			"faces": {
				"north": {"uv": [0.5, 7.5, 1, 7.75], "texture": "#0"},
				"east": {"uv": [5.75, 7.75, 6, 8], "texture": "#0"},
				"south": {"uv": [1, 7.5, 1.5, 7.75], "texture": "#0"},
				"west": {"uv": [6, 7.75, 6.25, 8], "texture": "#0"},
				"up": {"uv": [3.5, 7.75, 3, 7.5], "texture": "#0"},
				"down": {"uv": [4.5, 7.5, 4, 7.75], "texture": "#0"}
			}
		},
		{
			"from": [7, 6, 11],
			"to": [9, 8, 12],
			"rotation": {"angle": 0, "axis": "y", "origin": [7, 6, 10]},
			"faces": {
				"north": {"uv": [0.5, 4.5, 1, 5], "texture": "#0"},
				"east": {"uv": [0.25, 5, 0.5, 5.5], "texture": "#0"},
				"south": {"uv": [0, 4.5, 0.5, 5], "texture": "#0"},
				"west": {"uv": [0, 5, 0.25, 5.5], "texture": "#0"},
				"up": {"uv": [0.5, 5.25, 1, 5.5], "texture": "#0"},
				"down": {"uv": [0.5, 5, 1, 5.25], "texture": "#0"}
			}
		},
		{
			"from": [7.5, 5.75, 11],
			"to": [8.5, 6, 12],
			"rotation": {"angle": 0, "axis": "y", "origin": [7, 6, 10]},
			"faces": {
				"north": {"uv": [0.75, 4.25, 1, 4.3125], "texture": "#0"},
				"east": {"uv": [0.5, 4.25, 0.75, 4.3125], "texture": "#0"},
				"south": {"uv": [0.25, 4.25, 0.5, 4.3125], "texture": "#0"},
				"west": {"uv": [0, 4.25, 0.25, 4.3125], "texture": "#0"},
				"up": {"uv": [0.25, 4, 0.5, 4.25], "texture": "#0"},
				"down": {"uv": [0, 4, 0.25, 4.25], "texture": "#0"}
			}
		},
		{
			"from": [6, 13.35, 3.75],
			"to": [10, 15.1, 4.25],
			"rotation": {"angle": 0, "axis": "y", "origin": [8, 13.85, 10.54627]},
			"faces": {
				"north": {"uv": [1, 5.25, 2, 5.75], "texture": "#1"},
				"east": {"uv": [2.25, 7, 2.5, 7.5], "texture": "#1"},
				"south": {"uv": [0, 6.75, 1, 7.25], "texture": "#1"},
				"west": {"uv": [2.5, 7, 2.75, 7.5], "texture": "#1"},
				"up": {"uv": [2, 6, 1, 5.75], "texture": "#1"},
				"down": {"uv": [4.5, 5.75, 3.5, 6], "texture": "#1"}
			}
		},
		{
			"from": [6, 13.35, 12.25],
			"to": [10, 15.1, 12.75],
			"rotation": {"angle": 0, "axis": "y", "origin": [8, 13.85, 19.04627]},
			"faces": {
				"north": {"uv": [6.75, 0.25, 7.75, 0.75], "texture": "#1"},
				"east": {"uv": [2.75, 7, 3, 7.5], "texture": "#1"},
				"south": {"uv": [6.75, 0.75, 7.75, 1.25], "texture": "#1"},
				"west": {"uv": [6, 7, 6.25, 7.5], "texture": "#1"},
				"up": {"uv": [6.5, 7, 5.5, 6.75], "texture": "#1"},
				"down": {"uv": [7.5, 6.75, 6.5, 7], "texture": "#1"}
			}
		},
		{
			"from": [3.9, 13.35, 4],
			"to": [12.1, 16.1, 12.25],
			"rotation": {"angle": 0, "axis": "y", "origin": [8, 13.85, 10.54627]},
			"faces": {
				"north": {"uv": [1, 6, 3, 6.5], "texture": "#1"},
				"east": {"uv": [3, 6, 5, 6.5], "texture": "#1"},
				"south": {"uv": [5, 6, 7, 6.5], "texture": "#1"},
				"west": {"uv": [1, 6.5, 3, 7], "texture": "#1"},
				"up": {"uv": [2, 2, 0, 0], "texture": "#1"},
				"down": {"uv": [2, 2, 0, 4], "texture": "#1"}
			}
		},
		{
			"from": [3.5, 13.35, 6],
			"to": [4, 15.1, 10.25],
			"rotation": {"angle": 0, "axis": "y", "origin": [8, 13.85, 10.54627]},
			"faces": {
				"north": {"uv": [7, 6, 7.25, 6.5], "texture": "#1"},
				"east": {"uv": [6.75, 1.25, 7.75, 1.75], "texture": "#1"},
				"south": {"uv": [6.25, 7, 6.5, 7.5], "texture": "#1"},
				"west": {"uv": [6.75, 2.5, 7.75, 3], "texture": "#1"},
				"up": {"uv": [1.5, 5, 1.25, 4], "texture": "#1"},
				"down": {"uv": [1.75, 4, 1.5, 5], "texture": "#1"}
			}
		},
		{
			"from": [12, 13.35, 6],
			"to": [12.5, 15.1, 10.25],
			"rotation": {"angle": 0, "axis": "y", "origin": [16.5, 13.85, 10.54627]},
			"faces": {
				"north": {"uv": [6.5, 7, 6.75, 7.5], "texture": "#1"},
				"east": {"uv": [6.75, 3, 7.75, 3.5], "texture": "#1"},
				"south": {"uv": [6.75, 7, 7, 7.5], "texture": "#1"},
				"west": {"uv": [6.75, 3.5, 7.75, 4], "texture": "#1"},
				"up": {"uv": [2, 5, 1.75, 4], "texture": "#1"},
				"down": {"uv": [1.25, 7, 1, 8], "texture": "#1"}
			}
		},
		{
			"from": [4.75, 13.35, 6.25],
			"to": [11.25, 13.35, 11.25],
			"rotation": {"angle": 0, "axis": "y", "origin": [8, 13.85, 10.54627]},
			"faces": {
				"north": {"uv": [0, 0, 1.75, 0], "texture": "#1"},
				"east": {"uv": [0, 0, 1.25, 0], "texture": "#1"},
				"south": {"uv": [0, 0, 1.75, 0], "texture": "#1"},
				"west": {"uv": [0, 0, 1.25, 0], "texture": "#1"},
				"up": {"uv": [5.25, 1.25, 3.5, 0], "texture": "#1"},
				"down": {"uv": [5.25, 1.25, 3.5, 2.5], "texture": "#1"}
			}
		},
		{
			"from": [3.75, 13.35, 11.25],
			"to": [12.25, 13.35, 13.25],
			"rotation": {"angle": 0, "axis": "y", "origin": [8, 13.85, 10.54627]},
			"faces": {
				"north": {"uv": [0, 0, 2.25, 0], "texture": "#1"},
				"east": {"uv": [0, 0, 0.5, 0], "texture": "#1"},
				"south": {"uv": [0, 0, 2.25, 0], "texture": "#1"},
				"west": {"uv": [0, 0, 0.5, 0], "texture": "#1"},
				"up": {"uv": [8, 5.5, 5.75, 5], "texture": "#1"},
				"down": {"uv": [8, 5.5, 5.75, 6], "texture": "#1"}
			}
		},
		{
			"from": [5.75, 13.35, 0],
			"to": [10.25, 13.35, 5.25],
			"rotation": {"angle": 0, "axis": "y", "origin": [8, 13.85, 2.54627]},
			"faces": {
				"north": {"uv": [0, 0, 1.25, 0], "texture": "#1"},
				"east": {"uv": [0, 0, 1.25, 0], "texture": "#1"},
				"south": {"uv": [0, 0, 1.25, 0], "texture": "#1"},
				"west": {"uv": [0, 0, 1.25, 0], "texture": "#1"},
				"up": {"uv": [1.25, 5.25, 0, 4], "texture": "#1"},
				"down": {"uv": [4.75, 4.5, 3.5, 5.75], "texture": "#1"}
			}
		},
		{
			"from": [10.74814, 13.35, 2.83821],
			"to": [13.24814, 13.35, 14.58821],
			"rotation": {"angle": 22.5, "axis": "y", "origin": [9.5, 13.85, 10.04627]},
			"faces": {
				"north": {"uv": [0, 0, 0.75, 0], "texture": "#1"},
				"east": {"uv": [0, 0, 3, 0], "texture": "#1"},
				"south": {"uv": [0, 0, 0.75, 0], "texture": "#1"},
				"west": {"uv": [0, 0, 3, 0], "texture": "#1"},
				"up": {"uv": [2.75, 3, 2, 0], "texture": "#1"},
				"down": {"uv": [3.5, 0, 2.75, 3], "texture": "#1"}
			}
		},
		{
			"from": [13.24814, 13.35, 0.83821],
			"to": [14.24814, 15.35, 13.83821],
			"rotation": {"angle": 22.5, "axis": "y", "origin": [9.5, 13.85, 10.04627]},
			"faces": {
				"north": {"uv": [7, 7, 7.25, 7.5], "texture": "#1"},
				"east": {"uv": [3.5, 2.5, 6.75, 3], "texture": "#1"},
				"south": {"uv": [0, 7.25, 0.25, 7.75], "texture": "#1"},
				"west": {"uv": [3.5, 3, 6.75, 3.5], "texture": "#1"},
				"up": {"uv": [3.25, 9.75, 3, 6.5], "texture": "#1"},
				"down": {"uv": [3.5, 6.5, 3.25, 9.75], "texture": "#1"}
			}
		},
		{
			"from": [2.5, 13.35, 13.25],
			"to": [13.5, 15.35, 14.25],
			"rotation": {"angle": 0, "axis": "y", "origin": [8, 13.85, 10.54627]},
			"faces": {
				"north": {"uv": [5.25, 2, 8, 2.5], "texture": "#1"},
				"east": {"uv": [0.25, 7.25, 0.5, 7.75], "texture": "#1"},
				"south": {"uv": [5.75, 4.5, 8.5, 5], "texture": "#1"},
				"west": {"uv": [0.5, 7.25, 0.75, 7.75], "texture": "#1"},
				"up": {"uv": [6.75, 6.75, 4, 6.5], "texture": "#1"},
				"down": {"uv": [9.5, 0, 6.75, 0.25], "texture": "#1"}
			}
		},
		{
			"from": [2.75186, 13.35, 2.83821],
			"to": [5.25186, 13.35, 14.58821],
			"rotation": {"angle": -22.5, "axis": "y", "origin": [6.5, 13.85, 10.04627]},
			"faces": {
				"north": {"uv": [0, 0, 0.75, 0], "texture": "#1"},
				"east": {"uv": [0, 0, 3, 0], "texture": "#1"},
				"south": {"uv": [0, 0, 0.75, 0], "texture": "#1"},
				"west": {"uv": [0, 0, 3, 0], "texture": "#1"},
				"up": {"uv": [2.75, 6, 2, 3], "texture": "#1"},
				"down": {"uv": [3.5, 3, 2.75, 6], "texture": "#1"}
			}
		},
		{
			"from": [1.75186, 13.35, 0.83821],
			"to": [2.75186, 15.35, 13.83821],
			"rotation": {"angle": -22.5, "axis": "y", "origin": [6.5, 13.85, 10.04627]},
			"faces": {
				"north": {"uv": [0.75, 7.25, 1, 7.75], "texture": "#1"},
				"east": {"uv": [3.5, 3.5, 6.75, 4], "texture": "#1"},
				"south": {"uv": [1.25, 7.25, 1.5, 7.75], "texture": "#1"},
				"west": {"uv": [3.5, 4, 6.75, 4.5], "texture": "#1"},
				"up": {"uv": [3.75, 9.75, 3.5, 6.5], "texture": "#1"},
				"down": {"uv": [4, 6.5, 3.75, 9.75], "texture": "#1"}
			}
		},
		{
			"from": [6, 16.1, 5.25],
			"to": [10, 16.35, 11.25],
			"rotation": {"angle": 0, "axis": "y", "origin": [6, 14.35, 6.25]},
			"faces": {
				"north": {"uv": [6.75, 6.5, 7.75, 6.75], "texture": "#1"},
				"east": {"uv": [6.75, 1.75, 8.25, 2], "texture": "#1"},
				"south": {"uv": [1.25, 7, 2.25, 7.25], "texture": "#1"},
				"west": {"uv": [4, 6.75, 5.5, 7], "texture": "#1"},
				"up": {"uv": [6.5, 1.75, 5.5, 0.25], "texture": "#1"},
				"down": {"uv": [6.5, 0.25, 5.5, 1.75], "texture": "#1"}
			}
		},
		{
			"from": [5, 16.1, 6.25],
			"to": [11, 16.35, 10.25],
			"rotation": {"angle": 0, "axis": "y", "origin": [6, 14.35, 6.25]},
			"faces": {
				"north": {"uv": [6.75, 4, 8.25, 4.25], "texture": "#1"},
				"east": {"uv": [4, 7, 5, 7.25], "texture": "#1"},
				"south": {"uv": [6.75, 4.25, 8.25, 4.5], "texture": "#1"},
				"west": {"uv": [5, 7, 6, 7.25], "texture": "#1"},
				"up": {"uv": [6.75, 1.5, 5.25, 0.5], "texture": "#1"},
				"down": {"uv": [6.75, 0.5, 5.25, 1.5], "texture": "#1"}
			}
		},
		{
			"from": [3.5, 14.85, 7.25],
			"to": [5, 16.35, 8.75],
			"rotation": {"angle": 0, "axis": "y", "origin": [3, 14.85, 7.25]},
			"faces": {
				"north": {"uv": [0.5, 5.25, 0.875, 5.625], "texture": "#1"},
				"east": {"uv": [0, 6.25, 0.375, 6.625], "texture": "#1"},
				"south": {"uv": [0, 5.25, 0.375, 5.625], "texture": "#1"},
				"west": {"uv": [0.5, 6.25, 0.875, 6.625], "texture": "#1"},
				"up": {"uv": [0.5, 5.75, 0.875, 6.125], "texture": "#1"},
				"down": {"uv": [0, 5.75, 0.375, 6.125], "texture": "#1"}
			}
		},
		{
			"from": [3, 14.85, 9.5],
			"to": [4.5, 16.35, 11],
			"rotation": {"angle": 22.5, "axis": "z", "origin": [2.5, 14.85, 9.5]},
			"faces": {
				"north": {"uv": [0, 5.75, 0.375, 6.125], "texture": "#1"},
				"east": {"uv": [0, 5.25, 0.375, 5.625], "texture": "#1"},
				"south": {"uv": [0.5, 5.25, 0.875, 5.625], "texture": "#1"},
				"west": {"uv": [0.5, 5.75, 0.875, 6.125], "texture": "#1"},
				"up": {"uv": [0, 6.25, 0.375, 6.625], "texture": "#1"},
				"down": {"uv": [0.5, 6.25, 0.875, 6.625], "texture": "#1"}
			}
		},
		{
			"from": [3.5, 15.1, 8],
			"to": [5, 16.6, 9.5],
			"rotation": {"angle": -22.5, "axis": "y", "origin": [3, 15.1, 8]},
			"faces": {
				"north": {"uv": [0, 5.75, 0.375, 6.125], "texture": "#1"},
				"east": {"uv": [0.5, 6.25, 0.875, 6.625], "texture": "#1"},
				"south": {"uv": [0, 6.25, 0.375, 6.625], "texture": "#1"},
				"west": {"uv": [0, 5.25, 0.375, 5.625], "texture": "#1"},
				"up": {"uv": [0.5, 5.75, 0.875, 6.125], "texture": "#1"},
				"down": {"uv": [0.5, 5.25, 0.875, 5.625], "texture": "#1"}
			}
		},
		{
			"from": [1.75, 15.6, 10.5],
			"to": [3.25, 17.1, 12],
			"rotation": {"angle": 0, "axis": "y", "origin": [1.25, 15.6, 10.5]},
			"faces": {
				"north": {"uv": [0, 5.75, 0.375, 6.125], "texture": "#1"},
				"east": {"uv": [0.5, 5.75, 0.875, 6.125], "texture": "#1"},
				"south": {"uv": [0.5, 6.25, 0.875, 6.625], "texture": "#1"},
				"west": {"uv": [0, 6.25, 0.375, 6.625], "texture": "#1"},
				"up": {"uv": [0, 5.25, 0.375, 5.625], "texture": "#1"},
				"down": {"uv": [0.5, 5.25, 0.875, 5.625], "texture": "#1"}
			}
		},
		{
			"from": [1, 15.35, 12],
			"to": [2.5, 16.85, 13.5],
			"rotation": {"angle": 22.5, "axis": "y", "origin": [0.5, 15.35, 12]},
			"faces": {
				"north": {"uv": [0.5, 6.25, 0.875, 6.625], "texture": "#1"},
				"east": {"uv": [0, 5.75, 0.375, 6.125], "texture": "#1"},
				"south": {"uv": [0, 5.25, 0.375, 5.625], "texture": "#1"},
				"west": {"uv": [0.5, 5.25, 0.875, 5.625], "texture": "#1"},
				"up": {"uv": [0, 6.25, 0.375, 6.625], "texture": "#1"},
				"down": {"uv": [0.5, 5.75, 0.875, 6.125], "texture": "#1"}
			}
		},
		{
			"from": [0.5, 14.85, 12.25],
			"to": [2, 16.35, 13.75],
			"rotation": {"angle": 0, "axis": "y", "origin": [0, 14.85, 12.25]},
			"faces": {
				"north": {"uv": [0, 6.25, 0.375, 6.625], "texture": "#1"},
				"east": {"uv": [0.5, 5.75, 0.875, 6.125], "texture": "#1"},
				"south": {"uv": [0.5, 5.25, 0.875, 5.625], "texture": "#1"},
				"west": {"uv": [0.5, 6.25, 0.875, 6.625], "texture": "#1"},
				"up": {"uv": [0, 5.25, 0.375, 5.625], "texture": "#1"},
				"down": {"uv": [0, 5.75, 0.375, 6.125], "texture": "#1"}
			}
		},
		{
			"from": [-0.25, 14.6, 12.75],
			"to": [1.25, 16.1, 14.25],
			"rotation": {"angle": 22.5, "axis": "x", "origin": [-0.75, 14.6, 12.75]},
			"faces": {
				"north": {"uv": [0.5, 6.25, 0.875, 6.625], "texture": "#1"},
				"east": {"uv": [0, 6.25, 0.375, 6.625], "texture": "#1"},
				"south": {"uv": [0, 5.25, 0.375, 5.625], "texture": "#1"},
				"west": {"uv": [0.5, 5.75, 0.875, 6.125], "texture": "#1"},
				"up": {"uv": [0, 5.75, 0.375, 6.125], "texture": "#1"},
				"down": {"uv": [0.5, 5.25, 0.875, 5.625], "texture": "#1"}
			}
		},
		{
			"from": [-1, 13.6, 13.5],
			"to": [0.5, 15.1, 15],
			"rotation": {"angle": 0, "axis": "y", "origin": [-1.5, 13.6, 13.5]},
			"faces": {
				"north": {"uv": [0, 5.25, 0.375, 5.625], "texture": "#1"},
				"east": {"uv": [0.5, 6.25, 0.875, 6.625], "texture": "#1"},
				"south": {"uv": [0, 6.25, 0.375, 6.625], "texture": "#1"},
				"west": {"uv": [0, 5.75, 0.375, 6.125], "texture": "#1"},
				"up": {"uv": [0.5, 5.25, 0.875, 5.625], "texture": "#1"},
				"down": {"uv": [0.5, 5.75, 0.875, 6.125], "texture": "#1"}
			}
		}
	],
	"display": {
		"gui": {
			"rotation": [0, 180, 0]
		},
		"head": {
			"translation": [0, -5.5, 0],
			"scale": [2, 2, 2]
		},
		"fixed": {
			"translation": [0, 0, -3.5]
		}
	},
	"groups": [
		{
			"name": "group",
			"origin": [8, 8, 8],
			"color": 0,
			"children": [
				0,
				{
					"name": "group",
					"origin": [8, 8, 8],
					"color": 0,
					"children": [1, 2, 3, 4, 5, 6, 7, 8, 9, 10, 11, 12, 13, 14, 15, 16]
				},
				17,
				18,
				19,
				20
			]
		},
		{
			"name": "group",
			"origin": [8, 8, 8],
			"color": 0,
			"children": [
				21,
				22,
				23,
				24,
				25,
				26,
				27,
				28,
				29,
				30,
				31,
				32,
				33,
				34,
				35,
				{
					"name": "group",
					"origin": [3, 1.5, 6],
					"color": 0,
					"children": [36, 37, 38, 39, 40, 41, 42, 43]
				}
			]
		}
	]
}