{
	"credit": "Made with Blockbench",
	"texture_size": [32, 32],
	"textures": {
		"0": "tychomeer_power_ups:item/super_star",
		"particle": "tychomeer_power_ups:item/super_star"
	},
	"elements": [
		{
			"from": [7, 6, 7.5],
			"to": [9, 7, 8.5],
			"rotation": {"angle": 0, "axis": "y", "origin": [7, 6, 7]},
			"faces": {
				"north": {"uv": [6.5, 2.5, 7.5, 3], "texture": "#0"},
				"east": {"uv": [1, 3, 1.5, 3.5], "texture": "#0"},
				"south": {"uv": [6.5, 3, 7.5, 3.5], "texture": "#0"},
				"west": {"uv": [3, 1.5, 3.5, 2], "texture": "#0"},
				"up": {"uv": [5, 7, 4, 6.5], "texture": "#0"},
				"down": {"uv": [7.5, 5, 6.5, 5.5], "texture": "#0"}
			}
		},
		{
			"from": [7.5, 7, 7.5],
			"to": [8.5, 8, 8.5],
			"rotation": {"angle": 0, "axis": "y", "origin": [7, 6, 7]},
			"faces": {
				"north": {"uv": [2.5, 8, 3, 8.5], "texture": "#0"},
				"east": {"uv": [3, 8, 3.5, 8.5], "texture": "#0"},
				"south": {"uv": [4, 8, 4.5, 8.5], "texture": "#0"},
				"west": {"uv": [4.5, 8, 5, 8.5], "texture": "#0"},
				"up": {"uv": [6, 8.5, 5.5, 8], "texture": "#0"},
				"down": {"uv": [6.5, 8, 6, 8.5], "texture": "#0"}
			}
		},
		{
			"from": [6.5, 5, 7.25],
			"to": [9.5, 6, 8.75],
			"rotation": {"angle": 0, "axis": "y", "origin": [7, 6, 7]},
			"faces": {
				"north": {"uv": [1.5, 5.5, 3, 6], "texture": "#0"},
				"east": {"uv": [5.5, 6.5, 6.5, 7], "texture": "#0"},
				"south": {"uv": [6, 0, 7.5, 0.5], "texture": "#0"},
				"west": {"uv": [6.5, 5.5, 7.5, 6], "texture": "#0"},
				"up": {"uv": [10.5, 1, 9, 0], "texture": "#0"},
				"down": {"uv": [10.5, 2.5, 9, 3.5], "texture": "#0"}
			}
		},
		{
			"from": [10.5, 3.5, 7.5],
			"to": [11.5, 5.5, 8.5],
			"rotation": {"angle": 22.5, "axis": "z", "origin": [10.5, 3.5, 7]},
			"faces": {
				"north": {"uv": [1, 6.5, 1.5, 7.5], "texture": "#0"},
				"east": {"uv": [6.5, 6.5, 7, 7.5], "texture": "#0"},
				"south": {"uv": [4, 7, 4.5, 8], "texture": "#0"},
				"west": {"uv": [4.5, 7, 5, 8], "texture": "#0"},
				"up": {"uv": [7.5, 8.5, 7, 8], "texture": "#0"},
				"down": {"uv": [8, 8, 7.5, 8.5], "texture": "#0"}
			}
		},
		{
			"from": [11.5, 4, 7.5],
			"to": [12.5, 5, 8.5],
			"rotation": {"angle": 22.5, "axis": "z", "origin": [10.5, 3.5, 7]},
			"faces": {
				"north": {"uv": [8, 8, 8.5, 8.5], "texture": "#0"},
				"east": {"uv": [0, 8.5, 0.5, 9], "texture": "#0"},
				"south": {"uv": [8.5, 0, 9, 0.5], "texture": "#0"},
				"west": {"uv": [0.5, 8.5, 1, 9], "texture": "#0"},
				"up": {"uv": [9, 1, 8.5, 0.5], "texture": "#0"},
				"down": {"uv": [1.5, 8.5, 1, 9], "texture": "#0"}
			}
		},
		{
			"from": [9.5, 3, 7.25],
			"to": [10.5, 6, 8.75],
			"rotation": {"angle": 22.5, "axis": "z", "origin": [10.5, 3.5, 7]},
			"faces": {
				"north": {"uv": [1.5, 6, 2, 7.5], "texture": "#0"},
				"east": {"uv": [9, 5, 10, 6.5], "texture": "#0"},
				"south": {"uv": [2, 6, 2.5, 7.5], "texture": "#0"},
				"west": {"uv": [9, 3.5, 10, 5], "texture": "#0"},
				"up": {"uv": [6, 8, 5.5, 7], "texture": "#0"},
				"down": {"uv": [6.5, 7, 6, 8], "texture": "#0"}
			}
		},
		{
			"from": [4.5, 3.5, 7.5],
			"to": [5.5, 5.5, 8.5],
			"rotation": {"angle": -22.5, "axis": "z", "origin": [5.5, 3.5, 7]},
			"faces": {
				"north": {"uv": [7, 6, 7.5, 7], "texture": "#0"},
				"east": {"uv": [7, 7, 7.5, 8], "texture": "#0"},
				"south": {"uv": [7.5, 0, 8, 1], "texture": "#0"},
				"west": {"uv": [1, 7.5, 1.5, 8.5], "texture": "#0"},
				"up": {"uv": [9, 1.5, 8.5, 1], "texture": "#0"},
				"down": {"uv": [2, 8.5, 1.5, 9], "texture": "#0"}
			}
		},
		{
			"from": [3.5, 4, 7.5],
			"to": [4.5, 5, 8.5],
			"rotation": {"angle": -22.5, "axis": "z", "origin": [5.5, 3.5, 7]},
			"faces": {
				"north": {"uv": [2, 8.5, 2.5, 9], "texture": "#0"},
				"east": {"uv": [2.5, 8.5, 3, 9], "texture": "#0"},
				"south": {"uv": [8.5, 2.5, 9, 3], "texture": "#0"},
				"west": {"uv": [3, 8.5, 3.5, 9], "texture": "#0"},
				"up": {"uv": [9, 3.5, 8.5, 3], "texture": "#0"},
				"down": {"uv": [4, 8.5, 3.5, 9], "texture": "#0"}
			}
		},
		{
			"from": [5.5, 3, 7.25],
			"to": [6.5, 6, 8.75],
			"rotation": {"angle": -22.5, "axis": "z", "origin": [5.5, 3.5, 7]},
			"faces": {
				"north": {"uv": [2.5, 6, 3, 7.5], "texture": "#0"},
				"east": {"uv": [0, 3, 1, 4.5], "texture": "#0"},
				"south": {"uv": [3, 6, 3.5, 7.5], "texture": "#0"},
				"west": {"uv": [3, 0, 4, 1.5], "texture": "#0"},
				"up": {"uv": [2, 8.5, 1.5, 7.5], "texture": "#0"},
				"down": {"uv": [2.5, 7.5, 2, 8.5], "texture": "#0"}
			}
		},
		{
			"from": [9, 1, 7.5],
			"to": [11, 2, 8.5],
			"rotation": {"angle": 45, "axis": "z", "origin": [10, 1.5, 8]},
			"faces": {
				"north": {"uv": [7.5, 1, 8.5, 1.5], "texture": "#0"},
				"east": {"uv": [8.5, 3.5, 9, 4], "texture": "#0"},
				"south": {"uv": [2.5, 7.5, 3.5, 8], "texture": "#0"},
				"west": {"uv": [4, 8.5, 4.5, 9], "texture": "#0"},
				"up": {"uv": [8.5, 3, 7.5, 2.5], "texture": "#0"},
				"down": {"uv": [8.5, 3, 7.5, 3.5], "texture": "#0"}
			}
		},
		{
			"from": [9.5, 0, 7.5],
			"to": [10.5, 1, 8.5],
			"rotation": {"angle": 45, "axis": "z", "origin": [10, 1.5, 8]},
			"faces": {
				"north": {"uv": [8.5, 4, 9, 4.5], "texture": "#0"},
				"east": {"uv": [4.5, 8.5, 5, 9], "texture": "#0"},
				"south": {"uv": [8.5, 4.5, 9, 5], "texture": "#0"},
				"west": {"uv": [5, 8.5, 5.5, 9], "texture": "#0"},
				"up": {"uv": [9, 5.5, 8.5, 5], "texture": "#0"},
				"down": {"uv": [6, 8.5, 5.5, 9], "texture": "#0"}
			}
		},
		{
			"from": [8.5, 2, 7.25],
			"to": [11.5, 3, 8.75],
			"rotation": {"angle": 45, "axis": "z", "origin": [10, 1.5, 8]},
			"faces": {
				"north": {"uv": [6, 0.5, 7.5, 1], "texture": "#0"},
				"east": {"uv": [7.5, 3.5, 8.5, 4], "texture": "#0"},
				"south": {"uv": [6, 1, 7.5, 1.5], "texture": "#0"},
				"west": {"uv": [7.5, 4, 8.5, 4.5], "texture": "#0"},
				"up": {"uv": [2.5, 4.5, 1, 3.5], "texture": "#0"},
				"down": {"uv": [5, 1.5, 3.5, 2.5], "texture": "#0"}
			}
		},
		{
			"from": [5, 1, 7.5],
			"to": [7, 2, 8.5],
			"rotation": {"angle": -45, "axis": "z", "origin": [6, 1.5, 8]},
			"faces": {
				"north": {"uv": [7.5, 4.5, 8.5, 5], "texture": "#0"},
				"east": {"uv": [8.5, 5.5, 9, 6], "texture": "#0"},
				"south": {"uv": [7.5, 5, 8.5, 5.5], "texture": "#0"},
				"west": {"uv": [6, 8.5, 6.5, 9], "texture": "#0"},
				"up": {"uv": [8.5, 6, 7.5, 5.5], "texture": "#0"},
				"down": {"uv": [8.5, 6, 7.5, 6.5], "texture": "#0"}
			}
		},
		{
			"from": [5.5, 0, 7.5],
			"to": [6.5, 1, 8.5],
			"rotation": {"angle": -45, "axis": "z", "origin": [6, 1.5, 8]},
			"faces": {
				"north": {"uv": [8.5, 6, 9, 6.5], "texture": "#0"},
				"east": {"uv": [6.5, 8.5, 7, 9], "texture": "#0"},
				"south": {"uv": [8.5, 6.5, 9, 7], "texture": "#0"},
				"west": {"uv": [7, 8.5, 7.5, 9], "texture": "#0"},
				"up": {"uv": [9, 7.5, 8.5, 7], "texture": "#0"},
				"down": {"uv": [8, 8.5, 7.5, 9], "texture": "#0"}
			}
		},
		{
			"from": [4.5, 2, 7.25],
			"to": [7.5, 3, 8.75],
			"rotation": {"angle": -45, "axis": "z", "origin": [6, 1.5, 8]},
			"faces": {
				"north": {"uv": [6, 3.5, 7.5, 4], "texture": "#0"},
				"east": {"uv": [7.5, 6.5, 8.5, 7], "texture": "#0"},
				"south": {"uv": [6, 4, 7.5, 4.5], "texture": "#0"},
				"west": {"uv": [7.5, 7, 8.5, 7.5], "texture": "#0"},
				"up": {"uv": [4, 4.5, 2.5, 3.5], "texture": "#0"},
				"down": {"uv": [5, 2.5, 3.5, 3.5], "texture": "#0"}
			}
		},
		{
			"from": [9.5, 2, 7.1],
			"to": [10, 5, 8.9],
			"rotation": {"angle": 0, "axis": "y", "origin": [7, 3, 7]},
			"faces": {
				"north": {"uv": [3.5, 6, 4, 7.5], "texture": "#0"},
				"east": {"uv": [4, 0, 5, 1.5], "texture": "#0"},
				"south": {"uv": [5, 6, 5.5, 7.5], "texture": "#0"},
				"west": {"uv": [4, 3.5, 5, 5], "texture": "#0"},
				"up": {"uv": [4, 8.5, 3.5, 7.5], "texture": "#0"},
				"down": {"uv": [5.5, 7.5, 5, 8.5], "texture": "#0"}
			}
		},
		{
			"from": [6.5, 1.5, 7.1],
			"to": [9.5, 2, 8.9],
			"rotation": {"angle": 0, "axis": "y", "origin": [7, 3, 7]},
			"faces": {
				"north": {"uv": [6, 4.5, 7.5, 5], "texture": "#0"},
				"east": {"uv": [7.5, 7.5, 8.5, 8], "texture": "#0"},
				"south": {"uv": [5.5, 6, 7, 6.5], "texture": "#0"},
				"west": {"uv": [0, 8, 1, 8.5], "texture": "#0"},
				"up": {"uv": [1.5, 5.5, 0, 4.5], "texture": "#0"},
				"down": {"uv": [3, 4.5, 1.5, 5.5], "texture": "#0"}
			}
		},
		{
			"from": [6, 2, 7.1],
			"to": [6.5, 5, 8.9],
			"rotation": {"angle": 0, "axis": "y", "origin": [7, 3, 7]},
			"faces": {
				"north": {"uv": [0, 6.5, 0.5, 8], "texture": "#0"},
				"east": {"uv": [3, 4.5, 4, 6], "texture": "#0"},
				"south": {"uv": [0.5, 6.5, 1, 8], "texture": "#0"},
				"west": {"uv": [5, 0, 6, 1.5], "texture": "#0"},
				"up": {"uv": [7, 8.5, 6.5, 7.5], "texture": "#0"},
				"down": {"uv": [8.5, 0, 8, 1], "texture": "#0"}
			}
		},
		{
			"from": [6.5, 5, 7.1],
			"to": [9.5, 5.5, 8.9],
			"rotation": {"angle": 0, "axis": "y", "origin": [7, 3, 7]},
			"faces": {
				"north": {"uv": [6.5, 1.5, 8, 2], "texture": "#0"},
				"east": {"uv": [8, 1.5, 9, 2], "texture": "#0"},
				"south": {"uv": [6.5, 2, 8, 2.5], "texture": "#0"},
				"west": {"uv": [8, 2, 9, 2.5], "texture": "#0"},
				"up": {"uv": [6.5, 2.5, 5, 1.5], "texture": "#0"},
				"down": {"uv": [6.5, 2.5, 5, 3.5], "texture": "#0"}
			}
		},
		{
			"from": [6.5, 2, 7.1],
			"to": [9.5, 5, 8.9],
			"rotation": {"angle": 0, "axis": "y", "origin": [7, 3, 7]},
			"faces": {
				"north": {"uv": [0, 0, 3, 3], "texture": "#0"},
				"east": {"uv": [5, 3.5, 6, 5], "texture": "#0"},
				"south": {"uv": [9, 1, 10.5, 2.5], "texture": "#0"},
				"west": {"uv": [4, 5, 5, 6.5], "texture": "#0"},
				"up": {"uv": [6.5, 6, 5, 5], "texture": "#0"},
				"down": {"uv": [1.5, 5.5, 0, 6.5], "texture": "#0"}
			}
		}
	],
	"display": {
		"thirdperson_righthand": {
			"rotation": [55.75, 0, 0],
			"translation": [0, 3.75, 5]
		},
		"thirdperson_lefthand": {
			"rotation": [55.75, 0, 0],
			"translation": [0, 3.75, 5]
		},
		"firstperson_righthand": {
			"translation": [3.75, 4.25, 0]
		},
		"firstperson_lefthand": {
			"translation": [3.75, 4.25, 0]
		},
		"ground": {
			"translation": [0, 3.75, 0],
			"scale": [0.9, 0.9, 0.9]
		},
		"gui": {
			"rotation": [3, 180, 0],
			"translation": [0, 5.25, 0],
			"scale": [1.3, 1.3, 1.3]
		},
		"head": {
			"translation": [0, -26.5, 0],
			"scale": [2.1, 2.1, 2.1]
		},
		"fixed": {
			"rotation": [-90, 0, 0],
			"translation": [0, 0, -21.5],
			"scale": [2.7, 2.7, 2.7]
		}
	},
	"groups": [
		{
			"name": "group",
			"origin": [7, 4, 7],
			"color": 0,
			"children": [
				{
					"name": "group",
					"origin": [0, 0, 0],
					"color": 0,
					"children": [0, 1, 2]
				},
				{
					"name": "group",
					"origin": [16, 0, 0],
					"color": 0,
					"children": [3, 4, 5]
				},
				{
					"name": "group",
					"origin": [0, 0, 0],
					"color": 0,
					"children": [6, 7, 8]
				},
				{
					"name": "group",
					"origin": [16, 0, 0],
					"color": 0,
					"children": [9, 10, 11]
				},
				{
					"name": "group",
					"origin": [0, 0, 0],
					"color": 0,
					"children": [12, 13, 14]
				},
				{
					"name": "group",
					"origin": [7, 4, 7],
					"color": 0,
					"children": [15, 16, 17, 18, 19]
				}
			]
		}
	]
}