{
	"credit": "Made with Blockbench",
	"texture_size": [32, 32],
	"textures": {
		"0": "tychomeer_power_ups:item/super_acorn",
		"particle": "tychomeer_power_ups:item/super_acorn"
	},
	"elements": [
		{
			"from": [6.5, 0.25, 6.5],
			"to": [9.5, 1.25, 9.5],
			"rotation": {"angle": 0, "axis": "y", "origin": [8, 1.125, 8]},
			"faces": {
				"north": {"uv": [9, 8.5, 10.5, 9], "texture": "#0"},
				"east": {"uv": [12.5, 6.5, 14, 7], "texture": "#0"},
				"south": {"uv": [9.5, 12.5, 11, 13], "texture": "#0"},
				"west": {"uv": [11, 12.5, 12.5, 13], "texture": "#0"},
				"up": {"uv": [11.5, 6.5, 10, 5], "texture": "#0"},
				"down": {"uv": [1.5, 10.5, 0, 12], "texture": "#0"}
			}
		},
		{
			"from": [7.5, 0, 7.5],
			"to": [8.5, 0.25, 8.5],
			"rotation": {"angle": 0, "axis": "y", "origin": [8, 0.625, 8]},
			"faces": {
				"north": {"uv": [6, 4.5, 6.5, 5], "texture": "#0"},
				"east": {"uv": [2, 9, 2.5, 9.5], "texture": "#0"},
				"south": {"uv": [10, 3, 10.5, 3.5], "texture": "#0"},
				"west": {"uv": [1.5, 10.5, 2, 11], "texture": "#0"},
				"up": {"uv": [13.5, 2, 13, 1.5], "texture": "#0"},
				"down": {"uv": [13.5, 4.5, 13, 5], "texture": "#0"}
			}
		},
		{
			"from": [6, 0.75, 6.5],
			"to": [10, 3.25, 9.5],
			"rotation": {"angle": 0, "axis": "y", "origin": [8, 1.125, 8]},
			"faces": {
				"north": {"uv": [10.5, 3, 12.5, 4], "texture": "#0"},
				"east": {"uv": [10.5, 8.5, 12, 9.5], "texture": "#0"},
				"south": {"uv": [10.5, 4, 12.5, 5], "texture": "#0"},
				"west": {"uv": [10.5, 9.5, 12, 10.5], "texture": "#0"},
				"up": {"uv": [10, 3.5, 8, 2], "texture": "#0"},
				"down": {"uv": [10.5, 3.5, 8.5, 5], "texture": "#0"}
			}
		},
		{
			"from": [6.5, 0.75, 6],
			"to": [9.5, 3.25, 10],
			"rotation": {"angle": 0, "axis": "y", "origin": [8, 1.125, 8]},
			"faces": {
				"north": {"uv": [9.5, 13.5, 12.5, 16], "texture": "#0"},
				"east": {"uv": [6, 10.5, 8, 11.5], "texture": "#0"},
				"south": {"uv": [1.5, 11, 3, 12], "texture": "#0"},
				"west": {"uv": [8, 10.5, 10, 11.5], "texture": "#0"},
				"up": {"uv": [6.5, 9.5, 5, 7.5], "texture": "#0"},
				"down": {"uv": [10, 5, 8.5, 7], "texture": "#0"}
			}
		},
		{
			"from": [5.5, 2.5, 5.75],
			"to": [10.5, 6, 11.75],
			"rotation": {"angle": 22.5, "axis": "x", "origin": [8, 4.575, 8.75]},
			"faces": {
				"north": {"uv": [0, 5, 2.5, 7], "texture": "#0"},
				"east": {"uv": [0, 3, 3, 5], "texture": "#0"},
				"south": {"uv": [5, 0, 7.5, 2], "texture": "#0"},
				"west": {"uv": [3, 3, 6, 5], "texture": "#0"},
				"up": {"uv": [2.5, 3, 0, 0], "texture": "#0"},
				"down": {"uv": [5, 0, 2.5, 3], "texture": "#0"}
			}
		},
		{
			"from": [6, 2.25, 6.25],
			"to": [10, 2.5, 11.25],
			"rotation": {"angle": 22.5, "axis": "x", "origin": [8, 4.575, 8.75]},
			"faces": {
				"north": {"uv": [11, 8, 13, 8.5], "texture": "#0"},
				"east": {"uv": [10, 6.5, 12.5, 7], "texture": "#0"},
				"south": {"uv": [11.5, 5, 13.5, 5.5], "texture": "#0"},
				"west": {"uv": [3, 11, 5.5, 11.5], "texture": "#0"},
				"up": {"uv": [4.5, 7.5, 2.5, 5], "texture": "#0"},
				"down": {"uv": [6.5, 5, 4.5, 7.5], "texture": "#0"}
			}
		},
		{
			"from": [6, 6, 6.25],
			"to": [10, 6.25, 11.25],
			"rotation": {"angle": 22.5, "axis": "x", "origin": [8, 4.575, 8.75]},
			"faces": {
				"north": {"uv": [11.5, 5.5, 13.5, 6], "texture": "#0"},
				"east": {"uv": [11, 7, 13.5, 7.5], "texture": "#0"},
				"south": {"uv": [6, 11.5, 8, 12], "texture": "#0"},
				"west": {"uv": [11, 7.5, 13.5, 8], "texture": "#0"},
				"up": {"uv": [8, 4.5, 6, 2], "texture": "#0"},
				"down": {"uv": [8.5, 4.5, 6.5, 7], "texture": "#0"}
			}
		},
		{
			"from": [7.5, 6.25, 8.25],
			"to": [8.5, 7, 9.25],
			"rotation": {"angle": 22.5, "axis": "x", "origin": [8, 4.575, 8.75]},
			"faces": {
				"north": {"uv": [9.5, 13, 10, 13.5], "texture": "#0"},
				"east": {"uv": [13, 9.5, 13.5, 10], "texture": "#0"},
				"south": {"uv": [10, 13, 10.5, 13.5], "texture": "#0"},
				"west": {"uv": [13, 10, 13.5, 10.5], "texture": "#0"},
				"up": {"uv": [11, 13.5, 10.5, 13], "texture": "#0"},
				"down": {"uv": [11.5, 13, 11, 13.5], "texture": "#0"}
			}
		},
		{
			"from": [7.5, 6.65, 8],
			"to": [8.5, 6.9, 9.5],
			"rotation": {"angle": 22.5, "axis": "x", "origin": [8, 4.575, 8.75]},
			"faces": {
				"north": {"uv": [11.5, 13, 12, 13.5], "texture": "#0"},
				"east": {"uv": [5, 2, 6, 2.5], "texture": "#0"},
				"south": {"uv": [12, 13, 12.5, 13.5], "texture": "#0"},
				"west": {"uv": [5, 2.5, 6, 3], "texture": "#0"},
				"up": {"uv": [8.5, 4.5, 8, 3.5], "texture": "#0"},
				"down": {"uv": [6.5, 9.5, 6, 10.5], "texture": "#0"}
			}
		},
		{
			"from": [7.25, 6.65, 8.25],
			"to": [7.5, 6.9, 9.25],
			"rotation": {"angle": 22.5, "axis": "x", "origin": [8, 4.575, 8.75]},
			"faces": {
				"north": {"uv": [13, 12, 13.5, 12.5], "texture": "#0"},
				"east": {"uv": [13, 12.5, 13.5, 13], "texture": "#0"},
				"south": {"uv": [13, 13, 13.5, 13.5], "texture": "#0"},
				"west": {"uv": [13.5, 0, 14, 0.5], "texture": "#0"},
				"up": {"uv": [14, 1, 13.5, 0.5], "texture": "#0"},
				"down": {"uv": [14, 1, 13.5, 1.5], "texture": "#0"}
			}
		},
		{
			"from": [8.5, 6.65, 8.25],
			"to": [8.75, 6.9, 9.25],
			"rotation": {"angle": 22.5, "axis": "x", "origin": [8, 4.575, 8.75]},
			"faces": {
				"north": {"uv": [13.5, 1.5, 14, 2], "texture": "#0"},
				"east": {"uv": [13.5, 3, 14, 3.5], "texture": "#0"},
				"south": {"uv": [13.5, 3.5, 14, 4], "texture": "#0"},
				"west": {"uv": [13.5, 4, 14, 4.5], "texture": "#0"},
				"up": {"uv": [5, 14, 4.5, 13.5], "texture": "#0"},
				"down": {"uv": [14, 4.5, 13.5, 5], "texture": "#0"}
			}
		},
		{
			"from": [10, 2.25, 6.75],
			"to": [10.45, 2.5, 10.75],
			"rotation": {"angle": 22.5, "axis": "x", "origin": [8, 4.575, 8.75]},
			"faces": {
				"north": {"uv": [5, 13.5, 5.5, 14], "texture": "#0"},
				"east": {"uv": [11.5, 6, 13.5, 6.5], "texture": "#0"},
				"south": {"uv": [13.5, 5, 14, 5.5], "texture": "#0"},
				"west": {"uv": [8, 11.5, 10, 12], "texture": "#0"},
				"up": {"uv": [5, 13.5, 4.5, 11.5], "texture": "#0"},
				"down": {"uv": [5.5, 11.5, 5, 13.5], "texture": "#0"}
			}
		},
		{
			"from": [10, 6, 6.75],
			"to": [10.45, 6.25, 10.75],
			"rotation": {"angle": 22.5, "axis": "x", "origin": [8, 4.575, 8.75]},
			"faces": {
				"north": {"uv": [5.5, 13.5, 6, 14], "texture": "#0"},
				"east": {"uv": [10, 11.5, 12, 12], "texture": "#0"},
				"south": {"uv": [13.5, 5.5, 14, 6], "texture": "#0"},
				"west": {"uv": [11.5, 10.5, 13.5, 11], "texture": "#0"},
				"up": {"uv": [0.5, 14, 0, 12], "texture": "#0"},
				"down": {"uv": [12.5, 0, 12, 2], "texture": "#0"}
			}
		},
		{
			"from": [5, 2.5, 6.25],
			"to": [5.5, 6, 11.25],
			"rotation": {"angle": 22.5, "axis": "x", "origin": [8, 4.575, 8.75]},
			"faces": {
				"north": {"uv": [0.5, 12, 1, 14], "texture": "#0"},
				"east": {"uv": [0, 7, 2.5, 9], "texture": "#0"},
				"south": {"uv": [1, 12, 1.5, 14], "texture": "#0"},
				"west": {"uv": [6.5, 7, 9, 9], "texture": "#0"},
				"up": {"uv": [6, 13.5, 5.5, 11], "texture": "#0"},
				"down": {"uv": [3.5, 11.5, 3, 14], "texture": "#0"}
			}
		},
		{
			"from": [4.5, 3, 6.75],
			"to": [5, 5.5, 10.75],
			"rotation": {"angle": 22.5, "axis": "x", "origin": [8, 4.575, 8.75]},
			"faces": {
				"north": {"uv": [2.5, 14.25, 3, 15.75], "texture": "#0"},
				"east": {"uv": [0, 9, 2, 10.5], "texture": "#0"},
				"south": {"uv": [2, 14.25, 2.5, 15.75], "texture": "#0"},
				"west": {"uv": [0, 14.25, 2, 15.75], "texture": "#0"},
				"up": {"uv": [2, 14, 1.5, 12], "texture": "#0"},
				"down": {"uv": [2.5, 12, 2, 14], "texture": "#0"}
			}
		},
		{
			"from": [6, 3, 11.75],
			"to": [10, 5.5, 12.25],
			"rotation": {"angle": 22.5, "axis": "x", "origin": [8, 4.575, 8.75]},
			"faces": {
				"north": {"uv": [9, 7, 11, 8.5], "texture": "#0"},
				"east": {"uv": [2, 14.25, 2.5, 15.75], "texture": "#0"},
				"south": {"uv": [0, 14.25, 2, 15.75], "texture": "#0"},
				"west": {"uv": [2.5, 14.25, 3, 15.75], "texture": "#0"},
				"up": {"uv": [13.5, 11.5, 11.5, 11], "texture": "#0"},
				"down": {"uv": [14, 2, 12, 2.5], "texture": "#0"}
			}
		},
		{
			"from": [6, 3, 5.25],
			"to": [10, 5.5, 5.75],
			"rotation": {"angle": 22.5, "axis": "x", "origin": [8, 4.575, 8.75]},
			"faces": {
				"north": {"uv": [0, 14.25, 2, 15.75], "texture": "#0"},
				"east": {"uv": [2.5, 14.25, 3, 15.75], "texture": "#0"},
				"south": {"uv": [4, 9.5, 6, 11], "texture": "#0"},
				"west": {"uv": [2, 14.25, 2.5, 15.75], "texture": "#0"},
				"up": {"uv": [14, 3, 12, 2.5], "texture": "#0"},
				"down": {"uv": [8, 12, 6, 12.5], "texture": "#0"}
			}
		},
		{
			"from": [11, 3, 6.75],
			"to": [11.5, 5.5, 10.75],
			"rotation": {"angle": 22.5, "axis": "x", "origin": [8, 4.575, 8.75]},
			"faces": {
				"north": {"uv": [2, 14.25, 2.5, 15.75], "texture": "#0"},
				"east": {"uv": [0, 14.25, 2, 15.75], "texture": "#0"},
				"south": {"uv": [2.5, 14.25, 3, 15.75], "texture": "#0"},
				"west": {"uv": [10, 1.5, 12, 3], "texture": "#0"},
				"up": {"uv": [3, 14, 2.5, 12], "texture": "#0"},
				"down": {"uv": [8.5, 12, 8, 14], "texture": "#0"}
			}
		},
		{
			"from": [10.5, 2.5, 6.25],
			"to": [11, 6, 11.25],
			"rotation": {"angle": 22.5, "axis": "x", "origin": [8, 4.575, 8.75]},
			"faces": {
				"north": {"uv": [8.5, 12, 9, 14], "texture": "#0"},
				"east": {"uv": [7.5, 0, 10, 2], "texture": "#0"},
				"south": {"uv": [12, 8.5, 12.5, 10.5], "texture": "#0"},
				"west": {"uv": [2.5, 7.5, 5, 9.5], "texture": "#0"},
				"up": {"uv": [4, 14, 3.5, 11.5], "texture": "#0"},
				"down": {"uv": [4.5, 11.5, 4, 14], "texture": "#0"}
			}
		},
		{
			"from": [5.55, 2.25, 6.75],
			"to": [6, 2.5, 10.75],
			"rotation": {"angle": 22.5, "axis": "x", "origin": [8, 4.575, 8.75]},
			"faces": {
				"north": {"uv": [13.5, 6, 14, 6.5], "texture": "#0"},
				"east": {"uv": [9, 12, 11, 12.5], "texture": "#0"},
				"south": {"uv": [13.5, 7, 14, 7.5], "texture": "#0"},
				"west": {"uv": [11, 12, 13, 12.5], "texture": "#0"},
				"up": {"uv": [13, 2, 12.5, 0], "texture": "#0"},
				"down": {"uv": [13, 3, 12.5, 5], "texture": "#0"}
			}
		},
		{
			"from": [5.55, 6, 6.75],
			"to": [6, 6.25, 10.75],
			"rotation": {"angle": 22.5, "axis": "x", "origin": [8, 4.575, 8.75]},
			"faces": {
				"north": {"uv": [13.5, 7.5, 14, 8], "texture": "#0"},
				"east": {"uv": [12, 11.5, 14, 12], "texture": "#0"},
				"south": {"uv": [13.5, 8, 14, 8.5], "texture": "#0"},
				"west": {"uv": [6, 12.5, 8, 13], "texture": "#0"},
				"up": {"uv": [13, 10.5, 12.5, 8.5], "texture": "#0"},
				"down": {"uv": [9.5, 12.5, 9, 14.5], "texture": "#0"}
			}
		}
	],
	"display": {
		"thirdperson_righthand": {
			"translation": [0, 7.25, 0],
			"scale": [1.1, 1.1, 1.1]
		},
		"thirdperson_lefthand": {
			"translation": [0, 7.25, 0],
			"scale": [1.1, 1.1, 1.1]
		},
		"firstperson_righthand": {
			"translation": [2.25, 6.75, 0]
		},
		"firstperson_lefthand": {
			"translation": [2.25, 6.75, 0]
		},
		"ground": {
			"translation": [0, 4.5, 0]
		},
		"gui": {
			"rotation": [3, 180, 0],
			"translation": [0, 6, 0],
			"scale": [1.4, 1.4, 1.4]
		},
		"head": {
			"translation": [0, -24, 0],
			"scale": [2.4, 2.4, 2.4]
		},
		"fixed": {
			"rotation": [-90, 0, 0],
			"translation": [0, 0, -24],
			"scale": [3, 3, 3]
		}
	},
	"groups": [
		{
			"name": "group",
			"origin": [8, 8, 8],
			"color": 0,
			"children": [
				{
					"name": "group",
					"origin": [7, 0, 7],
					"color": 0,
					"children": [0, 1, 2, 3]
				},
				{
					"name": "group",
					"origin": [8, 8, 8],
					"color": 0,
					"children": [4, 5, 6, 7, 8, 9, 10, 11, 12, 13, 14, 15, 16, 17, 18, 19, 20]
				}
			]
		}
	]
}