{
	"credit": "Made with Blockbench",
	"texture_size": [32, 32],
	"textures": {
		"0": "tychomeer_power_ups:item/fire_flower",
		"particle": "tychomeer_power_ups:item/fire_flower"
	},
	"elements": [
		{
			"from": [7.5, 0, 7.5],
			"to": [8.5, 5, 8.5],
			"rotation": {"angle": 0, "axis": "y", "origin": [7, 0, 7]},
			"faces": {
				"north": {"uv": [5, 0, 6, 2.5], "texture": "#0"},
				"east": {"uv": [0, 11, 1, 13.5], "texture": "#0"},
				"south": {"uv": [1, 11, 2, 13.5], "texture": "#0"},
				"west": {"uv": [6, 0, 7, 2.5], "texture": "#0"},
				"up": {"uv": [8, 4.5, 7.5, 4], "texture": "#0"},
				"down": {"uv": [7.5, 4, 7, 4.5], "texture": "#0"}
			}
		},
		{
			"from": [5.25, 4, 7.1],
			"to": [10.75, 6.5, 8.1],
			"rotation": {"angle": 22.5, "axis": "x", "origin": [8, 5.25, 7.6]},
			"faces": {
				"north": {"uv": [0, 0, 5, 3], "texture": "#0"},
				"east": {"uv": [5, 2.5, 5.5, 5.5], "texture": "#0"},
				"south": {"uv": [0, 3, 5, 6], "texture": "#0"},
				"west": {"uv": [5.5, 2.5, 6, 5.5], "texture": "#0"},
				"up": {"uv": [0, 6.5, 3.5, 7], "texture": "#0"},
				"down": {"uv": [0, 6, 3.5, 6.5], "texture": "#0"}
			}
		},
		{
			"from": [5.75, 6.5, 7.1],
			"to": [10.25, 7, 8.1],
			"rotation": {"angle": 22.5, "axis": "x", "origin": [8, 5.25, 7.6]},
			"faces": {
				"north": {"uv": [0, 10.5, 4, 11], "texture": "#0"},
				"east": {"uv": [4.5, 6, 5.5, 6.5], "texture": "#0"},
				"south": {"uv": [0, 10, 4, 10.5], "texture": "#0"},
				"west": {"uv": [3.5, 6.5, 4.5, 7], "texture": "#0"},
				"up": {"uv": [0, 9.5, 4, 10], "texture": "#0"},
				"down": {"uv": [0, 9, 4, 9.5], "texture": "#0"}
			}
		},
		{
			"from": [5.75, 3.5, 7.1],
			"to": [10.25, 4, 8.1],
			"rotation": {"angle": 22.5, "axis": "x", "origin": [8, 5.25, 7.6]},
			"faces": {
				"north": {"uv": [0, 7, 4, 7.5], "texture": "#0"},
				"east": {"uv": [3.5, 6, 4.5, 6.5], "texture": "#0"},
				"south": {"uv": [0, 8.5, 4, 9], "texture": "#0"},
				"west": {"uv": [5, 5.5, 6, 6], "texture": "#0"},
				"up": {"uv": [0, 8, 4, 8.5], "texture": "#0"},
				"down": {"uv": [0, 7.5, 4, 8], "texture": "#0"}
			}
		},
		{
			"from": [4.35, 1.25, 7.6],
			"to": [7.6, 2.25, 8.4],
			"rotation": {"angle": -22.5, "axis": "z", "origin": [6.0375, 1.75, 8]},
			"faces": {
				"north": {"uv": [7, 0, 10, 1.5], "texture": "#0"},
				"east": {"uv": [6.5, 4, 7, 4.5], "texture": "#0"},
				"south": {"uv": [7, 0, 10, 1.5], "texture": "#0"},
				"west": {"uv": [6, 4, 6.5, 4.5], "texture": "#0"},
				"up": {"uv": [7, 1.5, 9, 2], "texture": "#0"},
				"down": {"uv": [7, 1.5, 9, 2], "texture": "#0"}
			}
		},
		{
			"from": [5.1, 2.25, 7.6],
			"to": [7.1, 2.75, 8.4],
			"rotation": {"angle": -22.5, "axis": "z", "origin": [6.0375, 1.75, 8]},
			"faces": {
				"north": {"uv": [7, 2, 9, 2.5], "texture": "#0"},
				"east": {"uv": [6, 4.5, 6.5, 4.95], "texture": "#0"},
				"south": {"uv": [6, 3.5, 8, 4], "texture": "#0"},
				"west": {"uv": [6, 4.5, 6.5, 5], "texture": "#0"},
				"up": {"uv": [6, 3, 8, 3.5], "texture": "#0"},
				"down": {"uv": [6, 2.5, 8, 3], "texture": "#0"}
			}
		},
		{
			"from": [5.1, 0.75, 7.6],
			"to": [7.1, 1.25, 8.4],
			"rotation": {"angle": -22.5, "axis": "z", "origin": [6.0375, 1.75, 8]},
			"faces": {
				"north": {"uv": [7, 2, 9, 2.5], "texture": "#0"},
				"east": {"uv": [6, 4.5, 6.5, 5], "texture": "#0"},
				"south": {"uv": [6, 3.5, 8, 4], "texture": "#0"},
				"west": {"uv": [6, 4.5, 6.5, 5], "texture": "#0"},
				"up": {"uv": [6, 3, 8, 3.5], "texture": "#0"},
				"down": {"uv": [6, 2.5, 8, 3], "texture": "#0"}
			}
		},
		{
			"from": [8.4, 1.25, 7.6],
			"to": [11.65, 2.25, 8.4],
			"rotation": {"angle": 22.5, "axis": "z", "origin": [9.9625, 1.75, 8]},
			"faces": {
				"north": {"uv": [10, 0, 7, 1.5], "texture": "#0"},
				"east": {"uv": [6.5, 4, 6, 4.5], "texture": "#0"},
				"south": {"uv": [10, 0, 7, 1.5], "texture": "#0"},
				"west": {"uv": [7, 4, 6.5, 4.5], "texture": "#0"},
				"up": {"uv": [9, 1.5, 7, 2], "texture": "#0"},
				"down": {"uv": [9, 1.5, 7, 2], "texture": "#0"}
			}
		},
		{
			"from": [8.9, 2.25, 7.6],
			"to": [10.9, 2.75, 8.4],
			"rotation": {"angle": 22.5, "axis": "z", "origin": [9.9625, 1.75, 8]},
			"faces": {
				"north": {"uv": [9, 2, 7, 2.5], "texture": "#0"},
				"east": {"uv": [6.5, 4.5, 6, 5], "texture": "#0"},
				"south": {"uv": [8, 3.5, 6, 4], "texture": "#0"},
				"west": {"uv": [6.5, 4.5, 6, 5], "texture": "#0"},
				"up": {"uv": [8, 3, 6, 3.5], "texture": "#0"},
				"down": {"uv": [8, 2.5, 6, 3], "texture": "#0"}
			}
		},
		{
			"from": [8.9, 0.75, 7.6],
			"to": [10.9, 1.25, 8.4],
			"rotation": {"angle": 22.5, "axis": "z", "origin": [9.9625, 1.75, 8]},
			"faces": {
				"north": {"uv": [9, 2, 7, 2.5], "texture": "#0"},
				"east": {"uv": [6.5, 4.5, 6, 4.95], "texture": "#0"},
				"south": {"uv": [8, 3.5, 6, 4], "texture": "#0"},
				"west": {"uv": [6.5, 4.5, 6, 5], "texture": "#0"},
				"up": {"uv": [8, 3, 6, 3.5], "texture": "#0"},
				"down": {"uv": [8, 2.5, 6, 3], "texture": "#0"}
			}
		}
	],
	"display": {
		"thirdperson_righthand": {
			"rotation": [55.75, 0, 0],
			"translation": [0, 3.75, 5]
		},
		"thirdperson_lefthand": {
			"rotation": [55.75, 0, 0],
			"translation": [0, 3.75, 5]
		},
		"firstperson_righthand": {
			"translation": [3.25, 5.25, 0],
			"scale": [0.9, 0.9, 0.9]
		},
		"firstperson_lefthand": {
			"translation": [3.25, 5.25, 0],
			"scale": [0.9, 0.9, 0.9]
		},
		"ground": {
			"translation": [0, 3.75, 0],
			"scale": [0.9, 0.9, 0.9]
		},
		"gui": {
			"rotation": [3, 180, 0],
			"translation": [0, 5.25, 0],
			"scale": [1.3, 1.3, 1.3]
		},
		"head": {
			"translation": [0, -26, 0],
			"scale": [2.15, 2.15, 2.15]
		},
		"fixed": {
			"rotation": [-90, 0, 0],
			"translation": [0, 0, -21.5],
			"scale": [2.7, 2.7, 2.7]
		}
	},
	"groups": [
		{
			"name": "group",
			"origin": [8, 8, 8],
			"color": 0,
			"children": [
				0,
				{
					"name": "group",
					"origin": [7, 6, 6],
					"color": 0,
					"children": [1, 2, 3]
				},
				{
					"name": "group",
					"origin": [8, 8, 8],
					"color": 0,
					"children": [4, 5, 6]
				},
				{
					"name": "group",
					"origin": [8, 8, 8],
					"color": 0,
					"children": [7, 8, 9]
				}
			]
		}
	]
}