{
	"credit": "Made with Blockbench",
	"texture_size": [64, 64],
	"textures": {
		"1": "tychomeer_power_ups:item/mega_mushroom"
	},
	"elements": [
		{
			"from": [6.5, 0, 6.5],
			"to": [9.5, 0.5, 9.5],
			"rotation": {"angle": 0, "axis": "y", "origin": [8, 0.875, 8]},
			"faces": {
				"north": {"uv": [0, 8.5, 0.75, 8.625], "texture": "#1"},
				"east": {"uv": [9.25, 6.25, 10, 6.375], "texture": "#1"},
				"south": {"uv": [9.25, 6.5, 10, 6.625], "texture": "#1"},
				"west": {"uv": [9.25, 6.75, 10, 6.875], "texture": "#1"},
				"up": {"uv": [9, 3.25, 8.25, 2.5], "texture": "#1"},
				"down": {"uv": [9, 7.5, 8.25, 8.25], "texture": "#1"}
			}
		},
		{
			"from": [6, 0.5, 6.5],
			"to": [10, 2.5, 9.5],
			"rotation": {"angle": 0, "axis": "y", "origin": [8, 0.875, 8]},
			"faces": {
				"north": {"uv": [4.5, 2, 5.5, 2.5], "texture": "#1"},
				"east": {"uv": [7.5, 1.5, 8.25, 2], "texture": "#1"},
				"south": {"uv": [2.5, 5.5, 3.5, 6], "texture": "#1"},
				"west": {"uv": [8.75, 0.5, 9.5, 1], "texture": "#1"},
				"up": {"uv": [3.5, 5.5, 2.5, 4.75], "texture": "#1"},
				"down": {"uv": [1, 7.75, 0, 8.5], "texture": "#1"}
			}
		},
		{
			"from": [6.5, 0.5, 6],
			"to": [9.5, 2.5, 10],
			"rotation": {"angle": 0, "axis": "y", "origin": [8, 0.875, 8]},
			"faces": {
				"north": {"uv": [9.5, 0.5, 10.25, 1.125], "texture": "#1"},
				"east": {"uv": [6.5, 1.5, 7.5, 2], "texture": "#1"},
				"south": {"uv": [2, 8.75, 2.75, 9.25], "texture": "#1"},
				"west": {"uv": [8.25, 8.25, 9.25, 8.75], "texture": "#1"},
				"up": {"uv": [1.75, 8.75, 1, 7.75], "texture": "#1"},
				"down": {"uv": [9, 1.5, 8.25, 2.5], "texture": "#1"}
			}
		},
		{
			"from": [4, 1.5, 4.5],
			"to": [12, 6.5, 13.5],
			"rotation": {"angle": 22.5, "axis": "x", "origin": [8, 4.3125, 9]},
			"faces": {
				"north": {"uv": [6, 2, 8.25, 3.375], "texture": "#1"},
				"east": {"uv": [4, 4.5, 6.5, 5.875], "texture": "#1"},
				"south": {"uv": [2.5, 6, 4.75, 7.375], "texture": "#1"},
				"west": {"uv": [0, 4.75, 2.5, 6.125], "texture": "#1"},
				"up": {"uv": [2.25, 2.5, 0, 0], "texture": "#1"},
				"down": {"uv": [4.5, 0, 2.25, 2.5], "texture": "#1"}
			}
		},
		{
			"from": [4.5, 1.25, 4.75],
			"to": [11.5, 1.5, 12.75],
			"rotation": {"angle": 22.5, "axis": "x", "origin": [8, 3.8125, 9]},
			"faces": {
				"north": {"uv": [8.75, 3.75, 10.75, 3.875], "texture": "#1"},
				"east": {"uv": [2.75, 8.75, 5, 8.875], "texture": "#1"},
				"south": {"uv": [8.75, 4, 10.75, 4.125], "texture": "#1"},
				"west": {"uv": [8.75, 3.5, 11, 3.625], "texture": "#1"},
				"up": {"uv": [2, 4.75, 0, 2.5], "texture": "#1"},
				"down": {"uv": [4, 2.5, 2, 4.75], "texture": "#1"}
			}
		},
		{
			"from": [11.45, 1.25, 5.25],
			"to": [11.95, 1.5, 12.25],
			"rotation": {"angle": 22.5, "axis": "x", "origin": [7.85, 3.8125, 9]},
			"faces": {
				"north": {"uv": [5.5, 2, 5.625, 2.125], "texture": "#1"},
				"east": {"uv": [8.75, 4.25, 10.75, 4.375], "texture": "#1"},
				"south": {"uv": [5.5, 2.25, 5.625, 2.375], "texture": "#1"},
				"west": {"uv": [8.75, 4.5, 10.75, 4.625], "texture": "#1"},
				"up": {"uv": [6.125, 10.75, 6, 8.75], "texture": "#1"},
				"down": {"uv": [6.375, 8.75, 6.25, 10.75], "texture": "#1"}
			}
		},
		{
			"from": [3.5, 1.5, 5],
			"to": [4, 6.5, 13],
			"rotation": {"angle": 22.5, "axis": "x", "origin": [8, 4.3125, 9]},
			"faces": {
				"north": {"uv": [3.25, 9.25, 3.375, 10.625], "texture": "#1"},
				"east": {"uv": [4.75, 6, 7, 7.375], "texture": "#1"},
				"south": {"uv": [3.5, 9.25, 3.625, 10.625], "texture": "#1"},
				"west": {"uv": [0, 6.25, 2.25, 7.625], "texture": "#1"},
				"up": {"uv": [5.125, 11, 5, 8.75], "texture": "#1"},
				"down": {"uv": [5.375, 8.75, 5.25, 11], "texture": "#1"}
			}
		},
		{
			"from": [4.5, 6.5, 5.5],
			"to": [11.5, 7.25, 12.5],
			"rotation": {"angle": 22.5, "axis": "x", "origin": [8, 4.3125, 9]},
			"faces": {
				"north": {"uv": [8.25, 3.25, 10.25, 3.5], "texture": "#1"},
				"east": {"uv": [0, 8.75, 2, 9], "texture": "#1"},
				"south": {"uv": [8.75, 0, 10.75, 0.25], "texture": "#1"},
				"west": {"uv": [8.75, 0.25, 10.75, 0.5], "texture": "#1"},
				"up": {"uv": [6, 4.5, 4, 2.5], "texture": "#1"},
				"down": {"uv": [6.5, 0, 4.5, 2], "texture": "#1"}
			}
		},
		{
			"from": [4, 6.5, 5.5],
			"to": [4.5, 7, 12.5],
			"rotation": {"angle": 22.5, "axis": "x", "origin": [8, 4.3125, 9]},
			"faces": {
				"north": {"uv": [5.75, 2, 5.875, 2.125], "texture": "#1"},
				"east": {"uv": [8.75, 4.75, 10.75, 4.875], "texture": "#1"},
				"south": {"uv": [5.75, 2.25, 5.875, 2.375], "texture": "#1"},
				"west": {"uv": [6.5, 8.75, 8.5, 8.875], "texture": "#1"},
				"up": {"uv": [8.625, 10.75, 8.5, 8.75], "texture": "#1"},
				"down": {"uv": [8.875, 8.75, 8.75, 10.75], "texture": "#1"}
			}
		},
		{
			"from": [4.5, 6.5, 12.5],
			"to": [11.5, 7, 13],
			"rotation": {"angle": 22.5, "axis": "x", "origin": [8, 4.3125, 9]},
			"faces": {
				"north": {"uv": [0, 9, 2, 9.125], "texture": "#1"},
				"east": {"uv": [6, 3.5, 6.125, 3.625], "texture": "#1"},
				"south": {"uv": [9, 1.5, 11, 1.625], "texture": "#1"},
				"west": {"uv": [6, 3.75, 6.125, 3.875], "texture": "#1"},
				"up": {"uv": [11, 1.875, 9, 1.75], "texture": "#1"},
				"down": {"uv": [11, 2, 9, 2.125], "texture": "#1"}
			}
		},
		{
			"from": [4.5, 6.5, 5],
			"to": [11.5, 7, 5.5],
			"rotation": {"angle": 22.5, "axis": "x", "origin": [8, 4.3125, 9]},
			"faces": {
				"north": {"uv": [9, 2.25, 11, 2.375], "texture": "#1"},
				"east": {"uv": [6, 4, 6.125, 4.125], "texture": "#1"},
				"south": {"uv": [9, 2.5, 11, 2.625], "texture": "#1"},
				"west": {"uv": [6, 4.25, 6.125, 4.375], "texture": "#1"},
				"up": {"uv": [4.75, 9.125, 2.75, 9], "texture": "#1"},
				"down": {"uv": [11, 2.75, 9, 2.875], "texture": "#1"}
			}
		},
		{
			"from": [3, 2, 5.5],
			"to": [3.5, 6, 12.5],
			"rotation": {"angle": 22.5, "axis": "x", "origin": [8, 4.3125, 9]},
			"faces": {
				"north": {"uv": [3.5, 4.75, 3.625, 5.875], "texture": "#1"},
				"east": {"uv": [7, 5, 9, 6.125], "texture": "#1"},
				"south": {"uv": [3.75, 4.75, 3.875, 5.875], "texture": "#1"},
				"west": {"uv": [7, 6.25, 9, 7.375], "texture": "#1"},
				"up": {"uv": [4.875, 11, 4.75, 9], "texture": "#1"},
				"down": {"uv": [9.125, 5, 9, 7], "texture": "#1"}
			}
		},
		{
			"from": [4.5, 2, 13.5],
			"to": [11.5, 6, 14],
			"rotation": {"angle": 22.5, "axis": "x", "origin": [8, 4.3125, 9]},
			"faces": {
				"north": {"uv": [2.25, 7.5, 4.25, 8.625], "texture": "#1"},
				"east": {"uv": [2.25, 6.25, 2.375, 7.375], "texture": "#1"},
				"south": {"uv": [7, 6.25, 9, 7.375], "texture": "#1"},
				"west": {"uv": [4.25, 9.25, 4.375, 10.375], "texture": "#1"},
				"up": {"uv": [11, 3.125, 9, 3], "texture": "#1"},
				"down": {"uv": [8.5, 9, 6.5, 9.125], "texture": "#1"}
			}
		},
		{
			"from": [4.5, 2, 4],
			"to": [11.5, 6, 4.5],
			"rotation": {"angle": 22.5, "axis": "x", "origin": [8, 4.3125, 9]},
			"faces": {
				"north": {"uv": [7, 6.25, 9, 7.375], "texture": "#1"},
				"east": {"uv": [4.5, 9.25, 4.625, 10.375], "texture": "#1"},
				"south": {"uv": [4.25, 7.5, 6.25, 8.625], "texture": "#1"},
				"west": {"uv": [9.25, 5, 9.375, 6.125], "texture": "#1"},
				"up": {"uv": [11, 7.125, 9, 7], "texture": "#1"},
				"down": {"uv": [11, 7.25, 9, 7.375], "texture": "#1"}
			}
		},
		{
			"from": [12.5, 2, 5.5],
			"to": [13, 6, 12.5],
			"rotation": {"angle": 22.5, "axis": "x", "origin": [8, 4.3125, 9]},
			"faces": {
				"north": {"uv": [6.5, 9.25, 6.625, 10.375], "texture": "#1"},
				"east": {"uv": [7, 6.25, 9, 7.375], "texture": "#1"},
				"south": {"uv": [6.75, 9.25, 6.875, 10.375], "texture": "#1"},
				"west": {"uv": [6.25, 7.5, 8.25, 8.625], "texture": "#1"},
				"up": {"uv": [9.125, 10.75, 9, 8.75], "texture": "#1"},
				"down": {"uv": [0.125, 9.25, 0, 11.25], "texture": "#1"}
			}
		},
		{
			"from": [11.5, 6.5, 5.5],
			"to": [12, 7, 12.5],
			"rotation": {"angle": 22.5, "axis": "x", "origin": [8, 4.3125, 9]},
			"faces": {
				"north": {"uv": [6.25, 3.5, 6.375, 3.625], "texture": "#1"},
				"east": {"uv": [9, 7.5, 11, 7.625], "texture": "#1"},
				"south": {"uv": [6.25, 3.75, 6.375, 3.875], "texture": "#1"},
				"west": {"uv": [9, 7.75, 11, 7.875], "texture": "#1"},
				"up": {"uv": [0.375, 11.25, 0.25, 9.25], "texture": "#1"},
				"down": {"uv": [0.625, 9.25, 0.5, 11.25], "texture": "#1"}
			}
		},
		{
			"from": [12, 1.5, 5],
			"to": [12.5, 6.5, 13],
			"rotation": {"angle": 22.5, "axis": "x", "origin": [8, 4.3125, 9]},
			"faces": {
				"north": {"uv": [3.75, 9.25, 3.875, 10.625], "texture": "#1"},
				"east": {"uv": [6.5, 0, 8.75, 1.375], "texture": "#1"},
				"south": {"uv": [4, 9.25, 4.125, 10.625], "texture": "#1"},
				"west": {"uv": [6.5, 3.5, 8.75, 4.875], "texture": "#1"},
				"up": {"uv": [5.625, 11, 5.5, 8.75], "texture": "#1"},
				"down": {"uv": [5.875, 8.75, 5.75, 11], "texture": "#1"}
			}
		},
		{
			"from": [4, 1.25, 5.25],
			"to": [4.5, 1.5, 12.25],
			"rotation": {"angle": 22.5, "axis": "x", "origin": [8.15, 3.8125, 9]},
			"faces": {
				"north": {"uv": [6.25, 4, 6.375, 4.125], "texture": "#1"},
				"east": {"uv": [9, 8, 11, 8.125], "texture": "#1"},
				"south": {"uv": [6.25, 4.25, 6.375, 4.375], "texture": "#1"},
				"west": {"uv": [0.75, 9.25, 2.75, 9.375], "texture": "#1"},
				"up": {"uv": [2.875, 11.25, 2.75, 9.25], "texture": "#1"},
				"down": {"uv": [3.125, 9.25, 3, 11.25], "texture": "#1"}
			}
		}
	],
	"display": {
		"thirdperson_righthand": {
			"translation": [0, 10.25, 0],
			"scale": [1.7, 1.7, 1.7]
		},
		"thirdperson_lefthand": {
			"translation": [0, 10.25, 0],
			"scale": [1.7, 1.7, 1.7]
		},
		"firstperson_righthand": {
			"translation": [2.25, 6.75, 0],
			"scale": [1.2, 1.2, 1.2]
		},
		"firstperson_lefthand": {
			"translation": [2.25, 6.75, 0],
			"scale": [1.2, 1.2, 1.2]
		},
		"ground": {
			"translation": [0, 4.5, 0]
		},
		"gui": {
			"rotation": [3, 180, 0],
			"translation": [0, 6, 0],
			"scale": [1.6, 1.6, 1.6]
		},
		"head": {
			"translation": [0, -20.75, 0],
			"scale": [2.8, 2.8, 2.8]
		},
		"fixed": {
			"rotation": [-90, 0, 0],
			"translation": [0, 0, -28],
			"scale": [3.5, 3.5, 3.5]
		}
	},
	"groups": [
		{
			"name": "group",
			"origin": [8, 8, 8],
			"color": 0,
			"children": [
				{
					"name": "group",
					"origin": [7, 0, 7],
					"color": 0,
					"children": [0, 1, 2]
				},
				{
					"name": "group",
					"origin": [8, 8, 8],
					"color": 0,
					"children": [3, 4, 5, 6, 7, 8, 9, 10, 11, 12, 13, 14, 15, 16, 17]
				}
			]
		}
	]
}