{
	"credit": "Made with Blockbench",
	"texture_size": [32, 32],
	"textures": {
		"0": "tychomeer_power_ups:item/penguin_suit",
		"particle": "tychomeer_power_ups:item/penguin_suit"
	},
	"elements": [
		{
			"from": [5.25, 0.25, 6.5],
			"to": [10.75, 4, 9.5],
			"faces": {
				"north": {"uv": [0, 5, 2.75, 7], "texture": "#0"},
				"east": {"uv": [2, 9, 3.5, 11], "texture": "#0"},
				"south": {"uv": [3, 5, 5.75, 7], "texture": "#0"},
				"west": {"uv": [3.5, 9, 5, 11], "texture": "#0"},
				"up": {"uv": [8.75, 6.5, 6, 5], "texture": "#0"},
				"down": {"uv": [8.75, 6.5, 6, 8], "texture": "#0"}
			}
		},
		{
			"from": [6.25, 0.025, 6.5],
			"to": [9.75, 0.25, 9.5],
			"faces": {
				"north": {"uv": [12, 6.5, 13.75, 6.75], "texture": "#0"},
				"east": {"uv": [13, 7.5, 14.5, 7.75], "texture": "#0"},
				"south": {"uv": [7, 12, 8.75, 12.25], "texture": "#0"},
				"west": {"uv": [13, 8, 14.5, 8.25], "texture": "#0"},
				"up": {"uv": [10.75, 5.5, 9, 4], "texture": "#0"},
				"down": {"uv": [10.75, 5.5, 9, 7], "texture": "#0"}
			}
		},
		{
			"from": [4, 2, 7.25],
			"to": [5, 4, 8.75],
			"rotation": {"angle": -22.5, "axis": "z", "origin": [4.5, 2, 8]},
			"faces": {
				"north": {"uv": [8.5, 4, 9, 5], "texture": "#0"},
				"east": {"uv": [5, 9, 6, 10], "texture": "#0"},
				"south": {"uv": [11.5, 11.5, 12, 12.5], "texture": "#0"},
				"west": {"uv": [9, 7, 10, 8], "texture": "#0"},
				"up": {"uv": [12.5, 1.5, 12, 0.5], "texture": "#0"},
				"down": {"uv": [12.5, 1.5, 12, 2.5], "texture": "#0"}
			}
		},
		{
			"from": [5, 0, 6],
			"to": [6.5, 1, 8.75],
			"rotation": {"angle": 22.5, "axis": "y", "origin": [5.75, 0.5, 7.75]},
			"faces": {
				"north": {"uv": [2, 12, 3, 12.5], "texture": "#0"},
				"east": {"uv": [11.5, 3.5, 13, 4], "texture": "#0"},
				"south": {"uv": [3, 12, 4, 12.5], "texture": "#0"},
				"west": {"uv": [11.5, 7, 13, 7.5], "texture": "#0"},
				"up": {"uv": [11.5, 1.5, 10.5, 0], "texture": "#0"},
				"down": {"uv": [11.5, 1.5, 10.5, 3], "texture": "#0"}
			}
		},
		{
			"from": [6.25, 0.25, 5.5],
			"to": [9.75, 3.5, 6.5],
			"faces": {
				"north": {"uv": [0, 7, 1.75, 8.75], "texture": "#0"},
				"east": {"uv": [4.5, 11, 5, 12.75], "texture": "#0"},
				"south": {"uv": [2, 7, 3.75, 8.75], "texture": "#0"},
				"west": {"uv": [11, 5, 11.5, 6.75], "texture": "#0"},
				"up": {"uv": [11.25, 11.5, 9.5, 11], "texture": "#0"},
				"down": {"uv": [13.25, 0, 11.5, 0.5], "texture": "#0"}
			}
		},
		{
			"from": [6.25, 3.5, 6],
			"to": [9.75, 4, 6.5],
			"faces": {
				"north": {"uv": [12, 10, 13.75, 10.25], "texture": "#0"},
				"east": {"uv": [15, 12.5, 15.25, 12.75], "texture": "#0"},
				"south": {"uv": [12, 10.5, 13.75, 10.75], "texture": "#0"},
				"west": {"uv": [13, 15, 13.25, 15.25], "texture": "#0"},
				"up": {"uv": [13.75, 11.75, 12, 11.5], "texture": "#0"},
				"down": {"uv": [13.75, 12, 12, 12.25], "texture": "#0"}
			}
		},
		{
			"from": [6.25, 3.5, 9.5],
			"to": [9.75, 4, 10],
			"rotation": {"angle": 0, "axis": "y", "origin": [0, 0, 3.5]},
			"faces": {
				"north": {"uv": [0, 12.5, 1.75, 12.75], "texture": "#0"},
				"east": {"uv": [15, 13, 15.25, 13.25], "texture": "#0"},
				"south": {"uv": [12.5, 0.5, 14.25, 0.75], "texture": "#0"},
				"west": {"uv": [13.5, 15, 13.75, 15.25], "texture": "#0"},
				"up": {"uv": [14.25, 1.25, 12.5, 1], "texture": "#0"},
				"down": {"uv": [14.25, 1.5, 12.5, 1.75], "texture": "#0"}
			}
		},
		{
			"from": [6.25, 0.25, 9.5],
			"to": [9.75, 3.5, 10.5],
			"faces": {
				"north": {"uv": [4, 7, 5.75, 8.75], "texture": "#0"},
				"east": {"uv": [11.5, 0.5, 12, 2.25], "texture": "#0"},
				"south": {"uv": [6, 8, 7.75, 9.75], "texture": "#0"},
				"west": {"uv": [11.5, 5, 12, 6.75], "texture": "#0"},
				"up": {"uv": [13.25, 3, 11.5, 2.5], "texture": "#0"},
				"down": {"uv": [13.25, 3, 11.5, 3.5], "texture": "#0"}
			}
		},
		{
			"from": [7.25, 0.5, 9.4],
			"to": [8.75, 1.75, 10.4],
			"rotation": {"angle": 22.5, "axis": "x", "origin": [8, 0.125, 9.9]},
			"faces": {
				"north": {"uv": [9.5, 11.5, 10.25, 12.25], "texture": "#0"},
				"east": {"uv": [4, 13, 4.5, 13.75], "texture": "#0"},
				"south": {"uv": [10.5, 11.5, 11.25, 12.25], "texture": "#0"},
				"west": {"uv": [4.5, 13, 5, 13.75], "texture": "#0"},
				"up": {"uv": [6.75, 13.5, 6, 13], "texture": "#0"},
				"down": {"uv": [13.75, 12.5, 13, 13], "texture": "#0"}
			}
		},
		{
			"from": [5.75, 0.25, 9.5],
			"to": [6.25, 3.5, 10],
			"faces": {
				"north": {"uv": [9, 12, 9.25, 13.75], "texture": "#0"},
				"east": {"uv": [2, 12.5, 2.25, 14.25], "texture": "#0"},
				"south": {"uv": [2.5, 12.5, 2.75, 14.25], "texture": "#0"},
				"west": {"uv": [3, 12.5, 3.25, 14.25], "texture": "#0"},
				"up": {"uv": [14.25, 15.25, 14, 15], "texture": "#0"},
				"down": {"uv": [14.75, 15, 14.5, 15.25], "texture": "#0"}
			}
		},
		{
			"from": [5.75, 0.25, 6],
			"to": [6.25, 3.5, 6.5],
			"rotation": {"angle": 0, "axis": "y", "origin": [0, 0, -3.5]},
			"faces": {
				"north": {"uv": [3.5, 12.5, 3.75, 14.25], "texture": "#0"},
				"east": {"uv": [5, 12.5, 5.25, 14.25], "texture": "#0"},
				"south": {"uv": [5.5, 12.5, 5.75, 14.25], "texture": "#0"},
				"west": {"uv": [7, 12.5, 7.25, 14.25], "texture": "#0"},
				"up": {"uv": [15.25, 14.75, 15, 14.5], "texture": "#0"},
				"down": {"uv": [15.25, 15, 15, 15.25], "texture": "#0"}
			}
		},
		{
			"from": [9.5, 0, 6],
			"to": [11, 1, 8.75],
			"rotation": {"angle": -22.5, "axis": "y", "origin": [10.25, 0.5, 7.75]},
			"faces": {
				"north": {"uv": [5, 12, 6, 12.5], "texture": "#0"},
				"east": {"uv": [11.5, 7.5, 13, 8], "texture": "#0"},
				"south": {"uv": [12, 5, 13, 5.5], "texture": "#0"},
				"west": {"uv": [11.5, 8, 13, 8.5], "texture": "#0"},
				"up": {"uv": [1, 12.5, 0, 11], "texture": "#0"},
				"down": {"uv": [2, 11, 1, 12.5], "texture": "#0"}
			}
		},
		{
			"from": [11.25, 2, 7.25],
			"to": [12, 4, 8.75],
			"rotation": {"angle": 22.5, "axis": "z", "origin": [11.5, 2, 8]},
			"faces": {
				"north": {"uv": [4, 12, 4.5, 13], "texture": "#0"},
				"east": {"uv": [10.5, 3, 11.5, 4], "texture": "#0"},
				"south": {"uv": [12, 5.5, 12.5, 6.5], "texture": "#0"},
				"west": {"uv": [2, 11, 3, 12], "texture": "#0"},
				"up": {"uv": [6.5, 13, 6, 12], "texture": "#0"},
				"down": {"uv": [7, 12, 6.5, 13], "texture": "#0"}
			}
		},
		{
			"from": [9.75, 0.25, 6],
			"to": [10.25, 3.5, 6.5],
			"rotation": {"angle": 0, "axis": "y", "origin": [16, 0, -3.5]},
			"faces": {
				"north": {"uv": [7.5, 12.5, 7.75, 14.25], "texture": "#0"},
				"east": {"uv": [8, 12.5, 8.25, 14.25], "texture": "#0"},
				"south": {"uv": [8.5, 12.5, 8.75, 14.25], "texture": "#0"},
				"west": {"uv": [9.5, 12.5, 9.75, 14.25], "texture": "#0"},
				"up": {"uv": [0.25, 15.75, 0, 15.5], "texture": "#0"},
				"down": {"uv": [15.75, 0, 15.5, 0.25], "texture": "#0"}
			}
		},
		{
			"from": [9.75, 0.25, 9.5],
			"to": [10.25, 3.5, 10],
			"rotation": {"angle": 0, "axis": "y", "origin": [16, 0, 0]},
			"faces": {
				"north": {"uv": [10, 12.5, 10.25, 14.25], "texture": "#0"},
				"east": {"uv": [10.5, 12.5, 10.75, 14.25], "texture": "#0"},
				"south": {"uv": [11, 12.5, 11.25, 14.25], "texture": "#0"},
				"west": {"uv": [11.5, 12.5, 11.75, 14.25], "texture": "#0"},
				"up": {"uv": [0.75, 15.75, 0.5, 15.5], "texture": "#0"},
				"down": {"uv": [15.75, 0.5, 15.5, 0.75], "texture": "#0"}
			}
		},
		{
			"from": [5.25, 4, 5.75],
			"to": [10.75, 8.5, 10.25],
			"faces": {
				"north": {"uv": [0, 0, 2.75, 2.25], "texture": "#0"},
				"east": {"uv": [6, 0, 8.25, 2.25], "texture": "#0"},
				"south": {"uv": [0, 2.5, 2.75, 4.75], "texture": "#0"},
				"west": {"uv": [6, 2.5, 8.25, 4.75], "texture": "#0"},
				"up": {"uv": [5.75, 2.25, 3, 0], "texture": "#0"},
				"down": {"uv": [5.75, 2.5, 3, 4.75], "texture": "#0"}
			}
		},
		{
			"from": [6.25, 8.5, 6.25],
			"to": [9.75, 9, 9.75],
			"rotation": {"angle": 0, "axis": "y", "origin": [0, 0.5, 0]},
			"faces": {
				"north": {"uv": [12.5, 2, 14.25, 2.25], "texture": "#0"},
				"east": {"uv": [12.5, 4, 14.25, 4.25], "texture": "#0"},
				"south": {"uv": [12.5, 4.5, 14.25, 4.75], "texture": "#0"},
				"west": {"uv": [12.5, 5.5, 14.25, 5.75], "texture": "#0"},
				"up": {"uv": [9.75, 9.75, 8, 8], "texture": "#0"},
				"down": {"uv": [10.25, 0, 8.5, 1.75], "texture": "#0"}
			}
		},
		{
			"from": [5.75, 8.5, 6.75],
			"to": [6.25, 9, 9.25],
			"rotation": {"angle": 0, "axis": "y", "origin": [0, 0.5, 0]},
			"faces": {
				"north": {"uv": [1, 15.5, 1.25, 15.75], "texture": "#0"},
				"east": {"uv": [13, 13, 14.25, 13.25], "texture": "#0"},
				"south": {"uv": [15.5, 1, 15.75, 1.25], "texture": "#0"},
				"west": {"uv": [13.5, 0, 14.75, 0.25], "texture": "#0"},
				"up": {"uv": [6.25, 14.75, 6, 13.5], "texture": "#0"},
				"down": {"uv": [6.75, 13.5, 6.5, 14.75], "texture": "#0"}
			}
		},
		{
			"from": [4.75, 4.5, 6.75],
			"to": [5.25, 8, 9.25],
			"rotation": {"angle": 0, "axis": "y", "origin": [-0.25, 0, 0]},
			"faces": {
				"north": {"uv": [12, 12.5, 12.25, 14.25], "texture": "#0"},
				"east": {"uv": [5, 10, 6.25, 11.75], "texture": "#0"},
				"south": {"uv": [12.5, 12.5, 12.75, 14.25], "texture": "#0"},
				"west": {"uv": [6.5, 10, 7.75, 11.75], "texture": "#0"},
				"up": {"uv": [13.25, 14.75, 13, 13.5], "texture": "#0"},
				"down": {"uv": [13.75, 13.5, 13.5, 14.75], "texture": "#0"}
			}
		},
		{
			"from": [4.75, 5, 6.25],
			"to": [5.25, 7.5, 6.75],
			"rotation": {"angle": 0, "axis": "y", "origin": [-0.25, 0, 0]},
			"faces": {
				"north": {"uv": [4, 14, 4.25, 15.25], "texture": "#0"},
				"east": {"uv": [4.5, 14, 4.75, 15.25], "texture": "#0"},
				"south": {"uv": [9, 14, 9.25, 15.25], "texture": "#0"},
				"west": {"uv": [14, 10, 14.25, 11.25], "texture": "#0"},
				"up": {"uv": [1.75, 15.75, 1.5, 15.5], "texture": "#0"},
				"down": {"uv": [15.75, 1.5, 15.5, 1.75], "texture": "#0"}
			}
		},
		{
			"from": [4.75, 5, 9.25],
			"to": [5.25, 7.5, 9.75],
			"rotation": {"angle": 0, "axis": "y", "origin": [-0.25, 0, 3]},
			"faces": {
				"north": {"uv": [14, 11.5, 14.25, 12.75], "texture": "#0"},
				"east": {"uv": [14, 13.5, 14.25, 14.75], "texture": "#0"},
				"south": {"uv": [14.5, 0.5, 14.75, 1.75], "texture": "#0"},
				"west": {"uv": [2, 14.5, 2.25, 15.75], "texture": "#0"},
				"up": {"uv": [15.75, 2.25, 15.5, 2], "texture": "#0"},
				"down": {"uv": [15.75, 2.5, 15.5, 2.75], "texture": "#0"}
			}
		},
		{
			"from": [6.25, 4.5, 10.25],
			"to": [9.75, 8, 10.75],
			"rotation": {"angle": 0, "axis": "y", "origin": [0, 0, 0.75]},
			"faces": {
				"north": {"uv": [8.5, 2, 10.25, 3.75], "texture": "#0"},
				"east": {"uv": [0, 13, 0.25, 14.75], "texture": "#0"},
				"south": {"uv": [0, 9, 1.75, 10.75], "texture": "#0"},
				"west": {"uv": [0.5, 13, 0.75, 14.75], "texture": "#0"},
				"up": {"uv": [14.25, 6.25, 12.5, 6], "texture": "#0"},
				"down": {"uv": [14.25, 9, 12.5, 9.25], "texture": "#0"}
			}
		},
		{
			"from": [9.75, 5, 10.25],
			"to": [10.25, 7.5, 10.75],
			"rotation": {"angle": 0, "axis": "y", "origin": [0, 0, 0.75]},
			"faces": {
				"north": {"uv": [14.5, 2, 14.75, 3.25], "texture": "#0"},
				"east": {"uv": [2.5, 14.5, 2.75, 15.75], "texture": "#0"},
				"south": {"uv": [3, 14.5, 3.25, 15.75], "texture": "#0"},
				"west": {"uv": [3.5, 14.5, 3.75, 15.75], "texture": "#0"},
				"up": {"uv": [15.75, 3.25, 15.5, 3], "texture": "#0"},
				"down": {"uv": [15.75, 3.5, 15.5, 3.75], "texture": "#0"}
			}
		},
		{
			"from": [5.75, 6, 5.25],
			"to": [10.25, 7.5, 5.75],
			"rotation": {"angle": 0, "axis": "y", "origin": [0, 0, -4.25]},
			"faces": {
				"north": {"uv": [10, 9, 12.25, 9.75], "texture": "#0"},
				"east": {"uv": [14.5, 5.5, 14.75, 6.25], "texture": "#0"},
				"south": {"uv": [9.5, 10, 11.75, 10.75], "texture": "#0"},
				"west": {"uv": [14.5, 7.5, 14.75, 8.25], "texture": "#0"},
				"up": {"uv": [13.75, 8.75, 11.5, 8.5], "texture": "#0"},
				"down": {"uv": [13.75, 11, 11.5, 11.25], "texture": "#0"}
			}
		},
		{
			"from": [6.25, 7.5, 5.25],
			"to": [9.75, 8, 5.75],
			"rotation": {"angle": 0, "axis": "y", "origin": [0, 0, -4.25]},
			"faces": {
				"north": {"uv": [12.5, 9.5, 14.25, 9.75], "texture": "#0"},
				"east": {"uv": [4, 15.5, 4.25, 15.75], "texture": "#0"},
				"south": {"uv": [13, 3.5, 14.75, 3.75], "texture": "#0"},
				"west": {"uv": [4.5, 15.5, 4.75, 15.75], "texture": "#0"},
				"up": {"uv": [14.75, 5.25, 13, 5], "texture": "#0"},
				"down": {"uv": [14.75, 7, 13, 7.25], "texture": "#0"}
			}
		},
		{
			"from": [6.75, 6, 4],
			"to": [9.25, 6.5, 5.25],
			"rotation": {"angle": 0, "axis": "y", "origin": [0, 0, -4.25]},
			"faces": {
				"north": {"uv": [14, 6.5, 15.25, 6.75], "texture": "#0"},
				"east": {"uv": [14.5, 13.5, 15.25, 13.75], "texture": "#0"},
				"south": {"uv": [14, 8.5, 15.25, 8.75], "texture": "#0"},
				"west": {"uv": [14.5, 14, 15.25, 14.25], "texture": "#0"},
				"up": {"uv": [4.25, 11.75, 3, 11], "texture": "#0"},
				"down": {"uv": [12.25, 4, 11, 4.75], "texture": "#0"}
			}
		},
		{
			"from": [6, 6, 4.5],
			"to": [6.75, 6.5, 5.25],
			"rotation": {"angle": 22.5, "axis": "z", "origin": [6.75, 6.5, 4.75]},
			"faces": {
				"north": {"uv": [14.5, 14.5, 15, 14.75], "texture": "#0"},
				"east": {"uv": [0, 15, 0.5, 15.25], "texture": "#0"},
				"south": {"uv": [15, 0, 15.5, 0.25], "texture": "#0"},
				"west": {"uv": [0.5, 15, 1, 15.25], "texture": "#0"},
				"up": {"uv": [14, 3, 13.5, 2.5], "texture": "#0"},
				"down": {"uv": [14, 3, 13.5, 3.5], "texture": "#0"}
			}
		},
		{
			"from": [5.75, 5, 5.25],
			"to": [6.25, 6, 5.75],
			"rotation": {"angle": 0, "axis": "y", "origin": [0, 0, -4.25]},
			"faces": {
				"north": {"uv": [15, 0.5, 15.25, 1], "texture": "#0"},
				"east": {"uv": [1, 15, 1.25, 15.5], "texture": "#0"},
				"south": {"uv": [15, 1, 15.25, 1.5], "texture": "#0"},
				"west": {"uv": [1.5, 15, 1.75, 15.5], "texture": "#0"},
				"up": {"uv": [15.75, 5.25, 15.5, 5], "texture": "#0"},
				"down": {"uv": [15.75, 5.5, 15.5, 5.75], "texture": "#0"}
			}
		},
		{
			"from": [6.25, 4.5, 5.25],
			"to": [7, 5, 5.75],
			"rotation": {"angle": 0, "axis": "y", "origin": [0, 0, -4.25]},
			"faces": {
				"north": {"uv": [15, 1.5, 15.5, 1.75], "texture": "#0"},
				"east": {"uv": [6, 15.5, 6.25, 15.75], "texture": "#0"},
				"south": {"uv": [15, 2, 15.5, 2.25], "texture": "#0"},
				"west": {"uv": [15.5, 6, 15.75, 6.25], "texture": "#0"},
				"up": {"uv": [15.5, 2.75, 15, 2.5], "texture": "#0"},
				"down": {"uv": [15.5, 3, 15, 3.25], "texture": "#0"}
			}
		},
		{
			"from": [7, 4, 5.25],
			"to": [7.5, 4.5, 5.75],
			"rotation": {"angle": 0, "axis": "y", "origin": [0, -0.25, -4.25]},
			"faces": {
				"north": {"uv": [6.5, 15.5, 6.75, 15.75], "texture": "#0"},
				"east": {"uv": [15.5, 6.5, 15.75, 6.75], "texture": "#0"},
				"south": {"uv": [15.5, 7, 15.75, 7.25], "texture": "#0"},
				"west": {"uv": [15.5, 7.5, 15.75, 7.75], "texture": "#0"},
				"up": {"uv": [15.75, 8.25, 15.5, 8], "texture": "#0"},
				"down": {"uv": [15.75, 8.5, 15.5, 8.75], "texture": "#0"}
			}
		},
		{
			"from": [7.5, 3.75, 5.25],
			"to": [8.5, 4.25, 5.75],
			"rotation": {"angle": 0, "axis": "y", "origin": [0, 0, -4.25]},
			"faces": {
				"north": {"uv": [15, 3.5, 15.5, 3.75], "texture": "#0"},
				"east": {"uv": [9, 15.5, 9.25, 15.75], "texture": "#0"},
				"south": {"uv": [15, 5, 15.5, 5.25], "texture": "#0"},
				"west": {"uv": [15.5, 9, 15.75, 9.25], "texture": "#0"},
				"up": {"uv": [15.5, 5.75, 15, 5.5], "texture": "#0"},
				"down": {"uv": [6.5, 15, 6, 15.25], "texture": "#0"}
			}
		},
		{
			"from": [10.75, 5, 9.25],
			"to": [11.25, 7.5, 9.75],
			"rotation": {"angle": 0, "axis": "y", "origin": [16.25, 0, 3]},
			"faces": {
				"north": {"uv": [5, 14.5, 5.25, 15.75], "texture": "#0"},
				"east": {"uv": [5.5, 14.5, 5.75, 15.75], "texture": "#0"},
				"south": {"uv": [7, 14.5, 7.25, 15.75], "texture": "#0"},
				"west": {"uv": [7.5, 14.5, 7.75, 15.75], "texture": "#0"},
				"up": {"uv": [15.75, 9.75, 15.5, 9.5], "texture": "#0"},
				"down": {"uv": [15.75, 10, 15.5, 10.25], "texture": "#0"}
			}
		},
		{
			"from": [8.5, 4, 5.25],
			"to": [9, 4.5, 5.75],
			"rotation": {"angle": 0, "axis": "y", "origin": [16, -0.25, -4.25]},
			"faces": {
				"north": {"uv": [15.5, 10.5, 15.75, 10.75], "texture": "#0"},
				"east": {"uv": [15.5, 11, 15.75, 11.25], "texture": "#0"},
				"south": {"uv": [15.5, 11.5, 15.75, 11.75], "texture": "#0"},
				"west": {"uv": [15.5, 12, 15.75, 12.25], "texture": "#0"},
				"up": {"uv": [15.75, 12.75, 15.5, 12.5], "texture": "#0"},
				"down": {"uv": [13.25, 15.5, 13, 15.75], "texture": "#0"}
			}
		},
		{
			"from": [9.75, 5, 5.25],
			"to": [10.25, 6, 5.75],
			"rotation": {"angle": 0, "axis": "y", "origin": [16, 0, -4.25]},
			"faces": {
				"north": {"uv": [15, 6, 15.25, 6.5], "texture": "#0"},
				"east": {"uv": [6.5, 15, 6.75, 15.5], "texture": "#0"},
				"south": {"uv": [15, 7, 15.25, 7.5], "texture": "#0"},
				"west": {"uv": [15, 7.5, 15.25, 8], "texture": "#0"},
				"up": {"uv": [15.75, 13.25, 15.5, 13], "texture": "#0"},
				"down": {"uv": [13.75, 15.5, 13.5, 15.75], "texture": "#0"}
			}
		},
		{
			"from": [9, 4.5, 5.25],
			"to": [9.75, 5, 5.75],
			"rotation": {"angle": 0, "axis": "y", "origin": [16, 0, -4.25]},
			"faces": {
				"north": {"uv": [15, 8, 15.5, 8.25], "texture": "#0"},
				"east": {"uv": [15.5, 13.5, 15.75, 13.75], "texture": "#0"},
				"south": {"uv": [15, 9, 15.5, 9.25], "texture": "#0"},
				"west": {"uv": [14, 15.5, 14.25, 15.75], "texture": "#0"},
				"up": {"uv": [15.5, 9.75, 15, 9.5], "texture": "#0"},
				"down": {"uv": [15.5, 10, 15, 10.25], "texture": "#0"}
			}
		},
		{
			"from": [9.25, 6, 4.5],
			"to": [10, 6.5, 5.25],
			"rotation": {"angle": -22.5, "axis": "z", "origin": [9.25, 6.5, 4.75]},
			"faces": {
				"north": {"uv": [15, 10.5, 15.5, 10.75], "texture": "#0"},
				"east": {"uv": [15, 11, 15.5, 11.25], "texture": "#0"},
				"south": {"uv": [15, 11.5, 15.5, 11.75], "texture": "#0"},
				"west": {"uv": [15, 12, 15.5, 12.25], "texture": "#0"},
				"up": {"uv": [14.5, 3, 14, 2.5], "texture": "#0"},
				"down": {"uv": [14.5, 3, 14, 3.5], "texture": "#0"}
			}
		},
		{
			"from": [10.75, 4.5, 6.75],
			"to": [11.25, 8, 9.25],
			"rotation": {"angle": 0, "axis": "y", "origin": [16.25, 0, 0]},
			"faces": {
				"north": {"uv": [1, 13, 1.25, 14.75], "texture": "#0"},
				"east": {"uv": [10, 7, 11.25, 8.75], "texture": "#0"},
				"south": {"uv": [1.5, 13, 1.75, 14.75], "texture": "#0"},
				"west": {"uv": [8, 10, 9.25, 11.75], "texture": "#0"},
				"up": {"uv": [8.25, 15.75, 8, 14.5], "texture": "#0"},
				"down": {"uv": [8.75, 14.5, 8.5, 15.75], "texture": "#0"}
			}
		},
		{
			"from": [10.75, 5, 6.25],
			"to": [11.25, 7.5, 6.75],
			"rotation": {"angle": 0, "axis": "y", "origin": [16.25, 0, 0]},
			"faces": {
				"north": {"uv": [14.5, 9, 14.75, 10.25], "texture": "#0"},
				"east": {"uv": [9.5, 14.5, 9.75, 15.75], "texture": "#0"},
				"south": {"uv": [10, 14.5, 10.25, 15.75], "texture": "#0"},
				"west": {"uv": [10.5, 14.5, 10.75, 15.75], "texture": "#0"},
				"up": {"uv": [15.75, 14.25, 15.5, 14], "texture": "#0"},
				"down": {"uv": [14.75, 15.5, 14.5, 15.75], "texture": "#0"}
			}
		},
		{
			"from": [9.75, 8.5, 6.75],
			"to": [10.25, 9, 9.25],
			"rotation": {"angle": 0, "axis": "y", "origin": [16, 0.5, 0]},
			"faces": {
				"north": {"uv": [15.5, 14.5, 15.75, 14.75], "texture": "#0"},
				"east": {"uv": [14.5, 4, 15.75, 4.25], "texture": "#0"},
				"south": {"uv": [15, 15.5, 15.25, 15.75], "texture": "#0"},
				"west": {"uv": [14.5, 4.5, 15.75, 4.75], "texture": "#0"},
				"up": {"uv": [14.75, 11.75, 14.5, 10.5], "texture": "#0"},
				"down": {"uv": [11.25, 14.5, 11, 15.75], "texture": "#0"}
			}
		},
		{
			"from": [5.75, 5, 10.25],
			"to": [6.25, 7.5, 10.75],
			"rotation": {"angle": 0, "axis": "y", "origin": [16, 0, 0.75]},
			"faces": {
				"north": {"uv": [11.5, 14.5, 11.75, 15.75], "texture": "#0"},
				"east": {"uv": [12, 14.5, 12.25, 15.75], "texture": "#0"},
				"south": {"uv": [14.5, 12, 14.75, 13.25], "texture": "#0"},
				"west": {"uv": [12.5, 14.5, 12.75, 15.75], "texture": "#0"},
				"up": {"uv": [15.75, 15.25, 15.5, 15], "texture": "#0"},
				"down": {"uv": [15.75, 15.5, 15.5, 15.75], "texture": "#0"}
			}
		}
	],
	"display": {
		"thirdperson_righthand": {
			"translation": [0, 6.25, 0],
			"scale": [1.1, 1.1, 1.1]
		},
		"thirdperson_lefthand": {
			"translation": [0, 6.25, 0],
			"scale": [1.1, 1.1, 1.1]
		},
		"firstperson_righthand": {
			"translation": [2.25, 6.75, 0]
		},
		"firstperson_lefthand": {
			"translation": [2.25, 6.75, 0]
		},
		"ground": {
			"translation": [0, 4.5, 0]
		},
		"gui": {
			"rotation": [3, 180, 0],
			"translation": [0, 6, 0],
			"scale": [1.4, 1.4, 1.4]
		},
		"head": {
			"translation": [0, -25.5, 0],
			"scale": [2.2, 2.2, 2.2]
		},
		"fixed": {
			"rotation": [-90, 0, 0],
			"translation": [0, 0, -24],
			"scale": [3, 3, 3]
		}
	},
	"groups": [
		{
			"name": "group",
			"origin": [8, 8, 8],
			"color": 0,
			"children": [
				{
					"name": "group",
					"origin": [8, 8, 8],
					"color": 0,
					"children": [0, 1, 2, 3, 4, 5, 6, 7, 8, 9, 10, 11, 12, 13, 14]
				},
				{
					"name": "group",
					"origin": [8, 8, 8],
					"color": 0,
					"children": [15, 16, 17, 18, 19, 20, 21, 22, 23, 24, 25, 26, 27, 28, 29, 30, 31, 32, 33, 34, 35, 36, 37, 38, 39]
				}
			]
		}
	]
}