{
	"credit": "Made with Blockbench",
	"texture_size": [32, 32],
	"textures": {
		"0": "custom:item/mario/power_ups/super_bell",
		"particle": "custom:item/mario/power_ups/super_bell"
	},
	"elements": [
		{
			"from": [6.25, 1, 4.75],
			"to": [9.75, 1.75, 5.5],
			"rotation": {"angle": 22.5, "axis": "x", "origin": [8, 3.375, 8]},
			"faces": {
				"north": {"uv": [9, 7.5, 10.75, 8], "texture": "#0"},
				"east": {"uv": [1, 10.5, 1.5, 11], "texture": "#0"},
				"south": {"uv": [9.5, 0, 11.25, 0.5], "texture": "#0"},
				"west": {"uv": [5.5, 12.5, 6, 13], "texture": "#0"},
				"up": {"uv": [11.25, 1, 9.5, 0.5], "texture": "#0"},
				"down": {"uv": [11.25, 1, 9.5, 1.5], "texture": "#0"}
			}
		},
		{
			"from": [5.5, 1, 5],
			"to": [6.25, 1.75, 5.5],
			"rotation": {"angle": 22.5, "axis": "x", "origin": [8, 3.375, 8]},
			"faces": {
				"north": {"uv": [0, 13, 0.5, 13.5], "texture": "#0"},
				"east": {"uv": [3.5, 14, 3.75, 14.5], "texture": "#0"},
				"south": {"uv": [0.5, 13, 1, 13.5], "texture": "#0"},
				"west": {"uv": [14, 3.5, 14.25, 4], "texture": "#0"},
				"up": {"uv": [4.5, 14.25, 4, 14], "texture": "#0"},
				"down": {"uv": [14.5, 4, 14, 4.25], "texture": "#0"}
			}
		},
		{
			"from": [5.75, 1, 5.5],
			"to": [6.25, 1.75, 5.75],
			"rotation": {"angle": 22.5, "axis": "x", "origin": [8, 3.375, 8]},
			"faces": {
				"north": {"uv": [4.5, 14, 4.75, 14.5], "texture": "#0"},
				"east": {"uv": [14, 4.5, 14.25, 5], "texture": "#0"},
				"south": {"uv": [5, 14, 5.25, 14.5], "texture": "#0"},
				"west": {"uv": [14, 5, 14.25, 5.5], "texture": "#0"},
				"up": {"uv": [1.75, 15.25, 1.5, 15], "texture": "#0"},
				"down": {"uv": [15.25, 1.5, 15, 1.75], "texture": "#0"}
			}
		},
		{
			"from": [5.75, 1, 10.25],
			"to": [6.25, 1.75, 10.5],
			"rotation": {"angle": 22.5, "axis": "x", "origin": [8, 3.375, 8]},
			"faces": {
				"north": {"uv": [5.5, 14, 5.75, 14.5], "texture": "#0"},
				"east": {"uv": [14, 5.5, 14.25, 6], "texture": "#0"},
				"south": {"uv": [6, 14, 6.25, 14.5], "texture": "#0"},
				"west": {"uv": [6.5, 14, 6.75, 14.5], "texture": "#0"},
				"up": {"uv": [2.25, 15.25, 2, 15], "texture": "#0"},
				"down": {"uv": [15.25, 2, 15, 2.25], "texture": "#0"}
			}
		},
		{
			"from": [5, 1, 5.5],
			"to": [5.75, 1.75, 6.25],
			"rotation": {"angle": 22.5, "axis": "x", "origin": [8, 3.375, 8]},
			"faces": {
				"north": {"uv": [1.5, 13, 2, 13.5], "texture": "#0"},
				"east": {"uv": [2, 13, 2.5, 13.5], "texture": "#0"},
				"south": {"uv": [2.5, 13, 3, 13.5], "texture": "#0"},
				"west": {"uv": [4, 13, 4.5, 13.5], "texture": "#0"},
				"up": {"uv": [5, 13.5, 4.5, 13], "texture": "#0"},
				"down": {"uv": [5.5, 13, 5, 13.5], "texture": "#0"}
			}
		},
		{
			"from": [4.75, 1, 6.25],
			"to": [5.5, 1.75, 9.75],
			"rotation": {"angle": 22.5, "axis": "x", "origin": [8, 3.375, 8]},
			"faces": {
				"north": {"uv": [5.5, 13, 6, 13.5], "texture": "#0"},
				"east": {"uv": [9.5, 1.5, 11.25, 2], "texture": "#0"},
				"south": {"uv": [6, 13, 6.5, 13.5], "texture": "#0"},
				"west": {"uv": [9.5, 2, 11.25, 2.5], "texture": "#0"},
				"up": {"uv": [2, 10.75, 1.5, 9], "texture": "#0"},
				"down": {"uv": [10, 2.5, 9.5, 4.25], "texture": "#0"}
			}
		},
		{
			"from": [9.75, 1, 5],
			"to": [10.5, 1.75, 5.5],
			"rotation": {"angle": 22.5, "axis": "x", "origin": [8, 3.375, 8]},
			"faces": {
				"north": {"uv": [13, 7, 13.5, 7.5], "texture": "#0"},
				"east": {"uv": [14, 6.5, 14.25, 7], "texture": "#0"},
				"south": {"uv": [13, 7.5, 13.5, 8], "texture": "#0"},
				"west": {"uv": [7, 14, 7.25, 14.5], "texture": "#0"},
				"up": {"uv": [14.5, 7.25, 14, 7], "texture": "#0"},
				"down": {"uv": [8, 14, 7.5, 14.25], "texture": "#0"}
			}
		},
		{
			"from": [10.25, 1, 9.75],
			"to": [11, 1.75, 10.5],
			"rotation": {"angle": 22.5, "axis": "x", "origin": [8, 3.375, 8]},
			"faces": {
				"north": {"uv": [13, 8, 13.5, 8.5], "texture": "#0"},
				"east": {"uv": [8.5, 13, 9, 13.5], "texture": "#0"},
				"south": {"uv": [13, 8.5, 13.5, 9], "texture": "#0"},
				"west": {"uv": [11, 13, 11.5, 13.5], "texture": "#0"},
				"up": {"uv": [12, 13.5, 11.5, 13], "texture": "#0"},
				"down": {"uv": [12.5, 13, 12, 13.5], "texture": "#0"}
			}
		},
		{
			"from": [10.25, 1, 5.5],
			"to": [11, 1.75, 6.25],
			"rotation": {"angle": 22.5, "axis": "x", "origin": [8, 3.375, 8]},
			"faces": {
				"north": {"uv": [12.5, 13, 13, 13.5], "texture": "#0"},
				"east": {"uv": [13, 12.5, 13.5, 13], "texture": "#0"},
				"south": {"uv": [13, 13, 13.5, 13.5], "texture": "#0"},
				"west": {"uv": [0, 13.5, 0.5, 14], "texture": "#0"},
				"up": {"uv": [1, 14, 0.5, 13.5], "texture": "#0"},
				"down": {"uv": [2, 13.5, 1.5, 14], "texture": "#0"}
			}
		},
		{
			"from": [6.25, 1, 10.5],
			"to": [9.75, 1.75, 11.25],
			"rotation": {"angle": 22.5, "axis": "x", "origin": [8, 3.375, 8]},
			"faces": {
				"north": {"uv": [9.5, 4.5, 11.25, 5], "texture": "#0"},
				"east": {"uv": [13.5, 1.5, 14, 2], "texture": "#0"},
				"south": {"uv": [9.5, 5, 11.25, 5.5], "texture": "#0"},
				"west": {"uv": [2, 13.5, 2.5, 14], "texture": "#0"},
				"up": {"uv": [11.25, 6, 9.5, 5.5], "texture": "#0"},
				"down": {"uv": [7.75, 9.5, 6, 10], "texture": "#0"}
			}
		},
		{
			"from": [10.5, 1, 6.25],
			"to": [11.25, 1.75, 9.75],
			"rotation": {"angle": 22.5, "axis": "x", "origin": [8, 3.375, 8]},
			"faces": {
				"north": {"uv": [13.5, 2, 14, 2.5], "texture": "#0"},
				"east": {"uv": [8, 9.5, 9.75, 10], "texture": "#0"},
				"south": {"uv": [2.5, 13.5, 3, 14], "texture": "#0"},
				"west": {"uv": [2, 10, 3.75, 10.5], "texture": "#0"},
				"up": {"uv": [10.5, 4.25, 10, 2.5], "texture": "#0"},
				"down": {"uv": [4.5, 10, 4, 11.75], "texture": "#0"}
			}
		},
		{
			"from": [9.75, 1, 10.5],
			"to": [10.5, 1.75, 11],
			"rotation": {"angle": 22.5, "axis": "x", "origin": [8, 3.375, 8]},
			"faces": {
				"north": {"uv": [13.5, 2.5, 14, 3], "texture": "#0"},
				"east": {"uv": [14, 7.5, 14.25, 8], "texture": "#0"},
				"south": {"uv": [3, 13.5, 3.5, 14], "texture": "#0"},
				"west": {"uv": [8, 14, 8.25, 14.5], "texture": "#0"},
				"up": {"uv": [9, 14.25, 8.5, 14], "texture": "#0"},
				"down": {"uv": [14.5, 8.5, 14, 8.75], "texture": "#0"}
			}
		},
		{
			"from": [9.75, 1, 10.25],
			"to": [10.25, 1.75, 10.5],
			"rotation": {"angle": 22.5, "axis": "x", "origin": [8, 3.375, 8]},
			"faces": {
				"north": {"uv": [14, 9, 14.25, 9.5], "texture": "#0"},
				"east": {"uv": [9.5, 14, 9.75, 14.5], "texture": "#0"},
				"south": {"uv": [10, 14, 10.25, 14.5], "texture": "#0"},
				"west": {"uv": [10.5, 14, 10.75, 14.5], "texture": "#0"},
				"up": {"uv": [2.75, 15.25, 2.5, 15], "texture": "#0"},
				"down": {"uv": [15.25, 2.5, 15, 2.75], "texture": "#0"}
			}
		},
		{
			"from": [9.75, 1, 5.5],
			"to": [10.25, 1.75, 5.75],
			"rotation": {"angle": 22.5, "axis": "x", "origin": [8, 3.375, 8]},
			"faces": {
				"north": {"uv": [14, 10.5, 14.25, 11], "texture": "#0"},
				"east": {"uv": [11, 14, 11.25, 14.5], "texture": "#0"},
				"south": {"uv": [14, 11, 14.25, 11.5], "texture": "#0"},
				"west": {"uv": [12, 14, 12.25, 14.5], "texture": "#0"},
				"up": {"uv": [3.25, 15.25, 3, 15], "texture": "#0"},
				"down": {"uv": [15.25, 3, 15, 3.25], "texture": "#0"}
			}
		},
		{
			"from": [5, 1, 9.75],
			"to": [5.75, 1.75, 10.5],
			"rotation": {"angle": 22.5, "axis": "x", "origin": [8, 3.375, 8]},
			"faces": {
				"north": {"uv": [13.5, 3, 14, 3.5], "texture": "#0"},
				"east": {"uv": [3.5, 13.5, 4, 14], "texture": "#0"},
				"south": {"uv": [4, 13.5, 4.5, 14], "texture": "#0"},
				"west": {"uv": [4.5, 13.5, 5, 14], "texture": "#0"},
				"up": {"uv": [5.5, 14, 5, 13.5], "texture": "#0"},
				"down": {"uv": [6, 13.5, 5.5, 14], "texture": "#0"}
			}
		},
		{
			"from": [5.5, 1, 10.5],
			"to": [6.25, 1.75, 11],
			"rotation": {"angle": 22.5, "axis": "x", "origin": [8, 3.375, 8]},
			"faces": {
				"north": {"uv": [13.5, 5.5, 14, 6], "texture": "#0"},
				"east": {"uv": [14, 12, 14.25, 12.5], "texture": "#0"},
				"south": {"uv": [6, 13.5, 6.5, 14], "texture": "#0"},
				"west": {"uv": [12.5, 14, 12.75, 14.5], "texture": "#0"},
				"up": {"uv": [14.5, 12.75, 14, 12.5], "texture": "#0"},
				"down": {"uv": [14, 14, 13.5, 14.25], "texture": "#0"}
			}
		},
		{
			"from": [6.25, 1.75, 5.25],
			"to": [9.75, 5.25, 5.5],
			"rotation": {"angle": 22.5, "axis": "x", "origin": [8, 3.375, 8]},
			"faces": {
				"north": {"uv": [5, 6, 6.75, 7.75], "texture": "#0"},
				"east": {"uv": [11, 11, 11.25, 12.75], "texture": "#0"},
				"south": {"uv": [0, 7, 1.75, 8.75], "texture": "#0"},
				"west": {"uv": [11.5, 0, 11.75, 1.75], "texture": "#0"},
				"up": {"uv": [13.25, 2.25, 11.5, 2], "texture": "#0"},
				"down": {"uv": [6.25, 11.5, 4.5, 11.75], "texture": "#0"}
			}
		},
		{
			"from": [5.75, 1.75, 5.5],
			"to": [10.25, 5.25, 5.75],
			"rotation": {"angle": 22.5, "axis": "x", "origin": [8, 3.375, 8]},
			"faces": {
				"north": {"uv": [2.5, 4, 4.75, 5.75], "texture": "#0"},
				"east": {"uv": [3, 11.5, 3.25, 13.25], "texture": "#0"},
				"south": {"uv": [0, 5, 2.25, 6.75], "texture": "#0"},
				"west": {"uv": [3.5, 11.5, 3.75, 13.25], "texture": "#0"},
				"up": {"uv": [12.75, 7.25, 10.5, 7], "texture": "#0"},
				"down": {"uv": [12.75, 8, 10.5, 8.25], "texture": "#0"}
			}
		},
		{
			"from": [5.75, 1.75, 10.25],
			"to": [10.25, 5.25, 10.5],
			"rotation": {"angle": 22.5, "axis": "x", "origin": [8, 3.375, 8]},
			"faces": {
				"north": {"uv": [5, 0, 7.25, 1.75], "texture": "#0"},
				"east": {"uv": [11.5, 4.5, 11.75, 6.25], "texture": "#0"},
				"south": {"uv": [5, 2, 7.25, 3.75], "texture": "#0"},
				"west": {"uv": [6.5, 11.5, 6.75, 13.25], "texture": "#0"},
				"up": {"uv": [12.75, 8.75, 10.5, 8.5], "texture": "#0"},
				"down": {"uv": [11.25, 10.5, 9, 10.75], "texture": "#0"}
			}
		},
		{
			"from": [5.25, 1.75, 6.25],
			"to": [5.5, 5.25, 9.75],
			"rotation": {"angle": 22.5, "axis": "x", "origin": [8, 3.375, 8]},
			"faces": {
				"north": {"uv": [7, 11.5, 7.25, 13.25], "texture": "#0"},
				"east": {"uv": [7, 6, 8.75, 7.75], "texture": "#0"},
				"south": {"uv": [7.5, 11.5, 7.75, 13.25], "texture": "#0"},
				"west": {"uv": [7.5, 0, 9.25, 1.75], "texture": "#0"},
				"up": {"uv": [8.25, 13.25, 8, 11.5], "texture": "#0"},
				"down": {"uv": [9.25, 11.5, 9, 13.25], "texture": "#0"}
			}
		},
		{
			"from": [5.5, 1.75, 5.75],
			"to": [10.5, 5.25, 10.25],
			"rotation": {"angle": 22.5, "axis": "x", "origin": [8, 3.375, 8]},
			"faces": {
				"north": {"uv": [2.5, 0, 5, 1.75], "texture": "#0"},
				"east": {"uv": [5, 4, 7.25, 5.75], "texture": "#0"},
				"south": {"uv": [2.5, 2, 5, 3.75], "texture": "#0"},
				"west": {"uv": [2.5, 6, 4.75, 7.75], "texture": "#0"},
				"up": {"uv": [2.5, 2.25, 0, 0], "texture": "#0"},
				"down": {"uv": [2.5, 2.5, 0, 4.75], "texture": "#0"}
			}
		},
		{
			"from": [6.25, 1.75, 10.5],
			"to": [9.75, 5.25, 10.75],
			"rotation": {"angle": 22.5, "axis": "x", "origin": [8, 3.375, 8]},
			"faces": {
				"north": {"uv": [7.5, 2, 9.25, 3.75], "texture": "#0"},
				"east": {"uv": [9.5, 11.5, 9.75, 13.25], "texture": "#0"},
				"south": {"uv": [7.5, 4, 9.25, 5.75], "texture": "#0"},
				"west": {"uv": [10, 11.5, 10.25, 13.25], "texture": "#0"},
				"up": {"uv": [13.25, 6.75, 11.5, 6.5], "texture": "#0"},
				"down": {"uv": [13.25, 9, 11.5, 9.25], "texture": "#0"}
			}
		},
		{
			"from": [10.5, 1.75, 6.25],
			"to": [10.75, 5.25, 9.75],
			"rotation": {"angle": 22.5, "axis": "x", "origin": [8, 3.375, 8]},
			"faces": {
				"north": {"uv": [10.5, 11.5, 10.75, 13.25], "texture": "#0"},
				"east": {"uv": [2, 8, 3.75, 9.75], "texture": "#0"},
				"south": {"uv": [11.5, 10.5, 11.75, 12.25], "texture": "#0"},
				"west": {"uv": [4, 8, 5.75, 9.75], "texture": "#0"},
				"up": {"uv": [12.25, 1.75, 12, 0], "texture": "#0"},
				"down": {"uv": [1.25, 12, 1, 13.75], "texture": "#0"}
			}
		},
		{
			"from": [7, 6, 7.25],
			"to": [7.25, 6.5, 8.75],
			"rotation": {"angle": 22.5, "axis": "x", "origin": [8, 3.375, 8]},
			"faces": {
				"north": {"uv": [3.5, 15, 3.75, 15.25], "texture": "#0"},
				"east": {"uv": [8, 13.5, 8.75, 13.75], "texture": "#0"},
				"south": {"uv": [15, 3.5, 15.25, 3.75], "texture": "#0"},
				"west": {"uv": [13.5, 8, 14.25, 8.25], "texture": "#0"},
				"up": {"uv": [13.75, 9.25, 13.5, 8.5], "texture": "#0"},
				"down": {"uv": [9.25, 13.5, 9, 14.25], "texture": "#0"}
			}
		},
		{
			"from": [7.2, 6.5, 7.5],
			"to": [7.5, 6.75, 8.5],
			"rotation": {"angle": 22.5, "axis": "x", "origin": [8, 3.375, 8]},
			"faces": {
				"north": {"uv": [4, 15, 4.25, 15.25], "texture": "#0"},
				"east": {"uv": [14, 14, 14.5, 14.25], "texture": "#0"},
				"south": {"uv": [15, 4, 15.25, 4.25], "texture": "#0"},
				"west": {"uv": [14.5, 0, 15, 0.25], "texture": "#0"},
				"up": {"uv": [0.75, 15, 0.5, 14.5], "texture": "#0"},
				"down": {"uv": [14.75, 0.5, 14.5, 1], "texture": "#0"}
			}
		},
		{
			"from": [7.5, 6.5, 7.2],
			"to": [8.5, 6.75, 8.8],
			"rotation": {"angle": 22.5, "axis": "x", "origin": [8, 3.375, 8]},
			"faces": {
				"north": {"uv": [1, 14.5, 1.5, 14.75], "texture": "#0"},
				"east": {"uv": [9.5, 13.5, 10.25, 13.75], "texture": "#0"},
				"south": {"uv": [1.5, 14.5, 2, 14.75], "texture": "#0"},
				"west": {"uv": [13.5, 9.5, 14.25, 9.75], "texture": "#0"},
				"up": {"uv": [2.5, 7.75, 2, 7], "texture": "#0"},
				"down": {"uv": [2, 12, 1.5, 12.75], "texture": "#0"}
			}
		},
		{
			"from": [8.5, 6.5, 7.5],
			"to": [8.8, 6.75, 8.5],
			"rotation": {"angle": 22.5, "axis": "x", "origin": [8, 3.375, 8]},
			"faces": {
				"north": {"uv": [4.5, 15, 4.75, 15.25], "texture": "#0"},
				"east": {"uv": [2, 14.5, 2.5, 14.75], "texture": "#0"},
				"south": {"uv": [15, 4.5, 15.25, 4.75], "texture": "#0"},
				"west": {"uv": [2.5, 14.5, 3, 14.75], "texture": "#0"},
				"up": {"uv": [3.25, 15, 3, 14.5], "texture": "#0"},
				"down": {"uv": [3.75, 14.5, 3.5, 15], "texture": "#0"}
			}
		},
		{
			"from": [8.75, 6, 7.25],
			"to": [9, 6.5, 8.75],
			"rotation": {"angle": 22.5, "axis": "x", "origin": [8, 3.375, 8]},
			"faces": {
				"north": {"uv": [5, 15, 5.25, 15.25], "texture": "#0"},
				"east": {"uv": [13.5, 10, 14.25, 10.25], "texture": "#0"},
				"south": {"uv": [15, 5, 15.25, 5.25], "texture": "#0"},
				"west": {"uv": [10.5, 13.5, 11.25, 13.75], "texture": "#0"},
				"up": {"uv": [13.75, 11.25, 13.5, 10.5], "texture": "#0"},
				"down": {"uv": [11.75, 13.5, 11.5, 14.25], "texture": "#0"}
			}
		},
		{
			"from": [7.25, 6, 7],
			"to": [8.75, 6.5, 9],
			"rotation": {"angle": 22.5, "axis": "x", "origin": [8, 3.375, 8]},
			"faces": {
				"north": {"uv": [13.5, 11.5, 14.25, 11.75], "texture": "#0"},
				"east": {"uv": [13.5, 6, 14.5, 6.25], "texture": "#0"},
				"south": {"uv": [12, 13.5, 12.75, 13.75], "texture": "#0"},
				"west": {"uv": [6.5, 13.5, 7.5, 13.75], "texture": "#0"},
				"up": {"uv": [5.25, 11.5, 4.5, 10.5], "texture": "#0"},
				"down": {"uv": [6.25, 10.5, 5.5, 11.5], "texture": "#0"}
			}
		},
		{
			"from": [6, 5.5, 6.5],
			"to": [10, 6, 9.5],
			"rotation": {"angle": 22.5, "axis": "x", "origin": [8, 3.375, 8]},
			"faces": {
				"north": {"uv": [11, 7.5, 13, 7.75], "texture": "#0"},
				"east": {"uv": [12, 5.5, 13.5, 5.75], "texture": "#0"},
				"south": {"uv": [9, 11, 11, 11.25], "texture": "#0"},
				"west": {"uv": [12, 6, 13.5, 6.25], "texture": "#0"},
				"up": {"uv": [8, 9.5, 6, 8], "texture": "#0"},
				"down": {"uv": [10, 8, 8, 9.5], "texture": "#0"}
			}
		},
		{
			"from": [5.6, 5, 6.25],
			"to": [6.5, 5.75, 9.75],
			"rotation": {"angle": 22.5, "axis": "x", "origin": [8, 3.375, 8]},
			"faces": {
				"north": {"uv": [13.5, 6.5, 14, 7], "texture": "#0"},
				"east": {"uv": [4.5, 10, 6.25, 10.5], "texture": "#0"},
				"south": {"uv": [13.5, 7, 14, 7.5], "texture": "#0"},
				"west": {"uv": [6.5, 10, 8.25, 10.5], "texture": "#0"},
				"up": {"uv": [10.5, 9.75, 10, 8], "texture": "#0"},
				"down": {"uv": [9, 10, 8.5, 11.75], "texture": "#0"}
			}
		},
		{
			"from": [6.5, 5.5, 6],
			"to": [9.5, 6, 6.5],
			"rotation": {"angle": 22.5, "axis": "x", "origin": [8, 3.375, 8]},
			"faces": {
				"north": {"uv": [12, 10, 13.5, 10.25], "texture": "#0"},
				"east": {"uv": [5.5, 15, 5.75, 15.25], "texture": "#0"},
				"south": {"uv": [12, 10.5, 13.5, 10.75], "texture": "#0"},
				"west": {"uv": [15, 5.5, 15.25, 5.75], "texture": "#0"},
				"up": {"uv": [13.5, 11.25, 12, 11], "texture": "#0"},
				"down": {"uv": [13.5, 11.5, 12, 11.75], "texture": "#0"}
			}
		},
		{
			"from": [6.25, 5, 5.6],
			"to": [9.75, 5.75, 6.25],
			"rotation": {"angle": 22.5, "axis": "x", "origin": [8, 3.375, 8]},
			"faces": {
				"north": {"uv": [9, 10, 10.75, 10.5], "texture": "#0"},
				"east": {"uv": [14.5, 3.5, 14.75, 4], "texture": "#0"},
				"south": {"uv": [2, 10.5, 3.75, 11], "texture": "#0"},
				"west": {"uv": [4, 14.5, 4.25, 15], "texture": "#0"},
				"up": {"uv": [13.25, 9.75, 11.5, 9.5], "texture": "#0"},
				"down": {"uv": [5.75, 12, 4, 12.25], "texture": "#0"}
			}
		},
		{
			"from": [5.75, 5.2, 9.75],
			"to": [6.25, 5.5, 10.25],
			"rotation": {"angle": 22.5, "axis": "x", "origin": [8, 3.375, 8]},
			"faces": {
				"north": {"uv": [6, 15, 6.25, 15.25], "texture": "#0"},
				"east": {"uv": [15, 6, 15.25, 6.25], "texture": "#0"},
				"south": {"uv": [6.5, 15, 6.75, 15.25], "texture": "#0"},
				"west": {"uv": [15, 6.5, 15.25, 6.75], "texture": "#0"},
				"up": {"uv": [7.25, 15.25, 7, 15], "texture": "#0"},
				"down": {"uv": [15.25, 7, 15, 7.25], "texture": "#0"}
			}
		},
		{
			"from": [6.5, 5.5, 9.5],
			"to": [9.5, 6, 10],
			"rotation": {"angle": 22.5, "axis": "x", "origin": [8, 3.375, 8]},
			"faces": {
				"north": {"uv": [12, 12, 13.5, 12.25], "texture": "#0"},
				"east": {"uv": [7.5, 15, 7.75, 15.25], "texture": "#0"},
				"south": {"uv": [12.5, 0, 14, 0.25], "texture": "#0"},
				"west": {"uv": [15, 7.5, 15.25, 7.75], "texture": "#0"},
				"up": {"uv": [14, 0.75, 12.5, 0.5], "texture": "#0"},
				"down": {"uv": [14, 1, 12.5, 1.25], "texture": "#0"}
			}
		},
		{
			"from": [6.25, 5, 9.75],
			"to": [9.75, 5.75, 10.4],
			"rotation": {"angle": 22.5, "axis": "x", "origin": [8, 3.375, 8]},
			"faces": {
				"north": {"uv": [10.5, 2.5, 12.25, 3], "texture": "#0"},
				"east": {"uv": [14.5, 4, 14.75, 4.5], "texture": "#0"},
				"south": {"uv": [10.5, 3, 12.25, 3.5], "texture": "#0"},
				"west": {"uv": [4.5, 14.5, 4.75, 15], "texture": "#0"},
				"up": {"uv": [13.75, 4.75, 12, 4.5], "texture": "#0"},
				"down": {"uv": [13.75, 5, 12, 5.25], "texture": "#0"}
			}
		},
		{
			"from": [6.75, 6, 6.75],
			"to": [9.25, 6.1, 9.25],
			"rotation": {"angle": 22.5, "axis": "x", "origin": [8, 3.375, 8]},
			"faces": {
				"north": {"uv": [12.5, 3.5, 13.75, 3.75], "texture": "#0"},
				"east": {"uv": [4, 12.5, 5.25, 12.75], "texture": "#0"},
				"south": {"uv": [12.5, 4, 13.75, 4.25], "texture": "#0"},
				"west": {"uv": [11.5, 12.5, 12.75, 12.75], "texture": "#0"},
				"up": {"uv": [1.25, 10.25, 0, 9], "texture": "#0"},
				"down": {"uv": [10.25, 6, 9, 7.25], "texture": "#0"}
			}
		},
		{
			"from": [5.75, 5.2, 5.75],
			"to": [6.25, 5.5, 6.25],
			"rotation": {"angle": 22.5, "axis": "x", "origin": [8, 3.375, 8]},
			"faces": {
				"north": {"uv": [8, 15, 8.25, 15.25], "texture": "#0"},
				"east": {"uv": [15, 8, 15.25, 8.25], "texture": "#0"},
				"south": {"uv": [8.5, 15, 8.75, 15.25], "texture": "#0"},
				"west": {"uv": [15, 8.5, 15.25, 8.75], "texture": "#0"},
				"up": {"uv": [9.25, 15.25, 9, 15], "texture": "#0"},
				"down": {"uv": [15.25, 9, 15, 9.25], "texture": "#0"}
			}
		},
		{
			"from": [9.75, 5.2, 5.75],
			"to": [10.25, 5.5, 6.25],
			"rotation": {"angle": 22.5, "axis": "x", "origin": [8, 3.375, 8]},
			"faces": {
				"north": {"uv": [9.5, 15, 9.75, 15.25], "texture": "#0"},
				"east": {"uv": [15, 9.5, 15.25, 9.75], "texture": "#0"},
				"south": {"uv": [10, 15, 10.25, 15.25], "texture": "#0"},
				"west": {"uv": [15, 10, 15.25, 10.25], "texture": "#0"},
				"up": {"uv": [10.75, 15.25, 10.5, 15], "texture": "#0"},
				"down": {"uv": [15.25, 10.5, 15, 10.75], "texture": "#0"}
			}
		},
		{
			"from": [9.5, 5, 6.25],
			"to": [10.4, 5.75, 9.75],
			"rotation": {"angle": 22.5, "axis": "x", "origin": [8, 3.375, 8]},
			"faces": {
				"north": {"uv": [7.5, 13.5, 8, 14], "texture": "#0"},
				"east": {"uv": [10.5, 3.5, 12.25, 4], "texture": "#0"},
				"south": {"uv": [13.5, 7.5, 14, 8], "texture": "#0"},
				"west": {"uv": [10.5, 4, 12.25, 4.5], "texture": "#0"},
				"up": {"uv": [0.5, 12.25, 0, 10.5], "texture": "#0"},
				"down": {"uv": [1, 10.5, 0.5, 12.25], "texture": "#0"}
			}
		},
		{
			"from": [9.75, 5.2, 9.75],
			"to": [10.25, 5.5, 10.25],
			"rotation": {"angle": 22.5, "axis": "x", "origin": [8, 3.375, 8]},
			"faces": {
				"north": {"uv": [11, 15, 11.25, 15.25], "texture": "#0"},
				"east": {"uv": [15, 11, 15.25, 11.25], "texture": "#0"},
				"south": {"uv": [11.5, 15, 11.75, 15.25], "texture": "#0"},
				"west": {"uv": [15, 11.5, 15.25, 11.75], "texture": "#0"},
				"up": {"uv": [12.25, 15.25, 12, 15], "texture": "#0"},
				"down": {"uv": [15.25, 12, 15, 12.25], "texture": "#0"}
			}
		},
		{
			"from": [7, 0.5, 7.25],
			"to": [7.25, 1.5, 8.75],
			"rotation": {"angle": 22.5, "axis": "x", "origin": [8, 3.375, 8]},
			"faces": {
				"north": {"uv": [14.5, 4.5, 14.75, 5], "texture": "#0"},
				"east": {"uv": [2, 12, 2.75, 12.5], "texture": "#0"},
				"south": {"uv": [5, 14.5, 5.25, 15], "texture": "#0"},
				"west": {"uv": [0, 12.5, 0.75, 13], "texture": "#0"},
				"up": {"uv": [13.75, 12.75, 13.5, 12], "texture": "#0"},
				"down": {"uv": [13.25, 13.5, 13, 14.25], "texture": "#0"}
			}
		},
		{
			"from": [7, 0.25, 7.5],
			"to": [7.25, 0.5, 8.5],
			"rotation": {"angle": 22.5, "axis": "x", "origin": [8, 3.375, 8]},
			"faces": {
				"north": {"uv": [12.5, 15, 12.75, 15.25], "texture": "#0"},
				"east": {"uv": [14.5, 5, 15, 5.25], "texture": "#0"},
				"south": {"uv": [15, 12.5, 15.25, 12.75], "texture": "#0"},
				"west": {"uv": [5.5, 14.5, 6, 14.75], "texture": "#0"},
				"up": {"uv": [14.75, 6, 14.5, 5.5], "texture": "#0"},
				"down": {"uv": [6.25, 14.5, 6, 15], "texture": "#0"}
			}
		},
		{
			"from": [7.2, 0, 7.5],
			"to": [7.5, 0.25, 8.5],
			"rotation": {"angle": 22.5, "axis": "x", "origin": [8, 3.375, 8]},
			"faces": {
				"north": {"uv": [13, 15, 13.25, 15.25], "texture": "#0"},
				"east": {"uv": [14.5, 6, 15, 6.25], "texture": "#0"},
				"south": {"uv": [15, 13, 15.25, 13.25], "texture": "#0"},
				"west": {"uv": [6.5, 14.5, 7, 14.75], "texture": "#0"},
				"up": {"uv": [14.75, 7, 14.5, 6.5], "texture": "#0"},
				"down": {"uv": [7.25, 14.5, 7, 15], "texture": "#0"}
			}
		},
		{
			"from": [7.5, 0, 7.2],
			"to": [8.5, 0.25, 8.8],
			"rotation": {"angle": 22.5, "axis": "x", "origin": [8, 3.375, 8]},
			"faces": {
				"north": {"uv": [14.5, 7, 15, 7.25], "texture": "#0"},
				"east": {"uv": [13.5, 13, 14.25, 13.25], "texture": "#0"},
				"south": {"uv": [7.5, 14.5, 8, 14.75], "texture": "#0"},
				"west": {"uv": [13.5, 13.5, 14.25, 13.75], "texture": "#0"},
				"up": {"uv": [6.5, 12.75, 6, 12], "texture": "#0"},
				"down": {"uv": [9, 12, 8.5, 12.75], "texture": "#0"}
			}
		},
		{
			"from": [8.5, 0, 7.5],
			"to": [8.8, 0.25, 8.5],
			"rotation": {"angle": 22.5, "axis": "x", "origin": [8, 3.375, 8]},
			"faces": {
				"north": {"uv": [13.5, 15, 13.75, 15.25], "texture": "#0"},
				"east": {"uv": [14.5, 7.5, 15, 7.75], "texture": "#0"},
				"south": {"uv": [15, 13.5, 15.25, 13.75], "texture": "#0"},
				"west": {"uv": [8, 14.5, 8.5, 14.75], "texture": "#0"},
				"up": {"uv": [14.75, 8.5, 14.5, 8], "texture": "#0"},
				"down": {"uv": [8.75, 14.5, 8.5, 15], "texture": "#0"}
			}
		},
		{
			"from": [8.75, 0.5, 7.25],
			"to": [9, 1.5, 8.75],
			"rotation": {"angle": 22.5, "axis": "x", "origin": [8, 3.375, 8]},
			"faces": {
				"north": {"uv": [14.5, 8.5, 14.75, 9], "texture": "#0"},
				"east": {"uv": [12.5, 1.5, 13.25, 2], "texture": "#0"},
				"south": {"uv": [9, 14.5, 9.25, 15], "texture": "#0"},
				"west": {"uv": [2, 12.5, 2.75, 13], "texture": "#0"},
				"up": {"uv": [0.25, 14.75, 0, 14], "texture": "#0"},
				"down": {"uv": [14.25, 0, 14, 0.75], "texture": "#0"}
			}
		},
		{
			"from": [8.75, 0.25, 7.5],
			"to": [9, 0.5, 8.5],
			"rotation": {"angle": 22.5, "axis": "x", "origin": [8, 3.375, 8]},
			"faces": {
				"north": {"uv": [14, 15, 14.25, 15.25], "texture": "#0"},
				"east": {"uv": [14.5, 9, 15, 9.25], "texture": "#0"},
				"south": {"uv": [15, 14, 15.25, 14.25], "texture": "#0"},
				"west": {"uv": [9.5, 14.5, 10, 14.75], "texture": "#0"},
				"up": {"uv": [14.75, 10, 14.5, 9.5], "texture": "#0"},
				"down": {"uv": [10.25, 14.5, 10, 15], "texture": "#0"}
			}
		},
		{
			"from": [7.25, 0.25, 7.25],
			"to": [8.75, 0.5, 8.75],
			"rotation": {"angle": 22.5, "axis": "x", "origin": [8, 3.375, 8]},
			"faces": {
				"north": {"uv": [0.5, 14, 1.25, 14.25], "texture": "#0"},
				"east": {"uv": [14, 1, 14.75, 1.25], "texture": "#0"},
				"south": {"uv": [1.5, 14, 2.25, 14.25], "texture": "#0"},
				"west": {"uv": [14, 1.5, 14.75, 1.75], "texture": "#0"},
				"up": {"uv": [8.25, 11.25, 7.5, 10.5], "texture": "#0"},
				"down": {"uv": [11.25, 9, 10.5, 9.75], "texture": "#0"}
			}
		},
		{
			"from": [7.5, 0.25, 7],
			"to": [8.5, 0.5, 7.25],
			"rotation": {"angle": 22.5, "axis": "x", "origin": [8, 3.375, 8]},
			"faces": {
				"north": {"uv": [14.5, 10, 15, 10.25], "texture": "#0"},
				"east": {"uv": [14.5, 15, 14.75, 15.25], "texture": "#0"},
				"south": {"uv": [10.5, 14.5, 11, 14.75], "texture": "#0"},
				"west": {"uv": [15, 14.5, 15.25, 14.75], "texture": "#0"},
				"up": {"uv": [15, 10.75, 14.5, 10.5], "texture": "#0"},
				"down": {"uv": [11.5, 14.5, 11, 14.75], "texture": "#0"}
			}
		},
		{
			"from": [7.5, 0.25, 8.75],
			"to": [8.5, 0.5, 9],
			"rotation": {"angle": 22.5, "axis": "x", "origin": [8, 3.375, 8]},
			"faces": {
				"north": {"uv": [14.5, 11, 15, 11.25], "texture": "#0"},
				"east": {"uv": [15, 15, 15.25, 15.25], "texture": "#0"},
				"south": {"uv": [11.5, 14.5, 12, 14.75], "texture": "#0"},
				"west": {"uv": [0, 15.5, 0.25, 15.75], "texture": "#0"},
				"up": {"uv": [15, 11.75, 14.5, 11.5], "texture": "#0"},
				"down": {"uv": [12.5, 14.5, 12, 14.75], "texture": "#0"}
			}
		},
		{
			"from": [7.25, 0.5, 7],
			"to": [8.75, 1.5, 9],
			"rotation": {"angle": 22.5, "axis": "x", "origin": [8, 3.375, 8]},
			"faces": {
				"north": {"uv": [12.5, 2.5, 13.25, 3], "texture": "#0"},
				"east": {"uv": [3, 11, 4, 11.5], "texture": "#0"},
				"south": {"uv": [12.5, 3, 13.25, 3.5], "texture": "#0"},
				"west": {"uv": [11, 10, 12, 10.5], "texture": "#0"},
				"up": {"uv": [11.25, 7, 10.5, 6], "texture": "#0"},
				"down": {"uv": [7.25, 10.5, 6.5, 11.5], "texture": "#0"}
			}
		},
		{
			"from": [7.25, 1.5, 7.25],
			"to": [8.75, 1.75, 8.75],
			"rotation": {"angle": 22.5, "axis": "x", "origin": [8, 3.375, 8]},
			"faces": {
				"north": {"uv": [14, 2, 14.75, 2.25], "texture": "#0"},
				"east": {"uv": [2.5, 14, 3.25, 14.25], "texture": "#0"},
				"south": {"uv": [14, 2.5, 14.75, 2.75], "texture": "#0"},
				"west": {"uv": [14, 3, 14.75, 3.25], "texture": "#0"},
				"up": {"uv": [1.75, 11.75, 1, 11], "texture": "#0"},
				"down": {"uv": [2.75, 11, 2, 11.75], "texture": "#0"}
			}
		},
		{
			"from": [8.75, 1.5, 7.5],
			"to": [9, 1.75, 8.5],
			"rotation": {"angle": 22.5, "axis": "x", "origin": [8, 3.375, 8]},
			"faces": {
				"north": {"uv": [15.5, 0, 15.75, 0.25], "texture": "#0"},
				"east": {"uv": [14.5, 12, 15, 12.25], "texture": "#0"},
				"south": {"uv": [0.5, 15.5, 0.75, 15.75], "texture": "#0"},
				"west": {"uv": [12.5, 14.5, 13, 14.75], "texture": "#0"},
				"up": {"uv": [14.75, 13, 14.5, 12.5], "texture": "#0"},
				"down": {"uv": [13.25, 14.5, 13, 15], "texture": "#0"}
			}
		},
		{
			"from": [7, 1.5, 7.5],
			"to": [7.25, 1.75, 8.5],
			"rotation": {"angle": 22.5, "axis": "x", "origin": [8, 3.375, 8]},
			"faces": {
				"north": {"uv": [15.5, 0.5, 15.75, 0.75], "texture": "#0"},
				"east": {"uv": [14.5, 13, 15, 13.25], "texture": "#0"},
				"south": {"uv": [1, 15.5, 1.25, 15.75], "texture": "#0"},
				"west": {"uv": [13.5, 14.5, 14, 14.75], "texture": "#0"},
				"up": {"uv": [14.75, 14, 14.5, 13.5], "texture": "#0"},
				"down": {"uv": [14.25, 14.5, 14, 15], "texture": "#0"}
			}
		},
		{
			"from": [7.5, 1.5, 7],
			"to": [8.5, 1.75, 7.25],
			"rotation": {"angle": 22.5, "axis": "x", "origin": [8, 3.375, 8]},
			"faces": {
				"north": {"uv": [14.5, 14, 15, 14.25], "texture": "#0"},
				"east": {"uv": [15.5, 1, 15.75, 1.25], "texture": "#0"},
				"south": {"uv": [14.5, 14.5, 15, 14.75], "texture": "#0"},
				"west": {"uv": [1.5, 15.5, 1.75, 15.75], "texture": "#0"},
				"up": {"uv": [0.5, 15.25, 0, 15], "texture": "#0"},
				"down": {"uv": [15.5, 0, 15, 0.25], "texture": "#0"}
			}
		},
		{
			"from": [7.5, 1.5, 8.75],
			"to": [8.5, 1.75, 9],
			"rotation": {"angle": 22.5, "axis": "x", "origin": [8, 3.375, 8]},
			"faces": {
				"north": {"uv": [0.5, 15, 1, 15.25], "texture": "#0"},
				"east": {"uv": [15.5, 1.5, 15.75, 1.75], "texture": "#0"},
				"south": {"uv": [15, 0.5, 15.5, 0.75], "texture": "#0"},
				"west": {"uv": [2, 15.5, 2.25, 15.75], "texture": "#0"},
				"up": {"uv": [1.5, 15.25, 1, 15], "texture": "#0"},
				"down": {"uv": [15.5, 1, 15, 1.25], "texture": "#0"}
			}
		}
	],
	"display": {
		"thirdperson_righthand": {
			"translation": [0, 7.25, 0],
			"scale": [1.1, 1.1, 1.1]
		},
		"thirdperson_lefthand": {
			"translation": [0, 7.25, 0],
			"scale": [1.1, 1.1, 1.1]
		},
		"firstperson_righthand": {
			"translation": [2.25, 6.75, 0]
		},
		"firstperson_lefthand": {
			"translation": [2.25, 6.75, 0]
		},
		"ground": {
			"translation": [0, 4.5, 0]
		},
		"gui": {
			"rotation": [3, 180, 0],
			"translation": [0, 6, 0],
			"scale": [1.4, 1.4, 1.4]
		},
		"head": {
			"translation": [0, 20.75, 0],
			"scale": [1.8, 1.8, 1.8]
		},
		"fixed": {
			"rotation": [-90, 0, 0],
			"translation": [0, 0, -24],
			"scale": [3, 3, 3]
		}
	},
	"groups": [
		{
			"name": "group",
			"origin": [8, 8, 8],
			"color": 0,
			"children": [
				{
					"name": "group",
					"origin": [8.25, 0.625, 3],
					"color": 0,
					"children": [0, 1, 2, 3, 4, 5, 6, 7, 8, 9, 10, 11, 12, 13, 14, 15]
				},
				{
					"name": "group",
					"origin": [8.25, 0.625, 3],
					"color": 0,
					"children": [16, 17, 18, 19, 20, 21, 22]
				},
				{
					"name": "group",
					"origin": [8.25, 0.625, 3],
					"color": 0,
					"children": [23, 24, 25, 26, 27, 28]
				},
				{
					"name": "group",
					"origin": [8.25, 0.625, 3],
					"color": 0,
					"children": [29, 30, 31, 32, 33, 34, 35, 36, 37, 38, 39, 40]
				},
				{
					"name": "group",
					"origin": [8.25, 0.625, 3],
					"color": 0,
					"children": [41, 42, 43, 44, 45, 46, 47, 48, 49, 50, 51, 52, 53, 54, 55, 56]
				}
			]
		}
	]
}