{
	"credit": "Made with Blockbench",
	"textures": {
		"0": "custom:item/mario/power_ups/super_leaf",
		"particle": "custom:item/mario/power_ups/super_leaf"
	},
	"elements": [
		{
			"from": [10.5, 2.25, 7.65],
			"to": [10.75, 4.25, 8.35],
			"rotation": {"angle": 22.5, "axis": "x", "origin": [8, 3.2, 8]},
			"faces": {
				"north": {"uv": [5.5, 3.5, 6, 5.5], "texture": "#0"},
				"east": {"uv": [3, 9, 3.5, 11], "texture": "#0"},
				"south": {"uv": [3.5, 9, 4, 11], "texture": "#0"},
				"west": {"uv": [4, 8, 4.5, 10], "texture": "#0"},
				"up": {"uv": [7.5, 7, 7, 6.5], "texture": "#0"},
				"down": {"uv": [8.5, 3.5, 8, 4], "texture": "#0"}
			}
		},
		{
			"from": [6, 1, 7.65],
			"to": [8.5, 5.5, 8.35],
			"rotation": {"angle": 22.5, "axis": "x", "origin": [8, 3.2, 8]},
			"faces": {
				"north": {"uv": [0, 0, 2.5, 4.5], "texture": "#0"},
				"east": {"uv": [3, 4.5, 3.5, 9], "texture": "#0"},
				"south": {"uv": [2.5, 0, 5, 4.5], "texture": "#0"},
				"west": {"uv": [3.5, 4.5, 4, 9], "texture": "#0"},
				"up": {"uv": [9, 2.5, 6.5, 2], "texture": "#0"},
				"down": {"uv": [9, 2.5, 6.5, 3], "texture": "#0"}
			}
		},
		{
			"from": [6.75, 0.8, 7.65],
			"to": [9.25, 1, 8.35],
			"rotation": {"angle": 22.5, "axis": "x", "origin": [8, 3.2, 8]},
			"faces": {
				"north": {"uv": [6.5, 0, 9, 0.5], "texture": "#0"},
				"east": {"uv": [7.5, 6.5, 8, 7], "texture": "#0"},
				"south": {"uv": [6.5, 0.5, 9, 1], "texture": "#0"},
				"west": {"uv": [8, 4, 8.5, 4.5], "texture": "#0"},
				"up": {"uv": [9, 1.5, 6.5, 1], "texture": "#0"},
				"down": {"uv": [9, 1.5, 6.5, 2], "texture": "#0"}
			}
		},
		{
			"from": [6.5, 5.5, 7.65],
			"to": [8, 6, 8.35],
			"rotation": {"angle": 22.5, "axis": "x", "origin": [8, 3.2, 8]},
			"faces": {
				"north": {"uv": [6.5, 3, 8, 3.5], "texture": "#0"},
				"east": {"uv": [7, 7, 7.5, 7.5], "texture": "#0"},
				"south": {"uv": [5.5, 5.5, 7, 6], "texture": "#0"},
				"west": {"uv": [8, 4.5, 8.5, 5], "texture": "#0"},
				"up": {"uv": [6.5, 7, 5, 6.5], "texture": "#0"},
				"down": {"uv": [7, 6, 5.5, 6.5], "texture": "#0"}
			}
		},
		{
			"from": [7.15, 6, 7.65],
			"to": [8.85, 6.5, 8.35],
			"rotation": {"angle": 22.5, "axis": "x", "origin": [8, 3.2, 8]},
			"faces": {
				"north": {"uv": [9, 0.5, 10.5, 1], "texture": "#0"},
				"east": {"uv": [7.5, 7, 8, 7.5], "texture": "#0"},
				"south": {"uv": [7, 5.5, 8.5, 6], "texture": "#0"},
				"west": {"uv": [8, 5, 8.5, 5.5], "texture": "#0"},
				"up": {"uv": [10.5, 0.5, 9, 0], "texture": "#0"},
				"down": {"uv": [8.5, 6, 7, 6.5], "texture": "#0"}
			}
		},
		{
			"from": [10, 1.5, 7.65],
			"to": [10.5, 5, 8.35],
			"rotation": {"angle": 22.5, "axis": "x", "origin": [8, 3.2, 8]},
			"faces": {
				"north": {"uv": [5, 0, 5.5, 3.5], "texture": "#0"},
				"east": {"uv": [4, 4.5, 4.5, 8], "texture": "#0"},
				"south": {"uv": [5.5, 0, 6, 3.5], "texture": "#0"},
				"west": {"uv": [4.5, 4.5, 5, 8], "texture": "#0"},
				"up": {"uv": [7.5, 8, 7, 7.5], "texture": "#0"},
				"down": {"uv": [6.5, 7.5, 6, 8], "texture": "#0"}
			}
		},
		{
			"from": [8, 5.5, 7.65],
			"to": [9.5, 6, 8.35],
			"rotation": {"angle": 22.5, "axis": "x", "origin": [8, 3.2, 8]},
			"faces": {
				"north": {"uv": [6.5, 3.5, 8, 4], "texture": "#0"},
				"east": {"uv": [10.5, 0, 11, 0.5], "texture": "#0"},
				"south": {"uv": [6.5, 4, 8, 4.5], "texture": "#0"},
				"west": {"uv": [6, 8.5, 6.5, 9], "texture": "#0"},
				"up": {"uv": [3, 11, 1.5, 10.5], "texture": "#0"},
				"down": {"uv": [8, 4.5, 6.5, 5], "texture": "#0"}
			}
		},
		{
			"from": [7.75, 6.5, 7.65],
			"to": [8.25, 6.75, 8.35],
			"rotation": {"angle": 22.5, "axis": "x", "origin": [8, 3.2, 8]},
			"faces": {
				"north": {"uv": [2.5, 9.5, 3, 10], "texture": "#0"},
				"east": {"uv": [10.5, 0.5, 11, 1], "texture": "#0"},
				"south": {"uv": [9.5, 2, 10, 2.5], "texture": "#0"},
				"west": {"uv": [6.5, 6.5, 7, 7], "texture": "#0"},
				"up": {"uv": [2.5, 10, 2, 9.5], "texture": "#0"},
				"down": {"uv": [10, 2.5, 9.5, 3], "texture": "#0"}
			}
		},
		{
			"from": [8.5, 1, 7.65],
			"to": [10, 4, 8.35],
			"rotation": {"angle": 22.5, "axis": "x", "origin": [8, 3.2, 8]},
			"faces": {
				"north": {"uv": [0, 4.5, 1.5, 7.5], "texture": "#0"},
				"east": {"uv": [1.5, 7.5, 2, 10.5], "texture": "#0"},
				"south": {"uv": [1.5, 4.5, 3, 7.5], "texture": "#0"},
				"west": {"uv": [5, 3.5, 5.5, 6.5], "texture": "#0"},
				"up": {"uv": [8, 5.5, 6.5, 5], "texture": "#0"},
				"down": {"uv": [6.5, 7, 5, 7.5], "texture": "#0"}
			}
		},
		{
			"from": [8.5, 4, 7.65],
			"to": [8.8, 4.3, 8.35],
			"rotation": {"angle": 22.5, "axis": "x", "origin": [8, 3.2, 8]},
			"faces": {
				"north": {"uv": [10, 1, 10.5, 1.5], "texture": "#0"},
				"east": {"uv": [6.5, 7, 7, 7.5], "texture": "#0"},
				"south": {"uv": [10, 1.5, 10.5, 2], "texture": "#0"},
				"west": {"uv": [6.5, 7.5, 7, 8], "texture": "#0"},
				"up": {"uv": [11, 1.5, 10.5, 1], "texture": "#0"},
				"down": {"uv": [7, 8, 6.5, 8.5], "texture": "#0"}
			}
		},
		{
			"from": [8.5, 5.2, 7.65],
			"to": [8.8, 5.5, 8.35],
			"rotation": {"angle": 22.5, "axis": "x", "origin": [8, 3.2, 8]},
			"faces": {
				"north": {"uv": [10.5, 1.5, 11, 2], "texture": "#0"},
				"east": {"uv": [6.5, 8.5, 7, 9], "texture": "#0"},
				"south": {"uv": [9, 2, 9.5, 2.5], "texture": "#0"},
				"west": {"uv": [7, 8, 7.5, 8.5], "texture": "#0"},
				"up": {"uv": [9.5, 3, 9, 2.5], "texture": "#0"},
				"down": {"uv": [8, 8, 7.5, 8.5], "texture": "#0"}
			}
		},
		{
			"from": [9.7, 4, 7.65],
			"to": [10, 4.3, 8.35],
			"rotation": {"angle": 22.5, "axis": "x", "origin": [8, 3.2, 8]},
			"faces": {
				"north": {"uv": [8.5, 3.5, 9, 4], "texture": "#0"},
				"east": {"uv": [8, 3, 8.5, 3.5], "texture": "#0"},
				"south": {"uv": [8.5, 4, 9, 4.5], "texture": "#0"},
				"west": {"uv": [8.5, 5.5, 9, 6], "texture": "#0"},
				"up": {"uv": [9, 5, 8.5, 4.5], "texture": "#0"},
				"down": {"uv": [9, 3, 8.5, 3.5], "texture": "#0"}
			}
		},
		{
			"from": [5.5, 1.5, 7.65],
			"to": [6, 5, 8.35],
			"rotation": {"angle": 22.5, "axis": "x", "origin": [8, 3.2, 8]},
			"faces": {
				"north": {"uv": [0, 7.5, 0.5, 11], "texture": "#0"},
				"east": {"uv": [6, 0, 6.5, 3.5], "texture": "#0"},
				"south": {"uv": [0.5, 7.5, 1, 11], "texture": "#0"},
				"west": {"uv": [1, 7.5, 1.5, 11], "texture": "#0"},
				"up": {"uv": [9, 5.5, 8.5, 5], "texture": "#0"},
				"down": {"uv": [9, 6, 8.5, 6.5], "texture": "#0"}
			}
		},
		{
			"from": [5.25, 2.25, 7.65],
			"to": [5.5, 4.25, 8.35],
			"rotation": {"angle": 22.5, "axis": "x", "origin": [8, 3.2, 8]},
			"faces": {
				"north": {"uv": [4.5, 8, 5, 10], "texture": "#0"},
				"east": {"uv": [2, 7.5, 2.5, 9.5], "texture": "#0"},
				"south": {"uv": [6, 3.5, 6.5, 5.5], "texture": "#0"},
				"west": {"uv": [2.5, 7.5, 3, 9.5], "texture": "#0"},
				"up": {"uv": [8, 8, 7.5, 7.5], "texture": "#0"},
				"down": {"uv": [8.5, 6.5, 8, 7], "texture": "#0"}
			}
		},
		{
			"from": [7.45, 0, 7.8],
			"to": [8.55, 0.3, 8.2],
			"rotation": {"angle": 22.5, "axis": "x", "origin": [8, 3.2, 8]},
			"faces": {
				"north": {"uv": [2, 10, 3, 10.5], "texture": "#0"},
				"east": {"uv": [6, 8, 6.5, 8.5], "texture": "#0"},
				"south": {"uv": [9, 1, 10, 1.5], "texture": "#0"},
				"west": {"uv": [11, 0, 11.5, 0.5], "texture": "#0"},
				"up": {"uv": [6, 8, 5, 7.5], "texture": "#0"},
				"down": {"uv": [10, 1.5, 9, 2], "texture": "#0"}
			}
		},
		{
			"from": [7.6, 0.3, 7.9],
			"to": [8.4, 0.8, 8.1],
			"rotation": {"angle": 22.5, "axis": "x", "origin": [8, 3.2, 8]},
			"faces": {
				"north": {"uv": [5, 8, 6, 8.5], "texture": "#0"},
				"east": {"uv": [6, 9, 6.5, 9.5], "texture": "#0"},
				"south": {"uv": [5, 8.5, 6, 9], "texture": "#0"},
				"west": {"uv": [11, 0.5, 11.5, 1], "texture": "#0"},
				"up": {"uv": [6, 9.5, 5, 9], "texture": "#0"},
				"down": {"uv": [6, 9.5, 5, 10], "texture": "#0"}
			}
		}
	],
	"display": {
		"thirdperson_righthand": {
			"rotation": [55.75, 0, 0],
			"translation": [0, 3.75, 5]
		},
		"thirdperson_lefthand": {
			"rotation": [55.75, 0, 0],
			"translation": [0, 3.75, 5]
		},
		"firstperson_righthand": {
			"translation": [3.75, 4.25, 0]
		},
		"firstperson_lefthand": {
			"translation": [3.75, 4.25, 0]
		},
		"ground": {
			"translation": [0, 3.75, 0],
			"scale": [0.9, 0.9, 0.9]
		},
		"gui": {
			"rotation": [3, 180, 0],
			"translation": [0, 5.25, 0],
			"scale": [1.3, 1.3, 1.3]
		},
		"head": {
			"translation": [0, 20.75, 0],
			"scale": [1.8, 1.8, 1.8]
		},
		"fixed": {
			"rotation": [-90, 0, 0],
			"translation": [0, 0, -26.25],
			"scale": [3.25, 3.25, 3.25]
		}
	},
	"groups": [
		{
			"name": "group",
			"origin": [7, 4, 7],
			"color": 0,
			"children": [
				{
					"name": "group",
					"origin": [7, 4, 7],
					"color": 0,
					"children": [0, 1, 2, 3, 4, 5, 6, 7, 8, 9, 10, 11, 12, 13]
				},
				14,
				15
			]
		}
	]
}