{
    "question_block":{"category":"master", "sounds":["tychomeer_power_ups:question_block"]},
    "power_up":{"category":"master", "sounds":["tychomeer_power_ups:power_ups/power_up"]},
    "lose_power_up":{"category":"master", "sounds":["tychomeer_power_ups:power_ups/lose_power_up"]},
    "1-up":{"category":"master", "sounds":["tychomeer_power_ups:power_ups/1-up"]},
    "ice_projectile":{"category":"master", "sounds":["tychomeer_power_ups:power_ups/ice_projectile"]},
    "ice_hit":{"category":"master", "sounds":["tychomeer_power_ups:power_ups/ice_hit"]},
    "fire_projectile":{"category":"master", "sounds":["tychomeer_power_ups:power_ups/fire_projectile"]},
    "fire_hit":{"category":"master", "sounds":["tychomeer_power_ups:power_ups/fire_hit"]},
    "star":{"category":"master", "sounds":["tychomeer_power_ups:power_ups/star"]},
    "mini":{"category":"master", "sounds":["tychomeer_power_ups:power_ups/mini"]},
    "propeller":{"category":"master", "sounds":["tychomeer_power_ups:power_ups/propeller"]},
    "propeller_up":{"category":"master", "sounds":["tychomeer_power_ups:power_ups/propeller_up"]},
    "drill":{"category":"master", "sounds":["tychomeer_power_ups:power_ups/drill"]},
    "drill_hit":{"category":"master", "sounds":["tychomeer_power_ups:power_ups/drill_hit"]},
    "acorn":{"category":"master", "sounds":["tychomeer_power_ups:power_ups/acorn"]},
    "acorn_up":{"category":"master", "sounds":["tychomeer_power_ups:power_ups/acorn_up"]},
    "super_leaf":{"category":"master", "sounds":["tychomeer_power_ups:power_ups/super_leaf"]},
    "super_bell":{"category":"master", "sounds":["tychomeer_power_ups:power_ups/super_bell"]},
    "penguin_suit":{"category":"master", "sounds":["tychomeer_power_ups:power_ups/penguin_suit"]},
    "mega_mushroom":{"category":"master", "sounds":["tychomeer_power_ups:power_ups/mega_mushroom"]},
    "mega_mushroom_music":{"category":"master", "sounds":["tychomeer_power_ups:power_ups/mega_mushroom_music"]},
    "lose_mega_mushroom":{"category":"master", "sounds":["tychomeer_power_ups:power_ups/lose_mega_mushroom"]}
}
