{
	"credit": "Made with Blockbench",
	"texture_size": [64, 64],
	"textures": {
		"0": "custom:item/schilderijen/schilderij_rand1",
		"1": "custom:item/schilderijen/pixel_petrus_gerardus_vertin_plein",
		"particle": "custom:item/schilderijen/schilderij_rand1"
	},
	"elements": [
		{
			"from": [-0.25, 0, -4.25],
			"to": [1, 0.5, 20.25],
			"rotation": {"angle": 0, "axis": "y", "origin": [8, 0.4375, 8]},
			"faces": {
				"north": {"uv": [5.5, 6.75, 6, 7], "texture": "#0"},
				"east": {"uv": [0, 2, 8.5, 2.25], "texture": "#0"},
				"south": {"uv": [6.5, 6.5, 7, 6.75], "texture": "#0"},
				"west": {"uv": [0, 2.25, 8.5, 2.5], "texture": "#0"},
				"up": {"uv": [8.5, 0.5, 0, 0], "rotation": 90, "texture": "#0"},
				"down": {"uv": [8.5, 0.5, 0, 1], "rotation": 270, "texture": "#0"}
			}
		},
		{
			"from": [15, 0, 5],
			"to": [16.5, 1, 11],
			"rotation": {"angle": 0, "axis": "y", "origin": [8, 0.4375, 8]},
			"faces": {
				"north": {"uv": [4.5, 5.5, 5, 6], "texture": "#0"},
				"east": {"uv": [2, 4, 2.75, 4.5], "texture": "#0"},
				"south": {"uv": [5.5, 4, 6, 4.5], "texture": "#0"},
				"west": {"uv": [2.75, 4, 3.5, 4.5], "texture": "#0"},
				"up": {"uv": [4.25, 4.5, 3.5, 4], "rotation": 90, "texture": "#0"},
				"down": {"uv": [5, 4, 4.25, 4.5], "rotation": 270, "texture": "#0"}
			}
		},
		{
			"from": [-0.5, 0, 5],
			"to": [1, 1, 11],
			"rotation": {"angle": 0, "axis": "y", "origin": [8, 0.4375, 8]},
			"faces": {
				"north": {"uv": [5, 5.5, 5.5, 6], "texture": "#0"},
				"east": {"uv": [2, 4.5, 2.75, 5], "texture": "#0"},
				"south": {"uv": [5.5, 4.5, 6, 5], "texture": "#0"},
				"west": {"uv": [2.75, 4.5, 3.5, 5], "texture": "#0"},
				"up": {"uv": [4.25, 5, 3.5, 4.5], "rotation": 90, "texture": "#0"},
				"down": {"uv": [5, 4.5, 4.25, 5], "rotation": 270, "texture": "#0"}
			}
		},
		{
			"from": [15, 0, -4.25],
			"to": [16.25, 0.5, 20.25],
			"rotation": {"angle": 0, "axis": "y", "origin": [8, 0.4375, 8]},
			"faces": {
				"north": {"uv": [6.5, 6.75, 7, 7], "texture": "#0"},
				"east": {"uv": [0, 2.5, 8.5, 2.75], "texture": "#0"},
				"south": {"uv": [6, 6.75, 6.5, 7], "texture": "#0"},
				"west": {"uv": [0, 2.75, 8.5, 3], "texture": "#0"},
				"up": {"uv": [8.5, 1.5, 0, 1], "rotation": 90, "texture": "#0"},
				"down": {"uv": [8.5, 1.5, 0, 2], "rotation": 270, "texture": "#0"}
			}
		},
		{
			"from": [15, 0.5, 3],
			"to": [16.25, 0.75, 5],
			"rotation": {"angle": 0, "axis": "y", "origin": [8, 0.4375, 8]},
			"faces": {
				"north": {"uv": [2, 7.25, 2.5, 7.5], "texture": "#0"},
				"east": {"uv": [0.5, 7.25, 1, 7.5], "texture": "#0"},
				"south": {"uv": [1, 7.25, 1.5, 7.5], "texture": "#0"},
				"west": {"uv": [1.5, 7.25, 2, 7.5], "texture": "#0"},
				"up": {"uv": [7, 4, 6.5, 3.5], "rotation": 90, "texture": "#0"},
				"down": {"uv": [4.5, 6.5, 4, 7], "rotation": 270, "texture": "#0"}
			}
		},
		{
			"from": [-0.25, 0.5, 3],
			"to": [1, 0.75, 5],
			"rotation": {"angle": 0, "axis": "y", "origin": [8, 0.4375, 8]},
			"faces": {
				"north": {"uv": [6.5, 5.5, 7, 5.75], "texture": "#0"},
				"east": {"uv": [6.5, 5, 7, 5.25], "texture": "#0"},
				"south": {"uv": [6.5, 5.25, 7, 5.5], "texture": "#0"},
				"west": {"uv": [5.5, 6.5, 6, 6.75], "texture": "#0"},
				"up": {"uv": [2.5, 5.5, 2, 5], "rotation": 90, "texture": "#0"},
				"down": {"uv": [3, 5, 2.5, 5.5], "rotation": 270, "texture": "#0"}
			}
		},
		{
			"from": [-0.25, 0.5, 11],
			"to": [1, 0.75, 13],
			"rotation": {"angle": 0, "axis": "y", "origin": [8, 0.4375, 8]},
			"faces": {
				"north": {"uv": [4, 7.25, 4.5, 7.5], "texture": "#0"},
				"east": {"uv": [2.5, 7.25, 3, 7.5], "texture": "#0"},
				"south": {"uv": [3, 7.25, 3.5, 7.5], "texture": "#0"},
				"west": {"uv": [3.5, 7.25, 4, 7.5], "texture": "#0"},
				"up": {"uv": [7, 4.5, 6.5, 4], "rotation": 90, "texture": "#0"},
				"down": {"uv": [5, 6.5, 4.5, 7], "rotation": 270, "texture": "#0"}
			}
		},
		{
			"from": [15, 0.5, 11],
			"to": [16.25, 0.75, 13],
			"rotation": {"angle": 0, "axis": "y", "origin": [8, 0.4375, 8]},
			"faces": {
				"north": {"uv": [0, 7.25, 0.5, 7.5], "texture": "#0"},
				"east": {"uv": [7, 6.5, 7.5, 6.75], "texture": "#0"},
				"south": {"uv": [7, 6.75, 7.5, 7], "texture": "#0"},
				"west": {"uv": [7, 7, 7.5, 7.25], "texture": "#0"},
				"up": {"uv": [7, 3.5, 6.5, 3], "rotation": 90, "texture": "#0"},
				"down": {"uv": [4, 6.5, 3.5, 7], "rotation": 270, "texture": "#0"}
			}
		},
		{
			"from": [-0.5, 0, 19],
			"to": [1, 1, 20.5],
			"rotation": {"angle": 0, "axis": "y", "origin": [8, 0.4375, 18.875]},
			"faces": {
				"north": {"uv": [6, 4.5, 6.5, 5], "texture": "#0"},
				"east": {"uv": [4, 6, 4.5, 6.5], "texture": "#0"},
				"south": {"uv": [6, 4, 6.5, 4.5], "texture": "#0"},
				"west": {"uv": [4.5, 6, 5, 6.5], "texture": "#0"},
				"up": {"uv": [5.5, 6.5, 5, 6], "rotation": 90, "texture": "#0"},
				"down": {"uv": [6.5, 5, 6, 5.5], "rotation": 270, "texture": "#0"}
			}
		},
		{
			"from": [13, 0.5, 19],
			"to": [15, 0.75, 20.25],
			"rotation": {"angle": 0, "axis": "y", "origin": [8, 0.4375, 18.875]},
			"faces": {
				"north": {"uv": [7, 5.75, 7.5, 6], "texture": "#0"},
				"east": {"uv": [7, 5.25, 7.5, 5.5], "texture": "#0"},
				"south": {"uv": [5.5, 7, 6, 7.25], "texture": "#0"},
				"west": {"uv": [7, 5.5, 7.5, 5.75], "texture": "#0"},
				"up": {"uv": [6, 6.5, 5.5, 6], "rotation": 90, "texture": "#0"},
				"down": {"uv": [6.5, 5.5, 6, 6], "rotation": 270, "texture": "#0"}
			}
		},
		{
			"from": [1, 0.5, 19],
			"to": [3, 0.75, 20.25],
			"rotation": {"angle": 0, "axis": "y", "origin": [8, 0.4375, 18.875]},
			"faces": {
				"north": {"uv": [6, 7.25, 6.5, 7.5], "texture": "#0"},
				"east": {"uv": [4.5, 7.25, 5, 7.5], "texture": "#0"},
				"south": {"uv": [5, 7.25, 5.5, 7.5], "texture": "#0"},
				"west": {"uv": [5.5, 7.25, 6, 7.5], "texture": "#0"},
				"up": {"uv": [7, 5, 6.5, 4.5], "rotation": 90, "texture": "#0"},
				"down": {"uv": [5.5, 6.5, 5, 7], "rotation": 270, "texture": "#0"}
			}
		},
		{
			"from": [15, 0, 19],
			"to": [16.5, 1, 20.5],
			"rotation": {"angle": 0, "axis": "y", "origin": [8, 0.4375, 18.875]},
			"faces": {
				"north": {"uv": [1, 6.5, 1.5, 7], "texture": "#0"},
				"east": {"uv": [6, 6, 6.5, 6.5], "texture": "#0"},
				"south": {"uv": [0, 6.5, 0.5, 7], "texture": "#0"},
				"west": {"uv": [0.5, 6.5, 1, 7], "texture": "#0"},
				"up": {"uv": [2, 7, 1.5, 6.5], "rotation": 90, "texture": "#0"},
				"down": {"uv": [2.5, 6.5, 2, 7], "rotation": 270, "texture": "#0"}
			}
		},
		{
			"from": [15, 0.5, 17],
			"to": [16.25, 0.75, 19],
			"rotation": {"angle": 0, "axis": "y", "origin": [8, 0.4375, 18.875]},
			"faces": {
				"north": {"uv": [6.5, 7, 7, 7.25], "texture": "#0"},
				"east": {"uv": [6, 7, 6.5, 7.25], "texture": "#0"},
				"south": {"uv": [7, 6, 7.5, 6.25], "texture": "#0"},
				"west": {"uv": [7, 6.25, 7.5, 6.5], "texture": "#0"},
				"up": {"uv": [3, 7, 2.5, 6.5], "rotation": 90, "texture": "#0"},
				"down": {"uv": [3.5, 6.5, 3, 7], "rotation": 270, "texture": "#0"}
			}
		},
		{
			"from": [1, 0, 19],
			"to": [15, 0.5, 20.25],
			"rotation": {"angle": 0, "axis": "y", "origin": [8, 0.4375, 18.875]},
			"faces": {
				"north": {"uv": [2, 3.25, 5.5, 3.5], "texture": "#0"},
				"east": {"uv": [6.5, 5.75, 7, 6], "texture": "#0"},
				"south": {"uv": [2, 3, 5.5, 3.25], "texture": "#0"},
				"west": {"uv": [6, 6.5, 6.5, 6.75], "texture": "#0"},
				"up": {"uv": [0.5, 6.5, 0, 3], "rotation": 90, "texture": "#0"},
				"down": {"uv": [1, 3, 0.5, 6.5], "rotation": 270, "texture": "#0"}
			}
		},
		{
			"from": [-0.25, 0.5, 17],
			"to": [1, 0.75, 19],
			"rotation": {"angle": 0, "axis": "y", "origin": [8, 0.4375, 18.875]},
			"faces": {
				"north": {"uv": [7, 5, 7.5, 5.25], "texture": "#0"},
				"east": {"uv": [7, 4.5, 7.5, 4.75], "texture": "#0"},
				"south": {"uv": [7, 4.75, 7.5, 5], "texture": "#0"},
				"west": {"uv": [5, 7, 5.5, 7.25], "texture": "#0"},
				"up": {"uv": [6, 5.5, 5.5, 5], "rotation": 90, "texture": "#0"},
				"down": {"uv": [6, 5.5, 5.5, 6], "rotation": 270, "texture": "#0"}
			}
		},
		{
			"from": [15, 0.5, -3],
			"to": [16.25, 0.75, -1],
			"rotation": {"angle": 0, "axis": "y", "origin": [8, 0.4375, -2.875]},
			"faces": {
				"north": {"uv": [1.5, 7, 2, 7.25], "texture": "#0"},
				"east": {"uv": [0, 7, 0.5, 7.25], "texture": "#0"},
				"south": {"uv": [0.5, 7, 1, 7.25], "texture": "#0"},
				"west": {"uv": [1, 7, 1.5, 7.25], "texture": "#0"},
				"up": {"uv": [3.5, 5.5, 3, 5], "rotation": 90, "texture": "#0"},
				"down": {"uv": [4, 5, 3.5, 5.5], "rotation": 270, "texture": "#0"}
			}
		},
		{
			"from": [1, 0, -4.25],
			"to": [15, 0.5, -3],
			"rotation": {"angle": 0, "axis": "y", "origin": [8, 0.4375, -2.875]},
			"faces": {
				"north": {"uv": [2, 3.75, 5.5, 4], "texture": "#0"},
				"east": {"uv": [6.5, 6, 7, 6.25], "texture": "#0"},
				"south": {"uv": [2, 3.5, 5.5, 3.75], "texture": "#0"},
				"west": {"uv": [6.5, 6.25, 7, 6.5], "texture": "#0"},
				"up": {"uv": [1.5, 6.5, 1, 3], "rotation": 90, "texture": "#0"},
				"down": {"uv": [2, 3, 1.5, 6.5], "rotation": 270, "texture": "#0"}
			}
		},
		{
			"from": [13, 0.5, -4.25],
			"to": [15, 0.75, -3],
			"rotation": {"angle": 0, "axis": "y", "origin": [8, 0.4375, -2.875]},
			"faces": {
				"north": {"uv": [7, 3, 7.5, 3.25], "texture": "#0"},
				"east": {"uv": [2, 7, 2.5, 7.25], "texture": "#0"},
				"south": {"uv": [2.5, 7, 3, 7.25], "texture": "#0"},
				"west": {"uv": [3, 7, 3.5, 7.25], "texture": "#0"},
				"up": {"uv": [4.5, 5.5, 4, 5], "rotation": 90, "texture": "#0"},
				"down": {"uv": [5.5, 4, 5, 4.5], "rotation": 270, "texture": "#0"}
			}
		},
		{
			"from": [1, 0.5, -4.25],
			"to": [3, 0.75, -3],
			"rotation": {"angle": 0, "axis": "y", "origin": [8, 0.4375, -2.875]},
			"faces": {
				"north": {"uv": [7, 3.75, 7.5, 4], "texture": "#0"},
				"east": {"uv": [7, 3.25, 7.5, 3.5], "texture": "#0"},
				"south": {"uv": [3.5, 7, 4, 7.25], "texture": "#0"},
				"west": {"uv": [7, 3.5, 7.5, 3.75], "texture": "#0"},
				"up": {"uv": [5, 5.5, 4.5, 5], "rotation": 90, "texture": "#0"},
				"down": {"uv": [5.5, 4.5, 5, 5], "rotation": 270, "texture": "#0"}
			}
		},
		{
			"from": [-0.25, 0.5, -3],
			"to": [1, 0.75, -1],
			"rotation": {"angle": 0, "axis": "y", "origin": [8, 0.4375, -2.875]},
			"faces": {
				"north": {"uv": [4.5, 7, 5, 7.25], "texture": "#0"},
				"east": {"uv": [4, 7, 4.5, 7.25], "texture": "#0"},
				"south": {"uv": [7, 4, 7.5, 4.25], "texture": "#0"},
				"west": {"uv": [7, 4.25, 7.5, 4.5], "texture": "#0"},
				"up": {"uv": [5.5, 5.5, 5, 5], "rotation": 90, "texture": "#0"},
				"down": {"uv": [2.5, 5.5, 2, 6], "rotation": 270, "texture": "#0"}
			}
		},
		{
			"from": [15, 0, -4.5],
			"to": [16.5, 1, -3],
			"rotation": {"angle": 0, "axis": "y", "origin": [8, 0.4375, -2.875]},
			"faces": {
				"north": {"uv": [3.5, 5.5, 4, 6], "texture": "#0"},
				"east": {"uv": [2.5, 5.5, 3, 6], "texture": "#0"},
				"south": {"uv": [3, 5.5, 3.5, 6], "texture": "#0"},
				"west": {"uv": [5.5, 3, 6, 3.5], "texture": "#0"},
				"up": {"uv": [6, 4, 5.5, 3.5], "rotation": 90, "texture": "#0"},
				"down": {"uv": [4.5, 5.5, 4, 6], "rotation": 270, "texture": "#0"}
			}
		},
		{
			"from": [-0.5, 0, -4.5],
			"to": [1, 1, -3],
			"rotation": {"angle": 0, "axis": "y", "origin": [8, 0.4375, -2.875]},
			"faces": {
				"north": {"uv": [6, 3, 6.5, 3.5], "texture": "#0"},
				"east": {"uv": [2, 6, 2.5, 6.5], "texture": "#0"},
				"south": {"uv": [2.5, 6, 3, 6.5], "texture": "#0"},
				"west": {"uv": [3, 6, 3.5, 6.5], "texture": "#0"},
				"up": {"uv": [4, 6.5, 3.5, 6], "rotation": 90, "texture": "#0"},
				"down": {"uv": [6.5, 3.5, 6, 4], "rotation": 270, "texture": "#0"}
			}
		},
		{
			"from": [1, 0.1, -3],
			"to": [15, 0.1, 19],
			"rotation": {"angle": 0, "axis": "y", "origin": [0, 0.1, 6]},
			"faces": {
				"north": {"uv": [0, 0, 4, 0], "texture": "#1"},
				"east": {"uv": [0, 0, 3.5, 0], "texture": "#1"},
				"south": {"uv": [0, 0, 4, 0], "texture": "#1"},
				"west": {"uv": [0, 0, 3.5, 0], "texture": "#1"},
				"up": {"uv": [16, 16, 0, 0], "texture": "#1"},
				"down": {"uv": [16, 0, 0, 16], "texture": "#1"}
			}
		}
	],
	"display": {
		"thirdperson_righthand": {
			"translation": [0, 5, 0],
			"scale": [0.6, 0.6, 0.6]
		},
		"thirdperson_lefthand": {
			"translation": [0, 5, 0],
			"scale": [0.6, 0.6, 0.6]
		},
		"firstperson_righthand": {
			"rotation": [90, 180, 0],
			"translation": [4.75, 0.75, 1.75],
			"scale": [0.45, 0.45, 0.45]
		},
		"firstperson_lefthand": {
			"rotation": [90, 180, 0],
			"translation": [4.75, 0.75, 1.75],
			"scale": [0.45, 0.45, 0.45]
		},
		"ground": {
			"translation": [0, 0.5, 0],
			"scale": [0.5, 0.5, 0.5]
		},
		"gui": {
			"rotation": [-90, 0, 0],
			"scale": [0.4, 0.4, 0.4]
		},
		"head": {
			"translation": [0, 8, 0],
			"scale": [1.8, 1.8, 1.8]
		},
		"fixed": {
			"rotation": [-90, 0, 0],
			"translation": [0, 0, -14.5],
			"scale": [1.8, 1.8, 1.8]
		}
	},
	"groups": [
		{
			"name": "group",
			"origin": [0, 0, 0],
			"color": 0,
			"children": [
				0,
				1,
				2,
				3,
				4,
				5,
				6,
				7,
				{
					"name": "group",
					"origin": [8, 0.4375, 8],
					"color": 0,
					"children": [8, 9, 10, 11, 12, 13, 14]
				},
				{
					"name": "group",
					"origin": [8, 0.4375, 8],
					"color": 0,
					"children": [15, 16, 17, 18, 19, 20, 21]
				}
			]
		},
		22
	]
}