{
	"credit": "Made with Blockbench",
	"texture_size": [64, 64],
	"textures": {
		"0": "custom:item/molens/molen",
		"1": "custom:item/molens/wieken",
		"particle": "custom:item/molens/molen"
	},
	"elements": [
		{
			"from": [1, 3, 3.83175],
			"to": [15, 17, 3.83175],
			"rotation": {"angle": 0, "axis": "y", "origin": [8, 5.5, 6.01587]},
			"faces": {
				"north": {"uv": [14, 0, 0, 14], "texture": "#1"},
				"east": {"uv": [0, 0, 0, 3.5], "texture": "#1"},
				"south": {"uv": [0, 0, 14, 14], "texture": "#1"},
				"west": {"uv": [0, 0, 0, 3.5], "texture": "#1"},
				"up": {"uv": [3.5, 0, 0, 0], "rotation": 180, "texture": "#1"},
				"down": {"uv": [3.5, 0, 0, 0], "rotation": 180, "texture": "#1"}
			}
		},
		{
			"from": [4, 8.07361, 4.52472],
			"to": [12, 9.07361, 8.52472],
			"rotation": {"angle": 22.5, "axis": "x", "origin": [8, 5.5, 6.01587]},
			"faces": {
				"north": {"uv": [3.5, 11, 5.5, 11.25], "texture": "#0"},
				"east": {"uv": [11.5, 6.75, 12.5, 7], "texture": "#0"},
				"south": {"uv": [10, 5.5, 12, 5.75], "texture": "#0"},
				"west": {"uv": [11.25, 3.25, 12.25, 3.5], "texture": "#0"},
				"up": {"uv": [8.5, 3.5, 6.5, 2.5], "rotation": 180, "texture": "#0"},
				"down": {"uv": [8.5, 3.5, 6.5, 4.5], "rotation": 180, "texture": "#0"}
			}
		},
		{
			"from": [4.5, 8.07361, 4.02472],
			"to": [11.5, 9.57361, 9.02472],
			"rotation": {"angle": 22.5, "axis": "x", "origin": [8, 5.5, 6.01587]},
			"faces": {
				"north": {"uv": [10, 5, 11.75, 5.5], "texture": "#0"},
				"east": {"uv": [0, 11, 1.25, 11.5], "texture": "#0"},
				"south": {"uv": [10, 4.5, 11.75, 5], "texture": "#0"},
				"west": {"uv": [10.5, 10.75, 11.75, 11.25], "texture": "#0"},
				"up": {"uv": [8.25, 1.25, 6.5, 0], "rotation": 180, "texture": "#0"},
				"down": {"uv": [8.25, 1.25, 6.5, 2.5], "rotation": 180, "texture": "#0"}
			}
		},
		{
			"from": [5, 8.07361, 3.52472],
			"to": [11, 10.07361, 9.52472],
			"rotation": {"angle": 22.5, "axis": "x", "origin": [8, 5.5, 6.01587]},
			"faces": {
				"north": {"uv": [10, 10.25, 11.5, 10.75], "texture": "#0"},
				"east": {"uv": [0, 10.5, 1.5, 11], "texture": "#0"},
				"south": {"uv": [10, 9.25, 11.5, 9.75], "texture": "#0"},
				"west": {"uv": [10, 9.75, 11.5, 10.25], "texture": "#0"},
				"up": {"uv": [5, 1.5, 3.5, 0], "rotation": 180, "texture": "#0"},
				"down": {"uv": [5, 1.5, 3.5, 3], "rotation": 180, "texture": "#0"}
			}
		},
		{
			"from": [5.5, 8.07361, 3.52472],
			"to": [10.5, 9.57361, 9.77472],
			"rotation": {"angle": 22.5, "axis": "x", "origin": [8, 5.5, 6.01587]},
			"faces": {
				"north": {"uv": [9.25, 10.75, 10.5, 11.25], "texture": "#0"},
				"east": {"uv": [10, 8.75, 11.5, 9.25], "texture": "#0"},
				"south": {"uv": [8, 10.75, 9.25, 11.25], "texture": "#0"},
				"west": {"uv": [10, 8.25, 11.5, 8.75], "texture": "#0"},
				"up": {"uv": [2.25, 8.5, 1, 7], "rotation": 180, "texture": "#0"},
				"down": {"uv": [3.5, 7, 2.25, 8.5], "rotation": 180, "texture": "#0"}
			}
		},
		{
			"from": [6, 8.07361, 3.52472],
			"to": [10, 10.07361, 10.27472],
			"rotation": {"angle": 22.5, "axis": "x", "origin": [8, 5.5, 6.01587]},
			"faces": {
				"north": {"uv": [11.25, 2.75, 12.25, 3.25], "texture": "#0"},
				"east": {"uv": [10, 4, 11.75, 4.5], "texture": "#0"},
				"south": {"uv": [5.5, 11, 6.5, 11.5], "texture": "#0"},
				"west": {"uv": [10, 3.5, 11.75, 4], "texture": "#0"},
				"up": {"uv": [8.5, 8.25, 7.5, 6.5], "rotation": 180, "texture": "#0"},
				"down": {"uv": [9.25, 0, 8.25, 1.75], "rotation": 180, "texture": "#0"}
			}
		},
		{
			"from": [6, 8.99749, 3.14203],
			"to": [10, 10.49749, 9.64203],
			"rotation": {"angle": 22.5, "axis": "x", "origin": [8, 5.5, 6.01587]},
			"faces": {
				"north": {"uv": [4.5, 11.25, 5.5, 11.75], "texture": "#0"},
				"east": {"uv": [10, 7.75, 11.75, 8.25], "texture": "#0"},
				"south": {"uv": [3.5, 11.25, 4.5, 11.75], "texture": "#0"},
				"west": {"uv": [5.5, 10, 7.25, 10.5], "texture": "#0"},
				"up": {"uv": [8.5, 10, 7.5, 8.25], "rotation": 180, "texture": "#0"},
				"down": {"uv": [2, 8.5, 1, 10.25], "rotation": 180, "texture": "#0"}
			}
		},
		{
			"from": [5.5, 7.74749, 3.14203],
			"to": [10.5, 10.49749, 9.14203],
			"rotation": {"angle": 22.5, "axis": "x", "origin": [8, 5.5, 6.01587]},
			"faces": {
				"north": {"uv": [10, 2.75, 11.25, 3.5], "texture": "#0"},
				"east": {"uv": [8.5, 8.5, 10, 9.25], "texture": "#0"},
				"south": {"uv": [4.25, 9.75, 5.5, 10.5], "texture": "#0"},
				"west": {"uv": [8.5, 7.75, 10, 8.5], "texture": "#0"},
				"up": {"uv": [4.75, 9, 3.5, 7.5], "rotation": 180, "texture": "#0"},
				"down": {"uv": [6, 7.5, 4.75, 9], "rotation": 180, "texture": "#0"}
			}
		},
		{
			"from": [6, 8.99749, 3.14203],
			"to": [10, 10.99749, 9.14203],
			"rotation": {"angle": 22.5, "axis": "x", "origin": [8, 5.5, 6.01587]},
			"faces": {
				"north": {"uv": [8, 11.25, 9, 11.75], "texture": "#0"},
				"east": {"uv": [5, 10.5, 6.5, 11], "texture": "#0"},
				"south": {"uv": [11.25, 5.75, 12.25, 6.25], "texture": "#0"},
				"west": {"uv": [3.5, 10.5, 5, 11], "texture": "#0"},
				"up": {"uv": [7, 10, 6, 8.5], "rotation": 180, "texture": "#0"},
				"down": {"uv": [9.5, 6.25, 8.5, 7.75], "rotation": 180, "texture": "#0"}
			}
		},
		{
			"from": [6, 8, 3.93175],
			"to": [10, 11, 5.93175],
			"rotation": {"angle": 0, "axis": "x", "origin": [8, 5.5, 6.01587]},
			"faces": {
				"north": {"uv": [10.75, 0, 11.75, 0.75], "texture": "#0"},
				"east": {"uv": [1, 11.5, 1.5, 12.25], "texture": "#0"},
				"south": {"uv": [7.25, 10, 8.25, 10.75], "texture": "#0"},
				"west": {"uv": [6, 7.5, 6.5, 8.25], "texture": "#0"},
				"up": {"uv": [10, 11.75, 9, 11.25], "rotation": 180, "texture": "#0"},
				"down": {"uv": [11, 11.25, 10, 11.75], "rotation": 180, "texture": "#0"}
			}
		},
		{
			"from": [5, 2, 6.43175],
			"to": [11, 8, 9.43175],
			"rotation": {"angle": 0, "axis": "y", "origin": [8, 5.5, 6.01587]},
			"faces": {
				"north": {"uv": [3.5, 4.5, 5, 6], "texture": "#0"},
				"east": {"uv": [3.5, 9, 4.25, 10.5], "texture": "#0"},
				"south": {"uv": [3.5, 3, 5, 4.5], "texture": "#0"},
				"west": {"uv": [0, 9, 0.75, 10.5], "texture": "#0"},
				"up": {"uv": [5.75, 9.75, 4.25, 9], "rotation": 180, "texture": "#0"},
				"down": {"uv": [10.75, 0, 9.25, 0.75], "rotation": 180, "texture": "#0"}
			}
		},
		{
			"from": [4, 0, 5.93175],
			"to": [12, 2, 9.93175],
			"rotation": {"angle": 0, "axis": "y", "origin": [8, 5.5, 6.01587]},
			"faces": {
				"north": {"uv": [9.5, 6.25, 11.5, 6.75], "texture": "#0"},
				"east": {"uv": [0, 11.5, 1, 12], "texture": "#0"},
				"south": {"uv": [9.25, 5.75, 11.25, 6.25], "texture": "#0"},
				"west": {"uv": [11, 11.25, 12, 11.75], "texture": "#0"},
				"up": {"uv": [8.5, 5.5, 6.5, 4.5], "rotation": 180, "texture": "#0"},
				"down": {"uv": [8.5, 5.5, 6.5, 6.5], "rotation": 180, "texture": "#0"}
			}
		},
		{
			"from": [8.31154, 8, 3.65523],
			"to": [10.36154, 9, 4.55523],
			"rotation": {"angle": -45, "axis": "y", "origin": [8, 5.5, 6.01587]},
			"faces": {
				"north": {"uv": [5.5, 9.75, 6, 10], "texture": "#0"},
				"east": {"uv": [8.25, 2, 8.5, 2.25], "texture": "#0"},
				"south": {"uv": [6, 8.25, 6.5, 8.5], "texture": "#0"},
				"west": {"uv": [8.25, 1.75, 8.5, 2], "texture": "#0"},
				"up": {"uv": [1.25, 10.5, 0.75, 10.25], "rotation": 180, "texture": "#0"},
				"down": {"uv": [12, 7, 11.5, 7.25], "rotation": 180, "texture": "#0"}
			}
		},
		{
			"from": [8.31154, 2, 4.15523],
			"to": [10.36154, 8, 10.55523],
			"rotation": {"angle": -45, "axis": "y", "origin": [8, 5.5, 6.01587]},
			"faces": {
				"north": {"uv": [1.5, 10.25, 2, 11.75], "texture": "#0"},
				"east": {"uv": [5, 1.5, 6.5, 3], "texture": "#0"},
				"south": {"uv": [7, 8.5, 7.5, 10], "texture": "#0"},
				"west": {"uv": [5, 0, 6.5, 1.5], "texture": "#0"},
				"up": {"uv": [7, 12, 6.5, 10.5], "rotation": 180, "texture": "#0"},
				"down": {"uv": [2.5, 10.75, 2, 12.25], "rotation": 180, "texture": "#0"}
			}
		},
		{
			"from": [7.91154, 0, 3.10523],
			"to": [10.76154, 2, 11.60523],
			"rotation": {"angle": -45, "axis": "y", "origin": [8, 5.5, 6.01587]},
			"faces": {
				"north": {"uv": [11.5, 2.25, 12.25, 2.75], "texture": "#0"},
				"east": {"uv": [9.25, 1.25, 11.5, 1.75], "texture": "#0"},
				"south": {"uv": [11.5, 1.75, 12.25, 2.25], "texture": "#0"},
				"west": {"uv": [9.25, 0.75, 11.5, 1.25], "texture": "#0"},
				"up": {"uv": [9.25, 4, 8.5, 1.75], "rotation": 180, "texture": "#0"},
				"down": {"uv": [2.75, 8.5, 2, 10.75], "rotation": 180, "texture": "#0"}
			}
		},
		{
			"from": [5.62352, 8, 6.36723],
			"to": [6.57352, 9, 8.41723],
			"rotation": {"angle": -45, "axis": "y", "origin": [8, 5.5, 6.01587]},
			"faces": {
				"north": {"uv": [0.75, 9, 1, 9.25], "texture": "#0"},
				"east": {"uv": [11.5, 7.25, 12, 7.5], "texture": "#0"},
				"south": {"uv": [8.25, 2.25, 8.5, 2.5], "texture": "#0"},
				"west": {"uv": [11.5, 7.5, 12, 7.75], "texture": "#0"},
				"up": {"uv": [12, 8.5, 11.5, 8.25], "rotation": 90, "texture": "#0"},
				"down": {"uv": [12, 8.5, 11.5, 8.75], "rotation": 270, "texture": "#0"}
			}
		},
		{
			"from": [6.12352, 2, 6.36723],
			"to": [12.57352, 8, 8.41723],
			"rotation": {"angle": -45, "axis": "y", "origin": [8, 5.5, 6.01587]},
			"faces": {
				"north": {"uv": [5, 4.5, 6.5, 6], "texture": "#0"},
				"east": {"uv": [2.5, 10.75, 3, 12.25], "texture": "#0"},
				"south": {"uv": [5, 3, 6.5, 4.5], "texture": "#0"},
				"west": {"uv": [3, 10.75, 3.5, 12.25], "texture": "#0"},
				"up": {"uv": [7.5, 12.25, 7, 10.75], "rotation": 90, "texture": "#0"},
				"down": {"uv": [8, 10.75, 7.5, 12.25], "rotation": 270, "texture": "#0"}
			}
		},
		{
			"from": [5.12352, 0, 5.96723],
			"to": [13.62352, 2, 8.81723],
			"rotation": {"angle": -45, "axis": "y", "origin": [8, 5.5, 6.01587]},
			"faces": {
				"north": {"uv": [9.25, 2.25, 11.5, 2.75], "texture": "#0"},
				"east": {"uv": [5.5, 11.5, 6.25, 12], "texture": "#0"},
				"south": {"uv": [9.25, 1.75, 11.5, 2.25], "texture": "#0"},
				"west": {"uv": [11.5, 6.25, 12.25, 6.75], "texture": "#0"},
				"up": {"uv": [3.5, 10.75, 2.75, 8.5], "rotation": 90, "texture": "#0"},
				"down": {"uv": [9.25, 4, 8.5, 6.25], "rotation": 270, "texture": "#0"}
			}
		},
		{
			"from": [6.5, 2, 4.93175],
			"to": [9.5, 8, 10.93175],
			"rotation": {"angle": 0, "axis": "y", "origin": [8, 5.5, 6.01587]},
			"faces": {
				"north": {"uv": [9.25, 4.25, 10, 5.75], "texture": "#0"},
				"east": {"uv": [5, 6, 6.5, 7.5], "texture": "#0"},
				"south": {"uv": [9.25, 2.75, 10, 4.25], "texture": "#0"},
				"west": {"uv": [3.5, 6, 5, 7.5], "texture": "#0"},
				"up": {"uv": [9.25, 10.75, 8.5, 9.25], "rotation": 180, "texture": "#0"},
				"down": {"uv": [10, 9.25, 9.25, 10.75], "rotation": 180, "texture": "#0"}
			}
		},
		{
			"from": [6, 0, 3.93175],
			"to": [10, 2, 11.93175],
			"rotation": {"angle": 0, "axis": "y", "origin": [8, 5.5, 6.01587]},
			"faces": {
				"north": {"uv": [11.5, 1.25, 12.5, 1.75], "texture": "#0"},
				"east": {"uv": [9.5, 7.25, 11.5, 7.75], "texture": "#0"},
				"south": {"uv": [11.5, 0.75, 12.5, 1.25], "texture": "#0"},
				"west": {"uv": [9.5, 6.75, 11.5, 7.25], "texture": "#0"},
				"up": {"uv": [7.5, 8.5, 6.5, 6.5], "rotation": 180, "texture": "#0"},
				"down": {"uv": [1, 7, 0, 9], "rotation": 180, "texture": "#0"}
			}
		}
	],
	"display": {
		"thirdperson_righthand": {
			"translation": [0, 1.75, -0.5],
			"scale": [0.6, 0.6, 0.6]
		},
		"thirdperson_lefthand": {
			"translation": [0, 1.75, -0.5],
			"scale": [0.6, 0.6, 0.6]
		},
		"firstperson_righthand": {
			"translation": [2.25, 3.25, 0]
		},
		"firstperson_lefthand": {
			"translation": [2.25, 3.25, 0]
		},
		"gui": {
			"rotation": [0, 180, 0]
		},
		"head": {
			"translation": [0, 14.25, 0]
		},
		"fixed": {
			"rotation": [-90, 0, 0],
			"translation": [0, 0, -15],
			"scale": [2, 2, 2]
		}
	},
	"groups": [
		{
			"name": "group",
			"origin": [8, 8, 8],
			"color": 0,
			"children": [
				0,
				{
					"name": "group",
					"origin": [8, 5.5, 9.86587],
					"color": 0,
					"children": [1, 2, 3, 4, 5, 6, 7, 8, 9]
				},
				10,
				11,
				12,
				13,
				14,
				15,
				16,
				17,
				18,
				19
			]
		}
	]
}