{
	"credit": "Made with Blockbench",
	"texture_size": [64, 64],
	"textures": {
		"0": "custom:item/mario/toad_hoeden/groen",
		"particle": "custom:item/mario/toad_hoeden/groen"
	},
	"elements": [
		{
			"from": [3, 0.25, 3],
			"to": [13, 8.25, 13],
			"rotation": {"angle": 0, "axis": "y", "origin": [7, 0.25, 7]},
			"faces": {
				"north": {"uv": [4.5, 4, 7, 6], "texture": "#0"},
				"east": {"uv": [0, 5, 2.5, 7], "texture": "#0"},
				"south": {"uv": [2.5, 6, 5, 8], "texture": "#0"},
				"west": {"uv": [5, 6, 7.5, 8], "texture": "#0"},
				"up": {"uv": [2.5, 2.5, 0, 0], "texture": "#0"},
				"down": {"uv": [2.5, 2.5, 0, 5], "texture": "#0"}
			}
		},
		{
			"from": [4, 1.25, 2],
			"to": [12, 7.25, 14],
			"rotation": {"angle": 0, "axis": "y", "origin": [7, 0.25, 7]},
			"faces": {
				"north": {"uv": [8, 9.25, 10, 10.75], "texture": "#0"},
				"east": {"uv": [7, 4, 10, 5.5], "texture": "#0"},
				"south": {"uv": [9.5, 7, 11.5, 8.5], "texture": "#0"},
				"west": {"uv": [7.5, 0, 10.5, 1.5], "texture": "#0"},
				"up": {"uv": [4.5, 3, 2.5, 0], "texture": "#0"},
				"down": {"uv": [4.5, 3, 2.5, 6], "texture": "#0"}
			}
		},
		{
			"from": [2, 1.25, 4],
			"to": [14, 7.25, 12],
			"rotation": {"angle": 0, "axis": "y", "origin": [7, 0.25, 7]},
			"faces": {
				"north": {"uv": [7.5, 1.5, 10.5, 3], "texture": "#0"},
				"east": {"uv": [10, 3, 12, 4.5], "texture": "#0"},
				"south": {"uv": [7.5, 5.5, 10.5, 7], "texture": "#0"},
				"west": {"uv": [10, 8.5, 12, 10], "texture": "#0"},
				"up": {"uv": [7.5, 2, 4.5, 0], "texture": "#0"},
				"down": {"uv": [7.5, 2, 4.5, 4], "texture": "#0"}
			}
		},
		{
			"from": [4, 0, 4],
			"to": [12, 9.25, 12],
			"rotation": {"angle": 0, "axis": "y", "origin": [7, 0.25, 7]},
			"faces": {
				"north": {"uv": [0, 7, 2, 9.25], "texture": "#0"},
				"east": {"uv": [7.5, 7, 9.5, 9.25], "texture": "#0"},
				"south": {"uv": [2, 8, 4, 10.25], "texture": "#0"},
				"west": {"uv": [4, 8, 6, 10.25], "texture": "#0"},
				"up": {"uv": [2, 11.25, 0, 9.25], "texture": "#0"},
				"down": {"uv": [8, 9.25, 6, 11.25], "texture": "#0"}
			}
		}
	],
	"display": {
		"thirdperson_righthand": {
			"translation": [0, 4.5, 0],
			"scale": [0.8, 0.8, 0.8]
		},
		"thirdperson_lefthand": {
			"translation": [0, 4.5, 0],
			"scale": [0.8, 0.8, 0.8]
		},
		"firstperson_righthand": {
			"translation": [3.5, 1.5, 0]
		},
		"firstperson_lefthand": {
			"translation": [3.5, 1.5, 0]
		},
		"ground": {
			"translation": [0, 3.5, 0],
			"scale": [0.8, 0.8, 0.8]
		},
		"gui": {
			"rotation": [30, 225, 0],
			"translation": [0, 1.25, 0],
			"scale": [0.625, 0.625, 0.625]
		},
		"head": {
			"rotation": [9.25, 0, 0],
			"translation": [0, 14.5, 2.25],
			"scale": [1.85, 1.85, 1.85]
		},
		"fixed": {
			"rotation": [-90, 0, 0],
			"translation": [0, 0, -9],
			"scale": [1.2, 1.2, 1.2]
		}
	},
	"groups": [
		{
			"name": "group",
			"origin": [8, 8, 8],
			"color": 0,
			"children": [0, 1, 2, 3]
		}
	]
}