{
	"credit": "Made with Blockbench",
	"texture_size": [64, 64],
	"textures": {
		"0": "custom:item/hoedjes/piraten/driesteek",
		"particle": "custom:item/hoedjes/piraten/driesteek"
	},
	"elements": [
		{
			"from": [6, 0, 2.5],
			"to": [10, 1.75, 3],
			"rotation": {"angle": 0, "axis": "y", "origin": [8, 0.5, 9.29627]},
			"faces": {
				"north": {"uv": [1, 5.25, 2, 5.75], "texture": "#0"},
				"east": {"uv": [2.25, 7, 2.5, 7.5], "texture": "#0"},
				"south": {"uv": [0, 6.75, 1, 7.25], "texture": "#0"},
				"west": {"uv": [2.5, 7, 2.75, 7.5], "texture": "#0"},
				"up": {"uv": [2, 6, 1, 5.75], "texture": "#0"},
				"down": {"uv": [4.5, 5.75, 3.5, 6], "texture": "#0"}
			}
		},
		{
			"from": [6, 0, 11],
			"to": [10, 1.75, 11.5],
			"rotation": {"angle": 0, "axis": "y", "origin": [8, 0.5, 17.79627]},
			"faces": {
				"north": {"uv": [6.75, 0.25, 7.75, 0.75], "texture": "#0"},
				"east": {"uv": [2.75, 7, 3, 7.5], "texture": "#0"},
				"south": {"uv": [6.75, 0.75, 7.75, 1.25], "texture": "#0"},
				"west": {"uv": [6, 7, 6.25, 7.5], "texture": "#0"},
				"up": {"uv": [6.5, 7, 5.5, 6.75], "texture": "#0"},
				"down": {"uv": [7.5, 6.75, 6.5, 7], "texture": "#0"}
			}
		},
		{
			"from": [3.9, 0, 2.75],
			"to": [12.1, 2.75, 11],
			"rotation": {"angle": 0, "axis": "y", "origin": [8, 0.5, 9.29627]},
			"faces": {
				"north": {"uv": [1, 6, 3, 6.5], "texture": "#0"},
				"east": {"uv": [3, 6, 5, 6.5], "texture": "#0"},
				"south": {"uv": [5, 6, 7, 6.5], "texture": "#0"},
				"west": {"uv": [1, 6.5, 3, 7], "texture": "#0"},
				"up": {"uv": [2, 2, 0, 0], "texture": "#0"},
				"down": {"uv": [2, 2, 0, 4], "texture": "#0"}
			}
		},
		{
			"from": [3.5, 0, 4.75],
			"to": [4, 1.75, 9],
			"rotation": {"angle": 0, "axis": "y", "origin": [8, 0.5, 9.29627]},
			"faces": {
				"north": {"uv": [7, 6, 7.25, 6.5], "texture": "#0"},
				"east": {"uv": [6.75, 1.25, 7.75, 1.75], "texture": "#0"},
				"south": {"uv": [6.25, 7, 6.5, 7.5], "texture": "#0"},
				"west": {"uv": [6.75, 2.5, 7.75, 3], "texture": "#0"},
				"up": {"uv": [1.5, 5, 1.25, 4], "texture": "#0"},
				"down": {"uv": [1.75, 4, 1.5, 5], "texture": "#0"}
			}
		},
		{
			"from": [12, 0, 4.75],
			"to": [12.5, 1.75, 9],
			"rotation": {"angle": 0, "axis": "y", "origin": [16.5, 0.5, 9.29627]},
			"faces": {
				"north": {"uv": [6.5, 7, 6.75, 7.5], "texture": "#0"},
				"east": {"uv": [6.75, 3, 7.75, 3.5], "texture": "#0"},
				"south": {"uv": [6.75, 7, 7, 7.5], "texture": "#0"},
				"west": {"uv": [6.75, 3.5, 7.75, 4], "texture": "#0"},
				"up": {"uv": [2, 5, 1.75, 4], "texture": "#0"},
				"down": {"uv": [1.25, 7, 1, 8], "texture": "#0"}
			}
		},
		{
			"from": [4.75, 0, 5],
			"to": [11.25, 0, 10],
			"rotation": {"angle": 0, "axis": "y", "origin": [8, 0.5, 9.29627]},
			"faces": {
				"north": {"uv": [0, 0, 1.75, 0], "texture": "#0"},
				"east": {"uv": [0, 0, 1.25, 0], "texture": "#0"},
				"south": {"uv": [0, 0, 1.75, 0], "texture": "#0"},
				"west": {"uv": [0, 0, 1.25, 0], "texture": "#0"},
				"up": {"uv": [5.25, 1.25, 3.5, 0], "texture": "#0"},
				"down": {"uv": [5.25, 1.25, 3.5, 2.5], "texture": "#0"}
			}
		},
		{
			"from": [3.75, 0, 10],
			"to": [12.25, 0, 12],
			"rotation": {"angle": 0, "axis": "y", "origin": [8, 0.5, 9.29627]},
			"faces": {
				"north": {"uv": [0, 0, 2.25, 0], "texture": "#0"},
				"east": {"uv": [0, 0, 0.5, 0], "texture": "#0"},
				"south": {"uv": [0, 0, 2.25, 0], "texture": "#0"},
				"west": {"uv": [0, 0, 0.5, 0], "texture": "#0"},
				"up": {"uv": [8, 5.5, 5.75, 5], "texture": "#0"},
				"down": {"uv": [8, 5.5, 5.75, 6], "texture": "#0"}
			}
		},
		{
			"from": [5.75, 0, -1.25],
			"to": [10.25, 0, 4],
			"rotation": {"angle": 0, "axis": "y", "origin": [8, 0.5, 1.29627]},
			"faces": {
				"north": {"uv": [0, 0, 1.25, 0], "texture": "#0"},
				"east": {"uv": [0, 0, 1.25, 0], "texture": "#0"},
				"south": {"uv": [0, 0, 1.25, 0], "texture": "#0"},
				"west": {"uv": [0, 0, 1.25, 0], "texture": "#0"},
				"up": {"uv": [1.25, 5.25, 0, 4], "texture": "#0"},
				"down": {"uv": [4.75, 4.5, 3.5, 5.75], "texture": "#0"}
			}
		},
		{
			"from": [10.74814, 0, 1.58821],
			"to": [13.24814, 0, 13.33821],
			"rotation": {"angle": 22.5, "axis": "y", "origin": [9.5, 0.5, 8.79627]},
			"faces": {
				"north": {"uv": [0, 0, 0.75, 0], "texture": "#0"},
				"east": {"uv": [0, 0, 3, 0], "texture": "#0"},
				"south": {"uv": [0, 0, 0.75, 0], "texture": "#0"},
				"west": {"uv": [0, 0, 3, 0], "texture": "#0"},
				"up": {"uv": [2.75, 3, 2, 0], "texture": "#0"},
				"down": {"uv": [3.5, 0, 2.75, 3], "texture": "#0"}
			}
		},
		{
			"from": [13.24814, 0, -0.41179],
			"to": [14.24814, 2, 12.58821],
			"rotation": {"angle": 22.5, "axis": "y", "origin": [9.5, 0.5, 8.79627]},
			"faces": {
				"north": {"uv": [7, 7, 7.25, 7.5], "texture": "#0"},
				"east": {"uv": [3.5, 2.5, 6.75, 3], "texture": "#0"},
				"south": {"uv": [0, 7.25, 0.25, 7.75], "texture": "#0"},
				"west": {"uv": [3.5, 3, 6.75, 3.5], "texture": "#0"},
				"up": {"uv": [3.25, 9.75, 3, 6.5], "texture": "#0"},
				"down": {"uv": [3.5, 6.5, 3.25, 9.75], "texture": "#0"}
			}
		},
		{
			"from": [2.5, 0, 12],
			"to": [13.5, 2, 13],
			"rotation": {"angle": 0, "axis": "y", "origin": [8, 0.5, 9.29627]},
			"faces": {
				"north": {"uv": [5.25, 2, 8, 2.5], "texture": "#0"},
				"east": {"uv": [0.25, 7.25, 0.5, 7.75], "texture": "#0"},
				"south": {"uv": [5.75, 4.5, 8.5, 5], "texture": "#0"},
				"west": {"uv": [0.5, 7.25, 0.75, 7.75], "texture": "#0"},
				"up": {"uv": [6.75, 6.75, 4, 6.5], "texture": "#0"},
				"down": {"uv": [9.5, 0, 6.75, 0.25], "texture": "#0"}
			}
		},
		{
			"from": [2.75186, 0, 1.58821],
			"to": [5.25186, 0, 13.33821],
			"rotation": {"angle": -22.5, "axis": "y", "origin": [6.5, 0.5, 8.79627]},
			"faces": {
				"north": {"uv": [0, 0, 0.75, 0], "texture": "#0"},
				"east": {"uv": [0, 0, 3, 0], "texture": "#0"},
				"south": {"uv": [0, 0, 0.75, 0], "texture": "#0"},
				"west": {"uv": [0, 0, 3, 0], "texture": "#0"},
				"up": {"uv": [2.75, 6, 2, 3], "texture": "#0"},
				"down": {"uv": [3.5, 3, 2.75, 6], "texture": "#0"}
			}
		},
		{
			"from": [1.75186, 0, -0.41179],
			"to": [2.75186, 2, 12.58821],
			"rotation": {"angle": -22.5, "axis": "y", "origin": [6.5, 0.5, 8.79627]},
			"faces": {
				"north": {"uv": [0.75, 7.25, 1, 7.75], "texture": "#0"},
				"east": {"uv": [3.5, 3.5, 6.75, 4], "texture": "#0"},
				"south": {"uv": [1.25, 7.25, 1.5, 7.75], "texture": "#0"},
				"west": {"uv": [3.5, 4, 6.75, 4.5], "texture": "#0"},
				"up": {"uv": [3.75, 9.75, 3.5, 6.5], "texture": "#0"},
				"down": {"uv": [4, 6.5, 3.75, 9.75], "texture": "#0"}
			}
		},
		{
			"from": [6, 2.75, 4],
			"to": [10, 3, 10],
			"rotation": {"angle": 0, "axis": "y", "origin": [6, 1, 5]},
			"faces": {
				"north": {"uv": [6.75, 6.5, 7.75, 6.75], "texture": "#0"},
				"east": {"uv": [6.75, 1.75, 8.25, 2], "texture": "#0"},
				"south": {"uv": [1.25, 7, 2.25, 7.25], "texture": "#0"},
				"west": {"uv": [4, 6.75, 5.5, 7], "texture": "#0"},
				"up": {"uv": [6.5, 1.75, 5.5, 0.25], "texture": "#0"},
				"down": {"uv": [6.5, 0.25, 5.5, 1.75], "texture": "#0"}
			}
		},
		{
			"from": [5, 2.75, 5],
			"to": [11, 3, 9],
			"rotation": {"angle": 0, "axis": "y", "origin": [6, 1, 5]},
			"faces": {
				"north": {"uv": [6.75, 4, 8.25, 4.25], "texture": "#0"},
				"east": {"uv": [4, 7, 5, 7.25], "texture": "#0"},
				"south": {"uv": [6.75, 4.25, 8.25, 4.5], "texture": "#0"},
				"west": {"uv": [5, 7, 6, 7.25], "texture": "#0"},
				"up": {"uv": [6.75, 1.5, 5.25, 0.5], "texture": "#0"},
				"down": {"uv": [6.75, 0.5, 5.25, 1.5], "texture": "#0"}
			}
		},
		{
			"from": [3.5, 1.5, 6],
			"to": [5, 3, 7.5],
			"rotation": {"angle": 0, "axis": "y", "origin": [3, 1.5, 6]},
			"faces": {
				"north": {"uv": [0.5, 5.25, 0.875, 5.625], "texture": "#0"},
				"east": {"uv": [0, 6.25, 0.375, 6.625], "texture": "#0"},
				"south": {"uv": [0, 5.25, 0.375, 5.625], "texture": "#0"},
				"west": {"uv": [0.5, 6.25, 0.875, 6.625], "texture": "#0"},
				"up": {"uv": [0.5, 5.75, 0.875, 6.125], "texture": "#0"},
				"down": {"uv": [0, 5.75, 0.375, 6.125], "texture": "#0"}
			}
		},
		{
			"from": [3, 1.5, 8.25],
			"to": [4.5, 3, 9.75],
			"rotation": {"angle": 22.5, "axis": "z", "origin": [2.5, 1.5, 8.25]},
			"faces": {
				"north": {"uv": [0, 5.75, 0.375, 6.125], "texture": "#0"},
				"east": {"uv": [0, 5.25, 0.375, 5.625], "texture": "#0"},
				"south": {"uv": [0.5, 5.25, 0.875, 5.625], "texture": "#0"},
				"west": {"uv": [0.5, 5.75, 0.875, 6.125], "texture": "#0"},
				"up": {"uv": [0, 6.25, 0.375, 6.625], "texture": "#0"},
				"down": {"uv": [0.5, 6.25, 0.875, 6.625], "texture": "#0"}
			}
		},
		{
			"from": [3.5, 1.75, 6.75],
			"to": [5, 3.25, 8.25],
			"rotation": {"angle": -22.5, "axis": "y", "origin": [3, 1.75, 6.75]},
			"faces": {
				"north": {"uv": [0, 5.75, 0.375, 6.125], "texture": "#0"},
				"east": {"uv": [0.5, 6.25, 0.875, 6.625], "texture": "#0"},
				"south": {"uv": [0, 6.25, 0.375, 6.625], "texture": "#0"},
				"west": {"uv": [0, 5.25, 0.375, 5.625], "texture": "#0"},
				"up": {"uv": [0.5, 5.75, 0.875, 6.125], "texture": "#0"},
				"down": {"uv": [0.5, 5.25, 0.875, 5.625], "texture": "#0"}
			}
		},
		{
			"from": [1.75, 2.25, 9.25],
			"to": [3.25, 3.75, 10.75],
			"rotation": {"angle": 0, "axis": "y", "origin": [1.25, 2.25, 9.25]},
			"faces": {
				"north": {"uv": [0, 5.75, 0.375, 6.125], "texture": "#0"},
				"east": {"uv": [0.5, 5.75, 0.875, 6.125], "texture": "#0"},
				"south": {"uv": [0.5, 6.25, 0.875, 6.625], "texture": "#0"},
				"west": {"uv": [0, 6.25, 0.375, 6.625], "texture": "#0"},
				"up": {"uv": [0, 5.25, 0.375, 5.625], "texture": "#0"},
				"down": {"uv": [0.5, 5.25, 0.875, 5.625], "texture": "#0"}
			}
		},
		{
			"from": [1, 2, 10.75],
			"to": [2.5, 3.5, 12.25],
			"rotation": {"angle": 22.5, "axis": "y", "origin": [0.5, 2, 10.75]},
			"faces": {
				"north": {"uv": [0.5, 6.25, 0.875, 6.625], "texture": "#0"},
				"east": {"uv": [0, 5.75, 0.375, 6.125], "texture": "#0"},
				"south": {"uv": [0, 5.25, 0.375, 5.625], "texture": "#0"},
				"west": {"uv": [0.5, 5.25, 0.875, 5.625], "texture": "#0"},
				"up": {"uv": [0, 6.25, 0.375, 6.625], "texture": "#0"},
				"down": {"uv": [0.5, 5.75, 0.875, 6.125], "texture": "#0"}
			}
		},
		{
			"from": [0.5, 1.5, 11],
			"to": [2, 3, 12.5],
			"rotation": {"angle": 0, "axis": "y", "origin": [0, 1.5, 11]},
			"faces": {
				"north": {"uv": [0, 6.25, 0.375, 6.625], "texture": "#0"},
				"east": {"uv": [0.5, 5.75, 0.875, 6.125], "texture": "#0"},
				"south": {"uv": [0.5, 5.25, 0.875, 5.625], "texture": "#0"},
				"west": {"uv": [0.5, 6.25, 0.875, 6.625], "texture": "#0"},
				"up": {"uv": [0, 5.25, 0.375, 5.625], "texture": "#0"},
				"down": {"uv": [0, 5.75, 0.375, 6.125], "texture": "#0"}
			}
		},
		{
			"from": [-0.25, 1.25, 11.5],
			"to": [1.25, 2.75, 13],
			"rotation": {"angle": 22.5, "axis": "x", "origin": [-0.75, 1.25, 11.5]},
			"faces": {
				"north": {"uv": [0.5, 6.25, 0.875, 6.625], "texture": "#0"},
				"east": {"uv": [0, 6.25, 0.375, 6.625], "texture": "#0"},
				"south": {"uv": [0, 5.25, 0.375, 5.625], "texture": "#0"},
				"west": {"uv": [0.5, 5.75, 0.875, 6.125], "texture": "#0"},
				"up": {"uv": [0, 5.75, 0.375, 6.125], "texture": "#0"},
				"down": {"uv": [0.5, 5.25, 0.875, 5.625], "texture": "#0"}
			}
		},
		{
			"from": [-1, 0.25, 12.25],
			"to": [0.5, 1.75, 13.75],
			"rotation": {"angle": 0, "axis": "y", "origin": [-1.5, 0.25, 12.25]},
			"faces": {
				"north": {"uv": [0, 5.25, 0.375, 5.625], "texture": "#0"},
				"east": {"uv": [0.5, 6.25, 0.875, 6.625], "texture": "#0"},
				"south": {"uv": [0, 6.25, 0.375, 6.625], "texture": "#0"},
				"west": {"uv": [0, 5.75, 0.375, 6.125], "texture": "#0"},
				"up": {"uv": [0.5, 5.25, 0.875, 5.625], "texture": "#0"},
				"down": {"uv": [0.5, 5.75, 0.875, 6.125], "texture": "#0"}
			}
		}
	],
	"display": {
		"thirdperson_righthand": {
			"rotation": [-25.75, 0, 0],
			"translation": [0, 6.75, -1.75]
		},
		"thirdperson_lefthand": {
			"rotation": [-25.75, 0, 0],
			"translation": [0, 6.75, -1.75]
		},
		"firstperson_righthand": {
			"translation": [4.75, 6.25, 0]
		},
		"firstperson_lefthand": {
			"translation": [4.75, 6.25, 0]
		},
		"ground": {
			"translation": [0, 4.25, 0]
		},
		"gui": {
			"rotation": [30, 225, 0],
			"translation": [0, 3.5, 0],
			"scale": [0.625, 0.625, 0.625]
		},
		"head": {
			"rotation": [2.5, 0, 0],
			"translation": [0, 18, 2.25],
			"scale": [2, 2, 2]
		},
		"fixed": {
			"rotation": [-90, 0, 0],
			"translation": [0, 4, -16.25],
			"scale": [2, 2, 2]
		}
	},
	"groups": [
		{
			"name": "group",
			"origin": [8, 8, 8],
			"color": 0,
			"children": [
				0,
				1,
				2,
				3,
				4,
				5,
				6,
				7,
				8,
				9,
				10,
				11,
				12,
				13,
				14,
				{
					"name": "group",
					"origin": [3, 1.5, 6],
					"color": 0,
					"children": [15, 16, 17, 18, 19, 20, 21, 22]
				}
			]
		}
	]
}