{
	"credit": "Made with Blockbench",
	"texture_size": [32, 32],
	"textures": {
		"0": "custom:item/hoedjes/piraten/standaard",
		"particle": "custom:item/hoedjes/piraten/standaard"
	},
	"elements": [
		{
			"from": [4, 0, 4],
			"to": [12, 2, 12],
			"rotation": {"angle": 0, "axis": "y", "origin": [7, 0, 6]},
			"faces": {
				"north": {"uv": [11, 5, 15, 6], "texture": "#0"},
				"east": {"uv": [11, 6, 15, 7], "texture": "#0"},
				"south": {"uv": [11, 7, 15, 8], "texture": "#0"},
				"west": {"uv": [11, 8, 15, 9], "texture": "#0"},
				"up": {"uv": [4, 4, 0, 0], "texture": "#0"},
				"down": {"uv": [8, 0, 4, 4], "texture": "#0"}
			}
		},
		{
			"from": [4, 1, 4],
			"to": [12, 8, 4],
			"rotation": {"angle": 0, "axis": "y", "origin": [6, 1, 3]},
			"faces": {
				"north": {"uv": [4, 4.5, 8, 8], "texture": "#0"},
				"east": {"uv": [0, 0, 0, 3.5], "texture": "#0"},
				"south": {"uv": [0, 8, 4, 11.5], "texture": "#0"},
				"west": {"uv": [0, 0, 0, 3.5], "texture": "#0"},
				"up": {"uv": [4, 0, 0, 0], "texture": "#0"},
				"down": {"uv": [4, 0, 0, 0], "texture": "#0"}
			}
		},
		{
			"from": [0.1, 1, 6.35],
			"to": [4.1, 5, 6.35],
			"rotation": {"angle": 22.5, "axis": "y", "origin": [-1.9, 1, 5.35]},
			"faces": {
				"north": {"uv": [11, 9, 13, 11], "texture": "#0"},
				"east": {"uv": [0, 0, 0, 2], "texture": "#0"},
				"south": {"uv": [11, 11, 13, 13], "texture": "#0"},
				"west": {"uv": [0, 0, 0, 2], "texture": "#0"},
				"up": {"uv": [2, 0, 0, 0], "texture": "#0"},
				"down": {"uv": [2, 0, 0, 0], "texture": "#0"}
			}
		},
		{
			"from": [0.1, 1, 6.35],
			"to": [4.1, 1, 8.35],
			"rotation": {"angle": 22.5, "axis": "y", "origin": [-1.9, 1, 5.35]},
			"faces": {
				"north": {"uv": [0, 0, 2, 0], "texture": "#0"},
				"east": {"uv": [0, 0, 1, 0], "texture": "#0"},
				"south": {"uv": [0, 0, 2, 0], "texture": "#0"},
				"west": {"uv": [0, 0, 1, 0], "texture": "#0"},
				"up": {"uv": [2, 14.5, 0, 13.5], "texture": "#0"},
				"down": {"uv": [4, 13.5, 2, 14.5], "texture": "#0"}
			}
		},
		{
			"from": [0.9, 1, 9.85],
			"to": [4.9, 5, 9.85],
			"rotation": {"angle": -22.5, "axis": "y", "origin": [-1.1, 1, 8.85]},
			"faces": {
				"north": {"uv": [7, 11.5, 9, 13.5], "texture": "#0"},
				"east": {"uv": [0, 0, 0, 2], "texture": "#0"},
				"south": {"uv": [9, 11.5, 11, 13.5], "texture": "#0"},
				"west": {"uv": [0, 0, 0, 2], "texture": "#0"},
				"up": {"uv": [2, 0, 0, 0], "texture": "#0"},
				"down": {"uv": [2, 0, 0, 0], "texture": "#0"}
			}
		},
		{
			"from": [0.9, 1, 7.85],
			"to": [4.9, 1, 9.85],
			"rotation": {"angle": -22.5, "axis": "y", "origin": [-1.1, 1, 8.85]},
			"faces": {
				"north": {"uv": [0, 0, 2, 0], "texture": "#0"},
				"east": {"uv": [0, 0, 1, 0], "texture": "#0"},
				"south": {"uv": [0, 0, 2, 0], "texture": "#0"},
				"west": {"uv": [0, 0, 1, 0], "texture": "#0"},
				"up": {"uv": [6, 14.5, 4, 13.5], "texture": "#0"},
				"down": {"uv": [8, 13.5, 6, 14.5], "texture": "#0"}
			}
		},
		{
			"from": [4, 1, 12],
			"to": [12, 7, 12],
			"rotation": {"angle": 0, "axis": "y", "origin": [6, 1, 11]},
			"faces": {
				"north": {"uv": [4, 4.5, 0, 7.5], "texture": "#0"},
				"east": {"uv": [0, 0, 0, 3], "texture": "#0"},
				"south": {"uv": [0, 4.5, 4, 7.5], "texture": "#0"},
				"west": {"uv": [0, 0, 0, 3], "texture": "#0"},
				"up": {"uv": [4, 0, 0, 0], "texture": "#0"},
				"down": {"uv": [4, 0, 0, 0], "texture": "#0"}
			}
		},
		{
			"from": [5, 1, 4],
			"to": [11, 9, 4],
			"rotation": {"angle": 0, "axis": "y", "origin": [6, 1, 3]},
			"faces": {
				"north": {"uv": [4.5, 4, 7.5, 8], "texture": "#0"},
				"east": {"uv": [0, 0, 0, 4], "texture": "#0"},
				"south": {"uv": [0.5, 7.5, 3.5, 11.5], "texture": "#0"},
				"west": {"uv": [0, 0, 0, 4], "texture": "#0"},
				"up": {"uv": [3, 0, 0, 0], "texture": "#0"},
				"down": {"uv": [3, 0, 0, 0], "texture": "#0"}
			}
		},
		{
			"from": [5, 1, 12],
			"to": [11, 8, 12],
			"rotation": {"angle": 0, "axis": "y", "origin": [6, 1, 11]},
			"faces": {
				"north": {"uv": [3.5, 4, 0.5, 7.5], "texture": "#0"},
				"east": {"uv": [0, 0, 0, 3.5], "texture": "#0"},
				"south": {"uv": [0.5, 4, 3.5, 7.5], "texture": "#0"},
				"west": {"uv": [0, 0, 0, 3.5], "texture": "#0"},
				"up": {"uv": [3, 0, 0, 0], "texture": "#0"},
				"down": {"uv": [3, 0, 0, 0], "texture": "#0"}
			}
		},
		{
			"from": [11.9, 1, 6.35],
			"to": [15.9, 1, 8.35],
			"rotation": {"angle": -22.5, "axis": "y", "origin": [17.9, 1, 5.35]},
			"faces": {
				"north": {"uv": [0, 0, 2, 0], "texture": "#0"},
				"east": {"uv": [0, 0, 1, 0], "texture": "#0"},
				"south": {"uv": [0, 0, 2, 0], "texture": "#0"},
				"west": {"uv": [0, 0, 1, 0], "texture": "#0"},
				"up": {"uv": [10, 14.5, 8, 13.5], "texture": "#0"},
				"down": {"uv": [15, 14, 13, 15], "texture": "#0"}
			}
		},
		{
			"from": [11.9, 1, 6.35],
			"to": [15.9, 5, 6.35],
			"rotation": {"angle": -22.5, "axis": "y", "origin": [17.9, 1, 5.35]},
			"faces": {
				"north": {"uv": [13, 0, 15, 2], "texture": "#0"},
				"east": {"uv": [0, 0, 0, 2], "texture": "#0"},
				"south": {"uv": [13, 2, 15, 4], "texture": "#0"},
				"west": {"uv": [0, 0, 0, 2], "texture": "#0"},
				"up": {"uv": [2, 0, 0, 0], "texture": "#0"},
				"down": {"uv": [2, 0, 0, 0], "texture": "#0"}
			}
		},
		{
			"from": [11.1, 1, 7.85],
			"to": [15.1, 1, 9.85],
			"rotation": {"angle": 22.5, "axis": "y", "origin": [17.1, 1, 8.85]},
			"faces": {
				"north": {"uv": [0, 0, 2, 0], "texture": "#0"},
				"east": {"uv": [0, 0, 1, 0], "texture": "#0"},
				"south": {"uv": [0, 0, 2, 0], "texture": "#0"},
				"west": {"uv": [0, 0, 1, 0], "texture": "#0"},
				"up": {"uv": [2, 15.5, 0, 14.5], "texture": "#0"},
				"down": {"uv": [4, 14.5, 2, 15.5], "texture": "#0"}
			}
		},
		{
			"from": [0.35, 1, 5.5],
			"to": [0.35, 3, 10.6],
			"rotation": {"angle": 0, "axis": "y", "origin": [0.35, 1, 5.5]},
			"faces": {
				"north": {"uv": [0, 0, 0, 1], "texture": "#0"},
				"east": {"uv": [13, 4, 15.5, 5], "texture": "#0"},
				"south": {"uv": [0, 0, 0, 1], "texture": "#0"},
				"west": {"uv": [13, 11, 15.5, 12], "texture": "#0"},
				"up": {"uv": [0, 2.5, 0, 0], "texture": "#0"},
				"down": {"uv": [0, 0, 0, 2.5], "texture": "#0"}
			}
		},
		{
			"from": [0.35, 1, 5.5],
			"to": [4.35, 1, 10.6],
			"rotation": {"angle": 0, "axis": "y", "origin": [0.35, 1, 5.5]},
			"faces": {
				"north": {"uv": [0, 0, 2, 0], "texture": "#0"},
				"east": {"uv": [0, 0, 2.5, 0], "texture": "#0"},
				"south": {"uv": [0, 0, 2, 0], "texture": "#0"},
				"west": {"uv": [0, 0, 2.5, 0], "texture": "#0"},
				"up": {"uv": [11, 5, 9, 2.5], "texture": "#0"},
				"down": {"uv": [13, 0, 11, 2.5], "texture": "#0"}
			}
		},
		{
			"from": [11.65, 1, 5.5],
			"to": [15.65, 1, 10.6],
			"rotation": {"angle": 0, "axis": "y", "origin": [15.65, 1, 5.5]},
			"faces": {
				"north": {"uv": [0, 0, 2, 0], "texture": "#0"},
				"east": {"uv": [0, 0, 2.5, 0], "texture": "#0"},
				"south": {"uv": [0, 0, 2, 0], "texture": "#0"},
				"west": {"uv": [0, 0, 2.5, 0], "texture": "#0"},
				"up": {"uv": [11, 2.5, 9, 0], "texture": "#0"},
				"down": {"uv": [13, 2.5, 11, 5], "texture": "#0"}
			}
		},
		{
			"from": [15.65, 1, 5.5],
			"to": [15.65, 3, 10.6],
			"rotation": {"angle": 0, "axis": "y", "origin": [15.65, 1, 5.5]},
			"faces": {
				"north": {"uv": [0, 0, 0, 1], "texture": "#0"},
				"east": {"uv": [13, 12, 15.5, 13], "texture": "#0"},
				"south": {"uv": [0, 0, 0, 1], "texture": "#0"},
				"west": {"uv": [13, 13, 15.5, 14], "texture": "#0"},
				"up": {"uv": [0, 2.5, 0, 0], "texture": "#0"},
				"down": {"uv": [0, 0, 0, 2.5], "texture": "#0"}
			}
		},
		{
			"from": [11.1, 1, 9.85],
			"to": [15.1, 5, 9.85],
			"rotation": {"angle": 22.5, "axis": "y", "origin": [17.1, 1, 8.85]},
			"faces": {
				"north": {"uv": [13, 9, 15, 11], "texture": "#0"},
				"east": {"uv": [0, 0, 0, 2], "texture": "#0"},
				"south": {"uv": [11, 13, 13, 15], "texture": "#0"},
				"west": {"uv": [0, 0, 0, 2], "texture": "#0"},
				"up": {"uv": [2, 0, 0, 0], "texture": "#0"},
				"down": {"uv": [2, 0, 0, 0], "texture": "#0"}
			}
		}
	],
	"display": {
		"thirdperson_righthand": {
			"translation": [0, 5.25, 0],
			"scale": [0.75, 0.75, 0.75]
		},
		"thirdperson_lefthand": {
			"translation": [0, 5.25, 0],
			"scale": [0.75, 0.75, 0.75]
		},
		"firstperson_righthand": {
			"translation": [5.5, 4.5, 0]
		},
		"firstperson_lefthand": {
			"translation": [5.5, 4.5, 0]
		},
		"ground": {
			"translation": [0, 3.75, 0],
			"scale": [0.8, 0.8, 0.8]
		},
		"gui": {
			"rotation": [0, 180, 0],
			"translation": [0, 1.75, 0]
		},
		"head": {
			"translation": [0, 19.25, 0],
			"scale": [2, 2, 2]
		},
		"fixed": {
			"rotation": [-90, 0, 0],
			"translation": [0, 0, -12],
			"scale": [1.5, 1.5, 1.5]
		}
	},
	"groups": [
		{
			"name": "group",
			"origin": [8, 8, 8],
			"color": 0,
			"children": [0, 1, 2, 3, 4, 5, 6, 7, 8, 9, 10, 11, 12, 13, 14, 15, 16]
		}
	]
}