{
	"credit": "Made with Blockbench",
	"texture_size": [64, 64],
	"textures": {
		"0": "custom:item/schilderijen/schilderij_rand1",
		"1": "custom:item/schilderijen/pixel_gezicht_op_den_haag",
		"particle": "custom:item/schilderijen/schilderij_rand1"
	},
	"elements": [
		{
			"from": [23, 0, 1],
			"to": [24.25, 0.5, 15],
			"rotation": {"angle": 0, "axis": "y", "origin": [32, 0, 0]},
			"faces": {
				"north": {"uv": [6.5, 5.75, 7, 6], "texture": "#0"},
				"east": {"uv": [2, 3, 5.5, 3.25], "texture": "#0"},
				"south": {"uv": [6, 6.5, 6.5, 6.75], "texture": "#0"},
				"west": {"uv": [2, 3.25, 5.5, 3.5], "texture": "#0"},
				"up": {"uv": [0.5, 6.5, 0, 3], "texture": "#0"},
				"down": {"uv": [1, 3, 0.5, 6.5], "texture": "#0"}
			}
		},
		{
			"from": [-8.25, 0, 1],
			"to": [-7, 0.5, 15],
			"faces": {
				"north": {"uv": [6.5, 6, 7, 6.25], "texture": "#0"},
				"east": {"uv": [2, 3.5, 5.5, 3.75], "texture": "#0"},
				"south": {"uv": [6.5, 6.25, 7, 6.5], "texture": "#0"},
				"west": {"uv": [2, 3.75, 5.5, 4], "texture": "#0"},
				"up": {"uv": [1.5, 6.5, 1, 3], "texture": "#0"},
				"down": {"uv": [2, 3, 1.5, 6.5], "texture": "#0"}
			}
		},
		{
			"from": [-8.25, 0, 15],
			"to": [24.25, 0.5, 16.25],
			"rotation": {"angle": 0, "axis": "y", "origin": [0, 0, 16]},
			"faces": {
				"north": {"uv": [0, 2, 8.5, 2.25], "texture": "#0"},
				"east": {"uv": [6.5, 6.5, 7, 6.75], "texture": "#0"},
				"south": {"uv": [0, 2.25, 8.5, 2.5], "texture": "#0"},
				"west": {"uv": [5.5, 6.75, 6, 7], "texture": "#0"},
				"up": {"uv": [8.5, 0.5, 0, 0], "texture": "#0"},
				"down": {"uv": [8.5, 0.5, 0, 1], "texture": "#0"}
			}
		},
		{
			"from": [-8.25, 0, -0.25],
			"to": [24.25, 0.5, 1],
			"faces": {
				"north": {"uv": [0, 2.5, 8.5, 2.75], "texture": "#0"},
				"east": {"uv": [6, 6.75, 6.5, 7], "texture": "#0"},
				"south": {"uv": [0, 2.75, 8.5, 3], "texture": "#0"},
				"west": {"uv": [6.5, 6.75, 7, 7], "texture": "#0"},
				"up": {"uv": [8.5, 1.5, 0, 1], "texture": "#0"},
				"down": {"uv": [8.5, 1.5, 0, 2], "texture": "#0"}
			}
		},
		{
			"from": [-7, 0.5, -0.25],
			"to": [-5, 0.75, 1],
			"rotation": {"angle": 0, "axis": "y", "origin": [-9, -0.5, -1]},
			"faces": {
				"north": {"uv": [0, 7, 0.5, 7.25], "texture": "#0"},
				"east": {"uv": [0.5, 7, 1, 7.25], "texture": "#0"},
				"south": {"uv": [1, 7, 1.5, 7.25], "texture": "#0"},
				"west": {"uv": [1.5, 7, 2, 7.25], "texture": "#0"},
				"up": {"uv": [3.5, 5.5, 3, 5], "texture": "#0"},
				"down": {"uv": [4, 5, 3.5, 5.5], "texture": "#0"}
			}
		},
		{
			"from": [-8.25, 0.5, 1],
			"to": [-7, 0.75, 3],
			"rotation": {"angle": 0, "axis": "y", "origin": [-11, -0.5, 1]},
			"faces": {
				"north": {"uv": [2, 7, 2.5, 7.25], "texture": "#0"},
				"east": {"uv": [2.5, 7, 3, 7.25], "texture": "#0"},
				"south": {"uv": [3, 7, 3.5, 7.25], "texture": "#0"},
				"west": {"uv": [7, 3, 7.5, 3.25], "texture": "#0"},
				"up": {"uv": [4.5, 5.5, 4, 5], "texture": "#0"},
				"down": {"uv": [5.5, 4, 5, 4.5], "texture": "#0"}
			}
		},
		{
			"from": [-8.25, 0.5, 13],
			"to": [-7, 0.75, 15],
			"rotation": {"angle": 0, "axis": "y", "origin": [-11, -0.5, 13]},
			"faces": {
				"north": {"uv": [7, 3.25, 7.5, 3.5], "texture": "#0"},
				"east": {"uv": [3.5, 7, 4, 7.25], "texture": "#0"},
				"south": {"uv": [7, 3.5, 7.5, 3.75], "texture": "#0"},
				"west": {"uv": [7, 3.75, 7.5, 4], "texture": "#0"},
				"up": {"uv": [5, 5.5, 4.5, 5], "texture": "#0"},
				"down": {"uv": [5.5, 4.5, 5, 5], "texture": "#0"}
			}
		},
		{
			"from": [-7, 0.5, 15],
			"to": [-5, 0.75, 16.25],
			"rotation": {"angle": 0, "axis": "y", "origin": [-9, -0.5, 15]},
			"faces": {
				"north": {"uv": [4, 7, 4.5, 7.25], "texture": "#0"},
				"east": {"uv": [7, 4, 7.5, 4.25], "texture": "#0"},
				"south": {"uv": [7, 4.25, 7.5, 4.5], "texture": "#0"},
				"west": {"uv": [4.5, 7, 5, 7.25], "texture": "#0"},
				"up": {"uv": [5.5, 5.5, 5, 5], "texture": "#0"},
				"down": {"uv": [2.5, 5.5, 2, 6], "texture": "#0"}
			}
		},
		{
			"from": [-8.5, 0, -0.5],
			"to": [-7, 1, 1],
			"rotation": {"angle": 0, "axis": "y", "origin": [-11, 0, -1]},
			"faces": {
				"north": {"uv": [2.5, 5.5, 3, 6], "texture": "#0"},
				"east": {"uv": [3, 5.5, 3.5, 6], "texture": "#0"},
				"south": {"uv": [5.5, 3, 6, 3.5], "texture": "#0"},
				"west": {"uv": [3.5, 5.5, 4, 6], "texture": "#0"},
				"up": {"uv": [6, 4, 5.5, 3.5], "texture": "#0"},
				"down": {"uv": [4.5, 5.5, 4, 6], "texture": "#0"}
			}
		},
		{
			"from": [5, 0, -0.5],
			"to": [11, 1, 1],
			"rotation": {"angle": 0, "axis": "y", "origin": [5, 0, -1]},
			"faces": {
				"north": {"uv": [2, 4, 2.75, 4.5], "texture": "#0"},
				"east": {"uv": [5.5, 4, 6, 4.5], "texture": "#0"},
				"south": {"uv": [2.75, 4, 3.5, 4.5], "texture": "#0"},
				"west": {"uv": [4.5, 5.5, 5, 6], "texture": "#0"},
				"up": {"uv": [4.25, 4.5, 3.5, 4], "texture": "#0"},
				"down": {"uv": [5, 4, 4.25, 4.5], "texture": "#0"}
			}
		},
		{
			"from": [5, 0, 15],
			"to": [11, 1, 16.5],
			"rotation": {"angle": 0, "axis": "y", "origin": [5, 0, 15]},
			"faces": {
				"north": {"uv": [2, 4.5, 2.75, 5], "texture": "#0"},
				"east": {"uv": [5.5, 4.5, 6, 5], "texture": "#0"},
				"south": {"uv": [2.75, 4.5, 3.5, 5], "texture": "#0"},
				"west": {"uv": [5, 5.5, 5.5, 6], "texture": "#0"},
				"up": {"uv": [4.25, 5, 3.5, 4.5], "texture": "#0"},
				"down": {"uv": [5, 4.5, 4.25, 5], "texture": "#0"}
			}
		},
		{
			"from": [21, 0.5, 15],
			"to": [23, 0.75, 16.25],
			"rotation": {"angle": 0, "axis": "y", "origin": [25, -0.5, 15]},
			"faces": {
				"north": {"uv": [7, 4.5, 7.5, 4.75], "texture": "#0"},
				"east": {"uv": [7, 4.75, 7.5, 5], "texture": "#0"},
				"south": {"uv": [5, 7, 5.5, 7.25], "texture": "#0"},
				"west": {"uv": [7, 5, 7.5, 5.25], "texture": "#0"},
				"up": {"uv": [6, 5.5, 5.5, 5], "texture": "#0"},
				"down": {"uv": [6, 5.5, 5.5, 6], "texture": "#0"}
			}
		},
		{
			"from": [-8.5, 0, 15],
			"to": [-7, 1, 16.5],
			"rotation": {"angle": 0, "axis": "y", "origin": [-11, 0, 15]},
			"faces": {
				"north": {"uv": [2, 6, 2.5, 6.5], "texture": "#0"},
				"east": {"uv": [2.5, 6, 3, 6.5], "texture": "#0"},
				"south": {"uv": [3, 6, 3.5, 6.5], "texture": "#0"},
				"west": {"uv": [6, 3, 6.5, 3.5], "texture": "#0"},
				"up": {"uv": [4, 6.5, 3.5, 6], "texture": "#0"},
				"down": {"uv": [6.5, 3.5, 6, 4], "texture": "#0"}
			}
		},
		{
			"from": [23, 0, 15],
			"to": [24.5, 1, 16.5],
			"rotation": {"angle": 0, "axis": "y", "origin": [27, 0, 15]},
			"faces": {
				"north": {"uv": [4, 6, 4.5, 6.5], "texture": "#0"},
				"east": {"uv": [6, 4, 6.5, 4.5], "texture": "#0"},
				"south": {"uv": [4.5, 6, 5, 6.5], "texture": "#0"},
				"west": {"uv": [6, 4.5, 6.5, 5], "texture": "#0"},
				"up": {"uv": [5.5, 6.5, 5, 6], "texture": "#0"},
				"down": {"uv": [6.5, 5, 6, 5.5], "texture": "#0"}
			}
		},
		{
			"from": [23, 0.5, 1],
			"to": [24.25, 0.75, 3],
			"rotation": {"angle": 0, "axis": "y", "origin": [27, -0.5, 1]},
			"faces": {
				"north": {"uv": [7, 5.25, 7.5, 5.5], "texture": "#0"},
				"east": {"uv": [5.5, 7, 6, 7.25], "texture": "#0"},
				"south": {"uv": [7, 5.5, 7.5, 5.75], "texture": "#0"},
				"west": {"uv": [7, 5.75, 7.5, 6], "texture": "#0"},
				"up": {"uv": [6, 6.5, 5.5, 6], "texture": "#0"},
				"down": {"uv": [6.5, 5.5, 6, 6], "texture": "#0"}
			}
		},
		{
			"from": [23, 0, -0.5],
			"to": [24.5, 1, 1],
			"rotation": {"angle": 0, "axis": "y", "origin": [27, 0, -1]},
			"faces": {
				"north": {"uv": [6, 6, 6.5, 6.5], "texture": "#0"},
				"east": {"uv": [0, 6.5, 0.5, 7], "texture": "#0"},
				"south": {"uv": [0.5, 6.5, 1, 7], "texture": "#0"},
				"west": {"uv": [1, 6.5, 1.5, 7], "texture": "#0"},
				"up": {"uv": [2, 7, 1.5, 6.5], "texture": "#0"},
				"down": {"uv": [2.5, 6.5, 2, 7], "texture": "#0"}
			}
		},
		{
			"from": [21, 0.5, -0.25],
			"to": [23, 0.75, 1],
			"rotation": {"angle": 0, "axis": "y", "origin": [25, -0.5, -1]},
			"faces": {
				"north": {"uv": [6, 7, 6.5, 7.25], "texture": "#0"},
				"east": {"uv": [7, 6, 7.5, 6.25], "texture": "#0"},
				"south": {"uv": [7, 6.25, 7.5, 6.5], "texture": "#0"},
				"west": {"uv": [6.5, 7, 7, 7.25], "texture": "#0"},
				"up": {"uv": [3, 7, 2.5, 6.5], "texture": "#0"},
				"down": {"uv": [3.5, 6.5, 3, 7], "texture": "#0"}
			}
		},
		{
			"from": [11, 0.5, -0.25],
			"to": [13, 0.75, 1],
			"rotation": {"angle": 0, "axis": "y", "origin": [15, -0.5, -1]},
			"faces": {
				"north": {"uv": [7, 6.5, 7.5, 6.75], "texture": "#0"},
				"east": {"uv": [7, 6.75, 7.5, 7], "texture": "#0"},
				"south": {"uv": [7, 7, 7.5, 7.25], "texture": "#0"},
				"west": {"uv": [0, 7.25, 0.5, 7.5], "texture": "#0"},
				"up": {"uv": [7, 3.5, 6.5, 3], "texture": "#0"},
				"down": {"uv": [4, 6.5, 3.5, 7], "texture": "#0"}
			}
		},
		{
			"from": [3, 0.5, -0.25],
			"to": [5, 0.75, 1],
			"rotation": {"angle": 0, "axis": "y", "origin": [7, -0.5, -1]},
			"faces": {
				"north": {"uv": [0.5, 7.25, 1, 7.5], "texture": "#0"},
				"east": {"uv": [1, 7.25, 1.5, 7.5], "texture": "#0"},
				"south": {"uv": [1.5, 7.25, 2, 7.5], "texture": "#0"},
				"west": {"uv": [2, 7.25, 2.5, 7.5], "texture": "#0"},
				"up": {"uv": [7, 4, 6.5, 3.5], "texture": "#0"},
				"down": {"uv": [4.5, 6.5, 4, 7], "texture": "#0"}
			}
		},
		{
			"from": [11, 0.5, 15],
			"to": [13, 0.75, 16.25],
			"rotation": {"angle": 0, "axis": "y", "origin": [15, -0.5, 15]},
			"faces": {
				"north": {"uv": [2.5, 7.25, 3, 7.5], "texture": "#0"},
				"east": {"uv": [3, 7.25, 3.5, 7.5], "texture": "#0"},
				"south": {"uv": [3.5, 7.25, 4, 7.5], "texture": "#0"},
				"west": {"uv": [4, 7.25, 4.5, 7.5], "texture": "#0"},
				"up": {"uv": [7, 4.5, 6.5, 4], "texture": "#0"},
				"down": {"uv": [5, 6.5, 4.5, 7], "texture": "#0"}
			}
		},
		{
			"from": [3, 0.5, 15],
			"to": [5, 0.75, 16.25],
			"rotation": {"angle": 0, "axis": "y", "origin": [7, -0.5, 15]},
			"faces": {
				"north": {"uv": [6.5, 5, 7, 5.25], "texture": "#0"},
				"east": {"uv": [6.5, 5.25, 7, 5.5], "texture": "#0"},
				"south": {"uv": [5.5, 6.5, 6, 6.75], "texture": "#0"},
				"west": {"uv": [6.5, 5.5, 7, 5.75], "texture": "#0"},
				"up": {"uv": [2.5, 5.5, 2, 5], "texture": "#0"},
				"down": {"uv": [3, 5, 2.5, 5.5], "texture": "#0"}
			}
		},
		{
			"from": [23, 0.5, 13],
			"to": [24.25, 0.75, 15],
			"rotation": {"angle": 0, "axis": "y", "origin": [27, -0.5, 13]},
			"faces": {
				"north": {"uv": [4.5, 7.25, 5, 7.5], "texture": "#0"},
				"east": {"uv": [5, 7.25, 5.5, 7.5], "texture": "#0"},
				"south": {"uv": [5.5, 7.25, 6, 7.5], "texture": "#0"},
				"west": {"uv": [6, 7.25, 6.5, 7.5], "texture": "#0"},
				"up": {"uv": [7, 5, 6.5, 4.5], "texture": "#0"},
				"down": {"uv": [5.5, 6.5, 5, 7], "texture": "#0"}
			}
		},
		{
			"from": [-7, 0.1, 1],
			"to": [23, 0.1, 15],
			"rotation": {"angle": 0, "axis": "y", "origin": [0, 0.1, 0]},
			"faces": {
				"north": {"uv": [0, 0, 4, 0], "texture": "#1"},
				"east": {"uv": [0, 0, 3.5, 0], "texture": "#1"},
				"south": {"uv": [0, 0, 4, 0], "texture": "#1"},
				"west": {"uv": [0, 0, 3.5, 0], "texture": "#1"},
				"up": {"uv": [16, 16, 0, 0], "texture": "#1"},
				"down": {"uv": [16, 0, 0, 16], "texture": "#1"}
			}
		}
	],
	"display": {
		"thirdperson_righthand": {
			"translation": [0, 5, 0],
			"scale": [0.6, 0.6, 0.6]
		},
		"thirdperson_lefthand": {
			"translation": [0, 5, 0],
			"scale": [0.6, 0.6, 0.6]
		},
		"firstperson_righthand": {
			"rotation": [90, 180, 0],
			"translation": [4.75, 0.75, 1.75],
			"scale": [0.45, 0.45, 0.45]
		},
		"firstperson_lefthand": {
			"rotation": [90, 180, 0],
			"translation": [4.75, 0.75, 1.75],
			"scale": [0.45, 0.45, 0.45]
		},
		"ground": {
			"translation": [0, 0.5, 0],
			"scale": [0.5, 0.5, 0.5]
		},
		"gui": {
			"rotation": [-90, 0, 0],
			"scale": [0.4, 0.4, 0.4]
		},
		"head": {
			"translation": [0, 8, 0],
			"scale": [1.8, 1.8, 1.8]
		},
		"fixed": {
			"rotation": [-90, 0, 0],
			"translation": [0, 0, -14.5],
			"scale": [1.8, 1.8, 1.8]
		}
	},
	"groups": [
		{
			"name": "group",
			"origin": [0, 0, 0],
			"color": 0,
			"children": [0, 1, 2, 3, 4, 5, 6, 7, 8, 9, 10, 11, 12, 13, 14, 15, 16, 17, 18, 19, 20, 21]
		},
		22
	]
}