{
	"credit": "Made with Blockbench",
	"texture_size": [32, 32],
	"textures": {
		"1": "custom:item/bierpullen/hout"
	},
	"elements": [
		{
			"from": [5, 0.5, 6],
			"to": [11, 7.5, 10],
			"rotation": {"angle": 0, "axis": "y", "origin": [7, 0, 7]},
			"faces": {
				"north": {"uv": [0, 0, 3, 3.5], "texture": "#1"},
				"east": {"uv": [0, 6, 2, 9.5], "texture": "#1"},
				"south": {"uv": [3, 0, 6, 3.5], "texture": "#1"},
				"west": {"uv": [6, 0, 8, 3.5], "texture": "#1"},
				"up": {"uv": [10, 5.5, 7, 3.5], "texture": "#1"},
				"down": {"uv": [11, 5.5, 8, 7.5], "texture": "#1"}
			}
		},
		{
			"from": [6, 0.5, 10],
			"to": [10, 7.5, 11],
			"rotation": {"angle": 0, "axis": "y", "origin": [7, 0, 7]},
			"faces": {
				"north": {"uv": [2, 6, 4, 9.5], "texture": "#1"},
				"east": {"uv": [8, 7.5, 8.5, 11], "texture": "#1"},
				"south": {"uv": [4, 6, 6, 9.5], "texture": "#1"},
				"west": {"uv": [8.5, 7.5, 9, 11], "texture": "#1"},
				"up": {"uv": [12, 2.5, 10, 2], "texture": "#1"},
				"down": {"uv": [12, 2.5, 10, 3], "texture": "#1"}
			}
		},
		{
			"from": [6, 0.5, 5],
			"to": [10, 7.5, 6],
			"rotation": {"angle": 0, "axis": "y", "origin": [7, 0, 2]},
			"faces": {
				"north": {"uv": [6, 6, 8, 9.5], "texture": "#1"},
				"east": {"uv": [9, 7.5, 9.5, 11], "texture": "#1"},
				"south": {"uv": [8, 0, 10, 3.5], "texture": "#1"},
				"west": {"uv": [0, 9.5, 0.5, 13], "texture": "#1"},
				"up": {"uv": [5, 10.5, 3, 10], "texture": "#1"},
				"down": {"uv": [12, 3, 10, 3.5], "texture": "#1"}
			}
		},
		{
			"from": [7.75, 5, 11],
			"to": [8.25, 6, 13.5],
			"rotation": {"angle": 0, "axis": "y", "origin": [7, 0, 11]},
			"faces": {
				"north": {"uv": [7.5, 9.5, 8, 10], "texture": "#1"},
				"east": {"uv": [12, 14, 13.5, 14.5], "texture": "#1"},
				"south": {"uv": [4.5, 10.5, 5, 11], "texture": "#1"},
				"west": {"uv": [13.5, 14, 15, 14.5], "texture": "#1"},
				"up": {"uv": [0.5, 16, 0, 14.5], "texture": "#1"},
				"down": {"uv": [15, 0, 14.5, 1.5], "texture": "#1"}
			}
		},
		{
			"from": [7.75, 1, 11],
			"to": [8.25, 2, 12.5],
			"rotation": {"angle": 0, "axis": "y", "origin": [7, 0, 11]},
			"faces": {
				"north": {"uv": [0, 13, 0.5, 13.5], "texture": "#1"},
				"east": {"uv": [7, 5.5, 8, 6], "texture": "#1"},
				"south": {"uv": [4, 13.5, 4.5, 14], "texture": "#1"},
				"west": {"uv": [14.5, 1.5, 15.5, 2], "texture": "#1"},
				"up": {"uv": [3, 15.5, 2.5, 14.5], "texture": "#1"},
				"down": {"uv": [3.5, 14.5, 3, 15.5], "texture": "#1"}
			}
		},
		{
			"from": [7.75, 2, 12.5],
			"to": [8.25, 5, 13.5],
			"rotation": {"angle": 0, "axis": "y", "origin": [7, 0, 10.5]},
			"faces": {
				"north": {"uv": [0.5, 14.5, 1, 16], "texture": "#1"},
				"east": {"uv": [1, 14.5, 1.5, 16], "texture": "#1"},
				"south": {"uv": [1.5, 14.5, 2, 16], "texture": "#1"},
				"west": {"uv": [2, 14.5, 2.5, 16], "texture": "#1"},
				"up": {"uv": [4, 15, 3.5, 14.5], "texture": "#1"},
				"down": {"uv": [15, 10, 14.5, 10.5], "texture": "#1"}
			}
		},
		{
			"from": [5.75, 0, 10.25],
			"to": [10.25, 0.5, 11.25],
			"rotation": {"angle": 0, "axis": "y", "origin": [7, 0, 7]},
			"faces": {
				"north": {"uv": [9.5, 7.5, 12, 8], "texture": "#1"},
				"east": {"uv": [14.5, 10.5, 15, 11], "texture": "#1"},
				"south": {"uv": [9.5, 8, 12, 8.5], "texture": "#1"},
				"west": {"uv": [14.5, 11, 15, 11.5], "texture": "#1"},
				"up": {"uv": [12, 9, 9.5, 8.5], "texture": "#1"},
				"down": {"uv": [12, 9, 9.5, 9.5], "texture": "#1"}
			}
		},
		{
			"from": [5.75, 0, 4.75],
			"to": [10.25, 0.5, 5.75],
			"rotation": {"angle": 0, "axis": "y", "origin": [7, 0, 7]},
			"faces": {
				"north": {"uv": [9.5, 9.5, 12, 10], "texture": "#1"},
				"east": {"uv": [14.5, 11.5, 15, 12], "texture": "#1"},
				"south": {"uv": [10, 0, 12.5, 0.5], "texture": "#1"},
				"west": {"uv": [12, 14.5, 12.5, 15], "texture": "#1"},
				"up": {"uv": [3, 10.5, 0.5, 10], "texture": "#1"},
				"down": {"uv": [12.5, 0.5, 10, 1], "texture": "#1"}
			}
		},
		{
			"from": [4.75, 0, 5.75],
			"to": [11.25, 0.5, 10.25],
			"rotation": {"angle": 0, "axis": "y", "origin": [7, 0, 7]},
			"faces": {
				"north": {"uv": [0.5, 9.5, 4, 10], "texture": "#1"},
				"east": {"uv": [10, 1, 12.5, 1.5], "texture": "#1"},
				"south": {"uv": [4, 9.5, 7.5, 10], "texture": "#1"},
				"west": {"uv": [10, 1.5, 12.5, 2], "texture": "#1"},
				"up": {"uv": [3.5, 6, 0, 3.5], "texture": "#1"},
				"down": {"uv": [7, 3.5, 3.5, 6], "texture": "#1"}
			}
		},
		{
			"from": [5.5, 6.5, 5.5],
			"to": [7.5, 8.5, 7.5],
			"rotation": {"angle": 22.5, "axis": "z", "origin": [5.5, 6.5, 5.5]},
			"faces": {
				"north": {"uv": [10, 3.5, 11, 4.5], "texture": "#1"},
				"east": {"uv": [10, 4.5, 11, 5.5], "texture": "#1"},
				"south": {"uv": [5, 10, 6, 11], "texture": "#1"},
				"west": {"uv": [6, 10, 7, 11], "texture": "#1"},
				"up": {"uv": [8, 11, 7, 10], "texture": "#1"},
				"down": {"uv": [10.5, 10, 9.5, 11], "texture": "#1"}
			}
		},
		{
			"from": [5.75, 6.25, 4.75],
			"to": [7.75, 8.25, 6.75],
			"rotation": {"angle": -22.5, "axis": "x", "origin": [5.75, 6.25, 4.75]},
			"faces": {
				"north": {"uv": [0.5, 10.5, 1.5, 11.5], "texture": "#1"},
				"east": {"uv": [1.5, 10.5, 2.5, 11.5], "texture": "#1"},
				"south": {"uv": [2.5, 10.5, 3.5, 11.5], "texture": "#1"},
				"west": {"uv": [3.5, 10.5, 4.5, 11.5], "texture": "#1"},
				"up": {"uv": [11.5, 11, 10.5, 10], "texture": "#1"},
				"down": {"uv": [12, 3.5, 11, 4.5], "texture": "#1"}
			}
		},
		{
			"from": [7.75, 6.25, 4.25],
			"to": [9.75, 8.25, 6.25],
			"rotation": {"angle": -22.5, "axis": "y", "origin": [7.75, 6.25, 4.25]},
			"faces": {
				"north": {"uv": [4.5, 11, 5.5, 12], "texture": "#1"},
				"east": {"uv": [11, 4.5, 12, 5.5], "texture": "#1"},
				"south": {"uv": [5.5, 11, 6.5, 12], "texture": "#1"},
				"west": {"uv": [11, 5.5, 12, 6.5], "texture": "#1"},
				"up": {"uv": [7.5, 12, 6.5, 11], "texture": "#1"},
				"down": {"uv": [12, 6.5, 11, 7.5], "texture": "#1"}
			}
		},
		{
			"from": [10.5, 6.5, 6.75],
			"to": [12.5, 8.5, 8.75],
			"rotation": {"angle": -45, "axis": "y", "origin": [10.5, 6.5, 6.75]},
			"faces": {
				"north": {"uv": [7.5, 11, 8.5, 12], "texture": "#1"},
				"east": {"uv": [8.5, 11, 9.5, 12], "texture": "#1"},
				"south": {"uv": [9.5, 11, 10.5, 12], "texture": "#1"},
				"west": {"uv": [10.5, 11, 11.5, 12], "texture": "#1"},
				"up": {"uv": [1.5, 12.5, 0.5, 11.5], "texture": "#1"},
				"down": {"uv": [2.5, 11.5, 1.5, 12.5], "texture": "#1"}
			}
		},
		{
			"from": [9.75, 6.25, 8.5],
			"to": [11.75, 8.25, 10.5],
			"rotation": {"angle": -45, "axis": "y", "origin": [9.75, 6.25, 8.5]},
			"faces": {
				"north": {"uv": [2.5, 11.5, 3.5, 12.5], "texture": "#1"},
				"east": {"uv": [3.5, 11.5, 4.5, 12.5], "texture": "#1"},
				"south": {"uv": [11.5, 10, 12.5, 11], "texture": "#1"},
				"west": {"uv": [11.5, 11, 12.5, 12], "texture": "#1"},
				"up": {"uv": [13, 3, 12, 2], "texture": "#1"},
				"down": {"uv": [13, 3, 12, 4], "texture": "#1"}
			}
		},
		{
			"from": [9.25, 6, 6],
			"to": [11.25, 8, 8],
			"rotation": {"angle": -45, "axis": "x", "origin": [9.25, 6, 6]},
			"faces": {
				"north": {"uv": [12, 4, 13, 5], "texture": "#1"},
				"east": {"uv": [4.5, 12, 5.5, 13], "texture": "#1"},
				"south": {"uv": [12, 5, 13, 6], "texture": "#1"},
				"west": {"uv": [5.5, 12, 6.5, 13], "texture": "#1"},
				"up": {"uv": [13, 7, 12, 6], "texture": "#1"},
				"down": {"uv": [7.5, 12, 6.5, 13], "texture": "#1"}
			}
		},
		{
			"from": [10, 6.5, 8],
			"to": [12, 8.5, 10],
			"rotation": {"angle": 22.5, "axis": "z", "origin": [10, 6.5, 8]},
			"faces": {
				"north": {"uv": [12, 7, 13, 8], "texture": "#1"},
				"east": {"uv": [7.5, 12, 8.5, 13], "texture": "#1"},
				"south": {"uv": [12, 8, 13, 9], "texture": "#1"},
				"west": {"uv": [8.5, 12, 9.5, 13], "texture": "#1"},
				"up": {"uv": [13, 10, 12, 9], "texture": "#1"},
				"down": {"uv": [10.5, 12, 9.5, 13], "texture": "#1"}
			}
		},
		{
			"from": [6, 6.5, 9],
			"to": [8, 8.5, 11],
			"rotation": {"angle": -45, "axis": "y", "origin": [6, 6.5, 9]},
			"faces": {
				"north": {"uv": [10.5, 12, 11.5, 13], "texture": "#1"},
				"east": {"uv": [11.5, 12, 12.5, 13], "texture": "#1"},
				"south": {"uv": [12.5, 0, 13.5, 1], "texture": "#1"},
				"west": {"uv": [0.5, 12.5, 1.5, 13.5], "texture": "#1"},
				"up": {"uv": [13.5, 2, 12.5, 1], "texture": "#1"},
				"down": {"uv": [2.5, 12.5, 1.5, 13.5], "texture": "#1"}
			}
		},
		{
			"from": [8.5, 7.25, 9],
			"to": [10.5, 9.25, 11],
			"rotation": {"angle": -22.5, "axis": "y", "origin": [8.5, 7.25, 9]},
			"faces": {
				"north": {"uv": [2.5, 12.5, 3.5, 13.5], "texture": "#1"},
				"east": {"uv": [3.5, 12.5, 4.5, 13.5], "texture": "#1"},
				"south": {"uv": [12.5, 10, 13.5, 11], "texture": "#1"},
				"west": {"uv": [12.5, 11, 13.5, 12], "texture": "#1"},
				"up": {"uv": [13.5, 13, 12.5, 12], "texture": "#1"},
				"down": {"uv": [14, 2, 13, 3], "texture": "#1"}
			}
		},
		{
			"from": [5, 6.5, 6.5],
			"to": [7, 8.5, 8.5],
			"rotation": {"angle": -22.5, "axis": "y", "origin": [5, 6.5, 6.5]},
			"faces": {
				"north": {"uv": [13, 3, 14, 4], "texture": "#1"},
				"east": {"uv": [13, 4, 14, 5], "texture": "#1"},
				"south": {"uv": [4.5, 13, 5.5, 14], "texture": "#1"},
				"west": {"uv": [13, 5, 14, 6], "texture": "#1"},
				"up": {"uv": [6.5, 14, 5.5, 13], "texture": "#1"},
				"down": {"uv": [14, 6, 13, 7], "texture": "#1"}
			}
		},
		{
			"from": [8, 8, 5.5],
			"to": [10, 10, 7.5],
			"rotation": {"angle": -45, "axis": "z", "origin": [8, 8, 5.5]},
			"faces": {
				"north": {"uv": [6.5, 13, 7.5, 14], "texture": "#1"},
				"east": {"uv": [13, 7, 14, 8], "texture": "#1"},
				"south": {"uv": [7.5, 13, 8.5, 14], "texture": "#1"},
				"west": {"uv": [13, 8, 14, 9], "texture": "#1"},
				"up": {"uv": [9.5, 14, 8.5, 13], "texture": "#1"},
				"down": {"uv": [14, 9, 13, 10], "texture": "#1"}
			}
		},
		{
			"from": [6, 7, 8],
			"to": [8, 9, 10],
			"rotation": {"angle": -22.5, "axis": "y", "origin": [6, 7, 8]},
			"faces": {
				"north": {"uv": [9.5, 13, 10.5, 14], "texture": "#1"},
				"east": {"uv": [10.5, 13, 11.5, 14], "texture": "#1"},
				"south": {"uv": [11.5, 13, 12.5, 14], "texture": "#1"},
				"west": {"uv": [12.5, 13, 13.5, 14], "texture": "#1"},
				"up": {"uv": [1, 14.5, 0, 13.5], "texture": "#1"},
				"down": {"uv": [14.5, 0, 13.5, 1], "texture": "#1"}
			}
		},
		{
			"from": [4, 7.25, 7.75],
			"to": [6, 9.25, 9.75],
			"rotation": {"angle": -22.5, "axis": "z", "origin": [4, 7.25, 7.75]},
			"faces": {
				"north": {"uv": [1, 13.5, 2, 14.5], "texture": "#1"},
				"east": {"uv": [13.5, 1, 14.5, 2], "texture": "#1"},
				"south": {"uv": [2, 13.5, 3, 14.5], "texture": "#1"},
				"west": {"uv": [3, 13.5, 4, 14.5], "texture": "#1"},
				"up": {"uv": [14.5, 11, 13.5, 10], "texture": "#1"},
				"down": {"uv": [14.5, 11, 13.5, 12], "texture": "#1"}
			}
		},
		{
			"from": [7, 6, 10],
			"to": [9, 8, 12],
			"rotation": {"angle": 22.5, "axis": "z", "origin": [7, 6, 10]},
			"faces": {
				"north": {"uv": [13.5, 12, 14.5, 13], "texture": "#1"},
				"east": {"uv": [13.5, 13, 14.5, 14], "texture": "#1"},
				"south": {"uv": [14, 2, 15, 3], "texture": "#1"},
				"west": {"uv": [14, 3, 15, 4], "texture": "#1"},
				"up": {"uv": [5, 15, 4, 14], "texture": "#1"},
				"down": {"uv": [15, 4, 14, 5], "texture": "#1"}
			}
		},
		{
			"from": [6, 7.5, 6],
			"to": [8, 9.5, 8],
			"rotation": {"angle": 22.5, "axis": "y", "origin": [8, 7.5, 6]},
			"faces": {
				"north": {"uv": [5, 14, 6, 15], "texture": "#1"},
				"east": {"uv": [14, 5, 15, 6], "texture": "#1"},
				"south": {"uv": [6, 14, 7, 15], "texture": "#1"},
				"west": {"uv": [14, 6, 15, 7], "texture": "#1"},
				"up": {"uv": [8, 15, 7, 14], "texture": "#1"},
				"down": {"uv": [15, 7, 14, 8], "texture": "#1"}
			}
		},
		{
			"from": [8, 6.5, 9],
			"to": [10, 8.5, 11],
			"rotation": {"angle": -45, "axis": "x", "origin": [8, 6.5, 9]},
			"faces": {
				"north": {"uv": [8, 14, 9, 15], "texture": "#1"},
				"east": {"uv": [14, 8, 15, 9], "texture": "#1"},
				"south": {"uv": [9, 14, 10, 15], "texture": "#1"},
				"west": {"uv": [14, 9, 15, 10], "texture": "#1"},
				"up": {"uv": [11, 15, 10, 14], "texture": "#1"},
				"down": {"uv": [12, 14, 11, 15], "texture": "#1"}
			}
		}
	],
	"display": {
		"thirdperson_righthand": {
			"translation": [0, 2.5, -3],
			"scale": [0.75, 0.75, 0.75]
		},
		"thirdperson_lefthand": {
			"translation": [0, 2.5, -3],
			"scale": [0.75, 0.75, 0.75]
		},
		"firstperson_righthand": {
			"translation": [1.75, 6.25, 0],
			"scale": [0.75, 0.75, 0.75]
		},
		"firstperson_lefthand": {
			"translation": [1.75, 6.25, 0],
			"scale": [0.75, 0.75, 0.75]
		},
		"ground": {
			"translation": [0, 3.5, 0],
			"scale": [0.5, 0.5, 0.5]
		},
		"gui": {
			"rotation": [0, 90, 0],
			"translation": [0, 1.75, 0]
		},
		"head": {
			"translation": [0, 12.5, 0],
			"scale": [0.75, 0.75, 0.75]
		},
		"fixed": {
			"rotation": [-90, 0, 0],
			"translation": [0, 0, -10],
			"scale": [1.25, 1.25, 1.25]
		}
	},
	"groups": [
		{
			"name": "group",
			"origin": [8, 8, 8],
			"color": 0,
			"children": [
				{
					"name": "group",
					"origin": [7, 0, 7],
					"color": 0,
					"children": [0, 1, 2]
				},
				{
					"name": "group",
					"origin": [8, 8, 8],
					"color": 0,
					"children": [3, 4, 5]
				},
				{
					"name": "group",
					"origin": [7, 0, 7],
					"color": 0,
					"children": [6, 7, 8]
				},
				{
					"name": "group",
					"origin": [8, 8, 8],
					"color": 0,
					"children": [9, 10, 11, 12, 13, 14, 15, 16, 17, 18, 19, 20, 21, 22, 23, 24]
				}
			]
		}
	]
}