{
	"credit": "Made with Blockbench",
	"texture_size": [64, 64],
	"textures": {
		"0": "custom:item/borden/tycho_bord",
		"particle": "custom:item/borden/tycho_bord"
	},
	"elements": [
		{
			"from": [18.25, 0, 12.75],
			"to": [29.25, 0, 13.75],
			"rotation": {"angle": 45, "axis": "y", "origin": [20.25, 0, 4.75]},
			"faces": {
				"north": {"uv": [0, 0, 2.75, 0], "texture": "#0"},
				"east": {"uv": [0, 0, 0.25, 0], "texture": "#0"},
				"south": {"uv": [0, 0, 2.75, 0], "texture": "#0"},
				"west": {"uv": [0, 0, 0.25, 0], "texture": "#0"},
				"up": {"uv": [4.75, 6.25, 2, 6], "texture": "#0"},
				"down": {"uv": [2, 6, 4.75, 6.25], "texture": "#0"}
			}
		},
		{
			"from": [4, 0, 8],
			"to": [12, 0, 16],
			"rotation": {"angle": 0, "axis": "y", "origin": [4, 0, 8]},
			"faces": {
				"north": {"uv": [0, 0, 2, 0], "texture": "#0"},
				"east": {"uv": [0, 0, 2, 0], "texture": "#0"},
				"south": {"uv": [0, 0, 2, 0], "texture": "#0"},
				"west": {"uv": [0, 0, 2, 0], "texture": "#0"},
				"up": {"uv": [2, 2, 0, 0], "texture": "#0"},
				"down": {"uv": [0, 0, 2, 2], "texture": "#0"}
			}
		},
		{
			"from": [12.5, 0, 7],
			"to": [21, 0, 8],
			"rotation": {"angle": 22.5, "axis": "y", "origin": [12.5, 0, 8]},
			"faces": {
				"north": {"uv": [0, 0, 2.25, 0], "texture": "#0"},
				"east": {"uv": [0, 0, 0.25, 0], "texture": "#0"},
				"south": {"uv": [0, 0, 2.25, 0], "texture": "#0"},
				"west": {"uv": [0, 0, 0.25, 0], "texture": "#0"},
				"up": {"uv": [8.25, 4, 6, 3.75], "texture": "#0"},
				"down": {"uv": [6, 3.75, 8.25, 4], "texture": "#0"}
			}
		},
		{
			"from": [3.5, 0, 7],
			"to": [12.5, 0, 8],
			"rotation": {"angle": 0, "axis": "y", "origin": [4, 0, 8]},
			"faces": {
				"north": {"uv": [0, 0, 2.25, 0], "texture": "#0"},
				"east": {"uv": [0, 0, 0.25, 0], "texture": "#0"},
				"south": {"uv": [0, 0, 2.25, 0], "texture": "#0"},
				"west": {"uv": [0, 0, 0.25, 0], "texture": "#0"},
				"up": {"uv": [8.25, 4.5, 6, 4.25], "texture": "#0"},
				"down": {"uv": [6, 4.25, 8.25, 4.5], "texture": "#0"}
			}
		},
		{
			"from": [12.5, 0, 8],
			"to": [20.5, 0, 16],
			"rotation": {"angle": 22.5, "axis": "y", "origin": [12.5, 0, 8]},
			"faces": {
				"north": {"uv": [0, 0, 2, 0], "texture": "#0"},
				"east": {"uv": [0, 0, 2, 0], "texture": "#0"},
				"south": {"uv": [0, 0, 2, 0], "texture": "#0"},
				"west": {"uv": [0, 0, 2, 0], "texture": "#0"},
				"up": {"uv": [4, 2, 2, 0], "texture": "#0"},
				"down": {"uv": [2, 0, 4, 2], "texture": "#0"}
			}
		},
		{
			"from": [10.75, 0, 16],
			"to": [22.5, 0, 17],
			"rotation": {"angle": 22.5, "axis": "y", "origin": [12.5, 0, 8]},
			"faces": {
				"north": {"uv": [0, 0, 3, 0], "texture": "#0"},
				"east": {"uv": [0, 0, 0.25, 0], "texture": "#0"},
				"south": {"uv": [0, 0, 3, 0], "texture": "#0"},
				"west": {"uv": [0, 0, 0.25, 0], "texture": "#0"},
				"up": {"uv": [9, 1.25, 6, 1], "texture": "#0"},
				"down": {"uv": [6, 1, 9, 1.25], "texture": "#0"}
			}
		},
		{
			"from": [20.25, 0, 4.75],
			"to": [28.25, 0, 12.75],
			"rotation": {"angle": 45, "axis": "y", "origin": [20.25, 0, 4.75]},
			"faces": {
				"north": {"uv": [0, 0, 2, 0], "texture": "#0"},
				"east": {"uv": [0, 0, 2, 0], "texture": "#0"},
				"south": {"uv": [0, 0, 2, 0], "texture": "#0"},
				"west": {"uv": [0, 0, 2, 0], "texture": "#0"},
				"up": {"uv": [2, 6, 0, 4], "texture": "#0"},
				"down": {"uv": [0, 4, 2, 6], "texture": "#0"}
			}
		},
		{
			"from": [-5, 0, 7],
			"to": [3.5, 0, 8],
			"rotation": {"angle": -22.5, "axis": "y", "origin": [3.5, 0, 8]},
			"faces": {
				"north": {"uv": [0, 0, 2.25, 0], "texture": "#0"},
				"east": {"uv": [0, 0, 0.25, 0], "texture": "#0"},
				"south": {"uv": [0, 0, 2.25, 0], "texture": "#0"},
				"west": {"uv": [0, 0, 0.25, 0], "texture": "#0"},
				"up": {"uv": [8.25, 3, 6, 2.75], "texture": "#0"},
				"down": {"uv": [6, 2.75, 8.25, 3], "texture": "#0"}
			}
		},
		{
			"from": [20.25, 0, 3.75],
			"to": [29.25, 0, 4.75],
			"rotation": {"angle": 45, "axis": "y", "origin": [20.25, 0, 4.75]},
			"faces": {
				"north": {"uv": [0, 0, 2.25, 0], "texture": "#0"},
				"east": {"uv": [0, 0, 0.25, 0], "texture": "#0"},
				"south": {"uv": [0, 0, 2.25, 0], "texture": "#0"},
				"west": {"uv": [0, 0, 0.25, 0], "texture": "#0"},
				"up": {"uv": [8.25, 3.5, 6, 3.25], "texture": "#0"},
				"down": {"uv": [6, 3.25, 8.25, 3.5], "texture": "#0"}
			}
		},
		{
			"from": [-13.25, 0, 3.75],
			"to": [-4.25, 0, 4.75],
			"rotation": {"angle": -45, "axis": "y", "origin": [-4.25, 0, 4.75]},
			"faces": {
				"north": {"uv": [0, 0, 2.25, 0], "texture": "#0"},
				"east": {"uv": [0, 0, 0.25, 0], "texture": "#0"},
				"south": {"uv": [0, 0, 2.25, 0], "texture": "#0"},
				"west": {"uv": [0, 0, 0.25, 0], "texture": "#0"},
				"up": {"uv": [8.25, 2.5, 6, 2.25], "texture": "#0"},
				"down": {"uv": [6, 2.25, 8.25, 2.5], "texture": "#0"}
			}
		},
		{
			"from": [-12.25, 0, 4.75],
			"to": [-4.25, 0, 12.75],
			"rotation": {"angle": -45, "axis": "y", "origin": [-4.25, 0, 4.75]},
			"faces": {
				"north": {"uv": [0, 0, 2, 0], "texture": "#0"},
				"east": {"uv": [0, 0, 2, 0], "texture": "#0"},
				"south": {"uv": [0, 0, 2, 0], "texture": "#0"},
				"west": {"uv": [0, 0, 2, 0], "texture": "#0"},
				"up": {"uv": [4, 6, 2, 4], "texture": "#0"},
				"down": {"uv": [2, 4, 4, 6], "texture": "#0"}
			}
		},
		{
			"from": [-6.5, 0, 16],
			"to": [5.25, 0, 17],
			"rotation": {"angle": -22.5, "axis": "y", "origin": [3.5, 0, 8]},
			"faces": {
				"north": {"uv": [0, 0, 3, 0], "texture": "#0"},
				"east": {"uv": [0, 0, 0.25, 0], "texture": "#0"},
				"south": {"uv": [0, 0, 3, 0], "texture": "#0"},
				"west": {"uv": [0, 0, 0.25, 0], "texture": "#0"},
				"up": {"uv": [9, 0.75, 6, 0.5], "texture": "#0"},
				"down": {"uv": [6, 0.5, 9, 0.75], "texture": "#0"}
			}
		},
		{
			"from": [1.75, 0, 16],
			"to": [14.25, 0, 17],
			"rotation": {"angle": 0, "axis": "y", "origin": [12, 0, 8]},
			"faces": {
				"north": {"uv": [0, 0, 3.25, 0], "texture": "#0"},
				"east": {"uv": [0, 0, 0.25, 0], "texture": "#0"},
				"south": {"uv": [0, 0, 3.25, 0], "texture": "#0"},
				"west": {"uv": [0, 0, 0.25, 0], "texture": "#0"},
				"up": {"uv": [9.25, 0.25, 6, 0], "texture": "#0"},
				"down": {"uv": [6, 0, 9.25, 0.25], "texture": "#0"}
			}
		},
		{
			"from": [-4.5, 0, 8],
			"to": [3.5, 0, 16],
			"rotation": {"angle": -22.5, "axis": "y", "origin": [3.5, 0, 8]},
			"faces": {
				"north": {"uv": [0, 0, 2, 0], "texture": "#0"},
				"east": {"uv": [0, 0, 2, 0], "texture": "#0"},
				"south": {"uv": [0, 0, 2, 0], "texture": "#0"},
				"west": {"uv": [0, 0, 2, 0], "texture": "#0"},
				"up": {"uv": [6, 6, 4, 4], "texture": "#0"},
				"down": {"uv": [4, 4, 6, 6], "texture": "#0"}
			}
		},
		{
			"from": [-13.25, 0, 12.75],
			"to": [-2.25, 0, 13.75],
			"rotation": {"angle": -45, "axis": "y", "origin": [-4.25, 0, 4.75]},
			"faces": {
				"north": {"uv": [0, 0, 2.75, 0], "texture": "#0"},
				"east": {"uv": [0, 0, 0.25, 0], "texture": "#0"},
				"south": {"uv": [0, 0, 2.75, 0], "texture": "#0"},
				"west": {"uv": [0, 0, 0.25, 0], "texture": "#0"},
				"up": {"uv": [8.75, 1.75, 6, 1.5], "texture": "#0"},
				"down": {"uv": [6, 1.5, 8.75, 1.75], "texture": "#0"}
			}
		}
	],
	"display": {
		"thirdperson_righthand": {
			"translation": [0, 2.75, 0],
			"scale": [0.3, 0.3, 0.3]
		},
		"thirdperson_lefthand": {
			"translation": [0, 2.75, 0],
			"scale": [0.3, 0.3, 0.3]
		},
		"firstperson_righthand": {
			"rotation": [-90, 0, -180],
			"translation": [4, 2.5, 2.25],
			"scale": [0.25, 0.25, 0.25]
		},
		"firstperson_lefthand": {
			"rotation": [-90, 0, -180],
			"translation": [4, 2.5, 2.25],
			"scale": [0.25, 0.25, 0.25]
		},
		"ground": {
			"scale": [0.3, 0.3, 0.3]
		},
		"gui": {
			"rotation": [-90, 0, 180],
			"scale": [0.3, 0.3, 0.3]
		},
		"head": {
			"translation": [0, 20, 0],
			"scale": [1.6, 1.6, 1.6]
		},
		"fixed": {
			"rotation": [-90, 0, 0],
			"translation": [0, 0.75, -13],
			"scale": [1.6, 1.6, 1.6]
		}
	},
	"groups": [
		{
			"name": "group",
			"origin": [8, 8, 8],
			"color": 0,
			"children": [0, 1, 2, 3, 4, 5, 6, 7, 8, 9, 10, 11, 12, 13, 14]
		}
	]
}