{
    "model": {
        "type": "range_dispatch",
        "property": "custom_model_data",
        "fallback": {
            "type": "minecraft:condition",
            "on_false": {
              "type": "minecraft:model",
              "model": "minecraft:item/bow"
            },
            "on_true": {
                "type": "minecraft:range_dispatch",
                "entries": [
                    {
                    "model": {
                        "type": "minecraft:model",
                        "model": "minecraft:item/bow_pulling_1"
                    },
                    "threshold": 0.65
                    },
                    {
                    "model": {
                        "type": "minecraft:model",
                        "model": "minecraft:item/bow_pulling_2"
                    },
                    "threshold": 0.9
                    }
                ],
                "fallback": {
                    "type": "minecraft:model",
                    "model": "minecraft:item/bow_pulling_0"
                },
                "property": "minecraft:use_duration",
                "scale": 0.05
            },
            "property": "minecraft:using_item"
        },
        "entries": [
            {"threshold": 1, "model": {"type": "model", "model": "custom:item/geweer/geweer1"}},
            {"threshold": 2, "model": {"type": "model", "model": "custom:item/geweer/geweer2"}},
            {"threshold": 3, "model": {"type": "model", "model": "custom:item/geweer/geweer3"}},
            {"threshold": 4, "model": {"type": "model", "model": "custom:item/geweer/geweer4"}},
            {"threshold": 5, "model": {"type": "model", "model": "custom:item/geweer/geweer5"}},
            {"threshold": 6, "model": {"type": "model", "model": "custom:item/geweer/geweer6"}}
        ]
    }
}