{
    "model": {
        "type": "range_dispatch",
        "property": "custom_model_data",
        "fallback": {
            "type": "minecraft:model",
            "model": "minecraft:block/carved_pumpkin"
        },
        "entries": [
            {"threshold": 1, "model": {"type": "model", "model": "custom:item/hoedjes/makikroon"}},
            {"threshold": 2, "model": {"type": "model", "model": "custom:item/hoedjes/helmen/helm1"}},
            {"threshold": 3, "model": {"type": "model", "model": "custom:item/hoedjes/helmen/helm2"}},
            {"threshold": 4, "model": {"type": "model", "model": "custom:item/hoedjes/helmen/bouwvakker"}},
            {"threshold": 5, "model": {"type": "model", "model": "custom:item/hoedjes/petten/groen"}},
            {"threshold": 6, "model": {"type": "model", "model": "custom:item/hoedjes/petten/geel"}},
            {"threshold": 7, "model": {"type": "model", "model": "custom:item/hoedjes/petten/oranje"}},
            {"threshold": 8, "model": {"type": "model", "model": "custom:item/hoedjes/petten/rood"}},
            {"threshold": 9, "model": {"type": "model", "model": "custom:item/hoedjes/petten/paars"}},
            {"threshold": 10, "model": {"type": "model", "model": "custom:item/hoedjes/petten/blauw"}},
            {"threshold": 11, "model": {"type": "model", "model": "custom:item/hoedjes/brillen/grote_bril"}},
            {"threshold": 12, "model": {"type": "model", "model": "custom:item/hoedjes/brillen/zonnebril"}},
            {"threshold": 13, "model": {"type": "model", "model": "custom:item/hoedjes/brillen/neusbril"}},
            {"threshold": 14, "model": {"type": "model", "model": "custom:item/hoedjes/pruiken/graaf_lang"}},
            {"threshold": 15, "model": {"type": "model", "model": "custom:item/hoedjes/pruiken/graaf_kort"}},
            {"threshold": 16, "model": {"type": "model", "model": "custom:item/hoedjes/pruiken/gepoederde"}},
            {"threshold": 17, "model": {"type": "model", "model": "custom:item/hoedjes/pruiken/graaf_lang_hoed"}},
            {"threshold": 18, "model": {"type": "model", "model": "custom:item/hoedjes/pruiken/graaf_kort_hoed"}},
            {"threshold": 19, "model": {"type": "model", "model": "custom:item/hoedjes/pruiken/gepoederde_hoed"}},
            {"threshold": 20, "model": {"type": "model", "model": "custom:item/hoedjes/piraten/standaard"}},
            {"threshold": 21, "model": {"type": "model", "model": "custom:item/hoedjes/piraten/driesteek"}},
            {"threshold": 22, "model": {"type": "model", "model": "custom:item/borden/tycho_bord"}},
            {"threshold": 23, "model": {"type": "model", "model": "custom:item/schilderijen/schilderij1"}},
            {"threshold": 24, "model": {"type": "model", "model": "custom:item/schilderijen/schilderij2"}},
            {"threshold": 25, "model": {"type": "model", "model": "custom:item/schilderijen/schilderij3"}},
            {"threshold": 26, "model": {"type": "model", "model": "custom:item/schilderijen/schilderij4"}},
            {"threshold": 27, "model": {"type": "model", "model": "custom:item/schilderijen/schilderij5"}},
            {"threshold": 28, "model": {"type": "model", "model": "custom:item/mario/toad_hoeden/rood"}},
            {"threshold": 29, "model": {"type": "model", "model": "custom:item/mario/toad_hoeden/blauw"}},
            {"threshold": 30, "model": {"type": "model", "model": "custom:item/mario/toad_hoeden/geel"}},
            {"threshold": 31, "model": {"type": "model", "model": "custom:item/mario/toad_hoeden/groen"}},
            {"threshold": 32, "model": {"type": "model", "model": "custom:item/mario/toad_hoeden/paars"}},
            {"threshold": 33, "model": {"type": "model", "model": "custom:item/schilderijen/schilderij6"}},
            {"threshold": 34, "model": {"type": "model", "model": "custom:item/schilderijen/schilderij7"}},
            {"threshold": 35, "model": {"type": "model", "model": "custom:item/schilderijen/schilderij8"}},
            {"threshold": 36, "model": {"type": "model", "model": "custom:item/mario/pet_mario"}},
            {"threshold": 37, "model": {"type": "model", "model": "custom:item/mario/pet_luigi"}},
            {"threshold": 38, "model": {"type": "model", "model": "custom:item/mario/power_ups/super_mushroom"}},
            {"threshold": 39, "model": {"type": "model", "model": "custom:item/mario/power_ups/1-up_mushroom"}},
            {"threshold": 40, "model": {"type": "model", "model": "custom:item/mario/power_ups/fire_flower"}},
            {"threshold": 41, "model": {"type": "model", "model": "custom:item/mario/power_ups/ice_flower"}},
            {"threshold": 42, "model": {"type": "model", "model": "custom:item/mario/power_ups/super_star"}},
            {"threshold": 43, "model": {"type": "model", "model": "custom:item/mario/power_ups/mini_mushroom"}},
            {"threshold": 44, "model": {"type": "model", "model": "custom:item/mario/power_ups/propeller_mushroom"}},
            {"threshold": 45, "model": {"type": "model", "model": "custom:item/mario/power_ups/super_acorn"}},
            {"threshold": 46, "model": {"type": "model", "model": "custom:item/mario/power_ups/super_leaf"}},
            {"threshold": 47, "model": {"type": "model", "model": "custom:item/mario/power_ups/super_bell"}},
            {"threshold": 48, "model": {"type": "model", "model": "custom:item/mario/power_ups/boomerang_flower"}},
            {"threshold": 49, "model": {"type": "model", "model": "custom:item/mario/power_ups/drill_mushroom"}},
            {"threshold": 50, "model": {"type": "model", "model": "custom:item/mario/power_ups/penguin_suit"}},
            {"threshold": 51, "model": {"type": "model", "model": "custom:item/mario/power_ups/mega_mushroom"}},
            {"threshold": 52, "model": {"type": "model", "model": "custom:item/ice"}},
            {"threshold": 53, "model": {"type": "model", "model": "custom:item/schilderijen/schilderij9"}},

            {"threshold": 54, "model": {"type": "model", "model": "custom:item/molens/molen"}},
            {"threshold": 55, "model": {"type": "model", "model": "custom:item/molens/windmolen"}},
            {"threshold": 56, "model": {"type": "model", "model": "custom:item/molens/wipmolens/rood"}}
        ]
    }
}