{
    "model": {
        "type": "range_dispatch",
        "property": "custom_model_data",
        "fallback": {
            "type": "minecraft:model",
            "model": "minecraft:item/potion",
            "tints": [
                {
                    "type": "minecraft:potion",
                    "default": -13083194
                }
            ]
        },
        "entries": [
            {"threshold": 1, "model": {"type": "model", "model": "custom:item/bierpullen/glas"}},
            {"threshold": 2, "model": {"type": "model", "model": "custom:item/bierpullen/hout"}}
        ]
    }
}