{
    "model": {
        "type": "range_dispatch",
        "property": "custom_model_data",
        "fallback": {
            "type": "minecraft:select",
            "cases": [
                {
                    "model": {
                        "type": "minecraft:model",
                        "model": "minecraft:item/turtle_helmet_quartz_trim"
                    },
                    "when": "minecraft:quartz"
                },
                {
                    "model": {
                        "type": "minecraft:model",
                        "model": "minecraft:item/turtle_helmet_iron_trim"
                    },
                    "when": "minecraft:iron"
                },
                {
                    "model": {
                        "type": "minecraft:model",
                        "model": "minecraft:item/turtle_helmet_netherite_trim"
                    },
                    "when": "minecraft:netherite"
                },
                {
                    "model": {
                        "type": "minecraft:model",
                        "model": "minecraft:item/turtle_helmet_redstone_trim"
                    },
                    "when": "minecraft:redstone"
                },
                {
                    "model": {
                        "type": "minecraft:model",
                        "model": "minecraft:item/turtle_helmet_copper_trim"
                    },
                    "when": "minecraft:copper"
                },
                {
                    "model": {
                        "type": "minecraft:model",
                        "model": "minecraft:item/turtle_helmet_gold_trim"
                    },
                    "when": "minecraft:gold"
                },
                {
                    "model": {
                        "type": "minecraft:model",
                        "model": "minecraft:item/turtle_helmet_emerald_trim"
                    },
                    "when": "minecraft:emerald"
                },
                {
                    "model": {
                        "type": "minecraft:model",
                        "model": "minecraft:item/turtle_helmet_diamond_trim"
                    },
                    "when": "minecraft:diamond"
                },
                {
                    "model": {
                        "type": "minecraft:model",
                        "model": "minecraft:item/turtle_helmet_lapis_trim"
                    },
                    "when": "minecraft:lapis"
                },
                {
                    "model": {
                        "type": "minecraft:model",
                        "model": "minecraft:item/turtle_helmet_amethyst_trim"
                    },
                    "when": "minecraft:amethyst"
                },
                {
                    "model": {
                        "type": "minecraft:model",
                        "model": "minecraft:item/turtle_helmet_resin_trim"
                    },
                    "when": "minecraft:resin"
                }
            ],
            "fallback": {
                "type": "minecraft:model",
                "model": "minecraft:item/turtle_helmet"
            },
            "property": "minecraft:trim_material"
        },
        "entries": [
            {"threshold": 1, "model": {"type": "model", "model": "custom:item/hoedjes/makikroon"}},
            {"threshold": 2, "model": {"type": "model", "model": "custom:item/hoedjes/helmen/helm1"}},
            {"threshold": 3, "model": {"type": "model", "model": "custom:item/hoedjes/helmen/helm2"}},
            {"threshold": 4, "model": {"type": "model", "model": "custom:item/hoedjes/helmen/bouwvakker"}},
            {"threshold": 5, "model": {"type": "model", "model": "custom:item/hoedjes/petten/groen"}},
            {"threshold": 6, "model": {"type": "model", "model": "custom:item/hoedjes/petten/geel"}},
            {"threshold": 7, "model": {"type": "model", "model": "custom:item/hoedjes/petten/oranje"}},
            {"threshold": 8, "model": {"type": "model", "model": "custom:item/hoedjes/petten/rood"}},
            {"threshold": 9, "model": {"type": "model", "model": "custom:item/hoedjes/petten/paars"}},
            {"threshold": 10, "model": {"type": "model", "model": "custom:item/hoedjes/petten/blauw"}},
            {"threshold": 11, "model": {"type": "model", "model": "custom:item/hoedjes/brillen/grote_bril"}},
            {"threshold": 12, "model": {"type": "model", "model": "custom:item/hoedjes/brillen/zonnebril"}},
            {"threshold": 13, "model": {"type": "model", "model": "custom:item/hoedjes/brillen/neusbril"}},
            {"threshold": 14, "model": {"type": "model", "model": "custom:item/hoedjes/pruiken/graaf_lang"}},
            {"threshold": 15, "model": {"type": "model", "model": "custom:item/hoedjes/pruiken/graaf_kort"}},
            {"threshold": 16, "model": {"type": "model", "model": "custom:item/hoedjes/pruiken/gepoederde"}},
            {"threshold": 17, "model": {"type": "model", "model": "custom:item/hoedjes/pruiken/graaf_lang_hoed"}},
            {"threshold": 18, "model": {"type": "model", "model": "custom:item/hoedjes/pruiken/graaf_kort_hoed"}},
            {"threshold": 19, "model": {"type": "model", "model": "custom:item/hoedjes/pruiken/gepoederde_hoed"}},
            {"threshold": 20, "model": {"type": "model", "model": "custom:item/hoedjes/piraten/standaard"}},
            {"threshold": 21, "model": {"type": "model", "model": "custom:item/hoedjes/piraten/driesteek"}},
            {"threshold": 28, "model": {"type": "model", "model": "custom:item/mario/toad_hoeden/rood"}},
            {"threshold": 29, "model": {"type": "model", "model": "custom:item/mario/toad_hoeden/blauw"}},
            {"threshold": 30, "model": {"type": "model", "model": "custom:item/mario/toad_hoeden/geel"}},
            {"threshold": 31, "model": {"type": "model", "model": "custom:item/mario/toad_hoeden/groen"}},
            {"threshold": 32, "model": {"type": "model", "model": "custom:item/mario/toad_hoeden/paars"}},
            {"threshold": 36, "model": {"type": "model", "model": "custom:item/mario/pet_mario"}},
            {"threshold": 37, "model": {"type": "model", "model": "custom:item/mario/pet_luigi"}}
        ]
    }
}